mse,psnr,ssim,cvar,jitter_factor,charge_injection_factor,clock_feedthrough_factor,gain_error_factor,f0_mhz,fs_mhz,ch_compression
5830.749455653941,10.473559804595032,0.8883106308823878,-0.019607092575811905,0.0,0.0,0.0,inf,2.5,50.0,10
5969.953081401913,10.371094428990634,0.8878159167506123,-0.009455336707060691,0.0,0.0,0.0,inf,2.5,50.0,10
5875.120046450864,10.440636158852367,0.8888046803146792,-0.006243722026506283,0.0,0.0,0.0,inf,2.5,50.0,10
5850.73069789197,10.45870252350616,0.8892007720659875,-0.0053906748776996445,0.0,0.0,0.0,inf,2.5,50.0,10
5952.498008096643,10.383811021203133,0.8894762726068657,-0.010060313379988523,0.0,0.0,0.0,inf,2.5,50.0,10
5860.679682585765,10.451323753482605,0.8891677809401438,-0.005820500163626477,0.0,0.0,0.0,inf,2.5,50.0,10
5911.119933549458,10.414105898204411,0.888734945565357,0.0036322615519099105,0.0,0.0,0.0,inf,2.5,50.0,10
5971.330817244883,10.370092287040313,0.8887459981167442,-0.009084023111388501,0.0,0.0,0.0,inf,2.5,50.0,10
5911.8533733326885,10.413567067839484,0.8885960418341587,0.003763347775471247,0.0,0.0,0.0,inf,2.5,50.0,10
5958.570926275383,10.379382476465222,0.8870584128233773,-0.007143699472473393,0.0,0.0,0.0,inf,2.5,50.0,10
5881.249157271657,10.436107823269365,0.8893241909296735,0.003907325495226846,0.0,0.0,0.0,inf,2.5,50.0,10
5853.436831664006,10.456694249133013,0.8894373292662343,-0.008763238087940085,0.0,0.0,0.0,inf,2.5,50.0,10
6051.510588538895,10.312165633428629,0.8830562122217865,0.018454449017691735,0.0,0.0,0.0,inf,2.5,50.0,10
5896.149578232609,10.425118683478114,0.8885693255468713,0.0027543639157706795,0.0,0.0,0.0,inf,2.5,50.0,10
5961.6828438251,10.377114926332904,0.8883075075064405,-0.0032863313629877605,0.0,0.0,0.0,inf,2.5,50.0,10
5950.659860324833,10.38515234163153,0.8890516164205476,0.008713099093438629,0.0,0.0,0.0,inf,2.5,50.0,10
5885.52045934743,10.432954871246059,0.888471303038505,-0.0019558744716118254,0.0,0.0,0.0,inf,2.5,50.0,10
6369.1130788213095,10.090014013413068,0.8809655167426552,0.019421403743859828,0.0,0.0,0.0,inf,2.5,50.0,10
5936.330172093998,10.395623129482237,0.8881901240052635,0.0027913649561298113,0.0,0.0,0.0,inf,2.5,50.0,10
5939.33863969936,10.393422729776503,0.8865067492717914,-0.00870987650616801,0.0,0.0,0.0,inf,2.5,50.0,10
6259.927823744778,10.165110349945529,0.8846278762215042,0.018214221981918556,0.0,0.0,0.0,inf,2.5,50.0,10
6270.218383574458,10.157976938602113,0.8879190072402492,0.019994517671081766,0.0,0.0,0.0,inf,2.5,50.0,10
6349.184093804939,10.103624412963867,0.8805900426203023,0.022759913038958413,0.0,0.0,0.0,inf,2.5,50.0,10
6163.929323720585,10.232227104604195,0.8837179386680819,0.022463970383949504,0.0,0.0,0.0,inf,2.5,50.0,10
5995.879792261415,10.352274435096913,0.8871692671793943,0.008352552029535765,0.0,0.0,0.0,inf,2.5,50.0,10
5896.485572813342,10.424871205979604,0.8887628327936417,0.001275348691305354,0.0,0.0,0.0,inf,2.5,50.0,10
6082.286317962614,10.290135005704112,0.8852525604700988,0.008580572359639828,0.0,0.0,0.0,inf,2.5,50.0,10
6274.606151513685,10.154938899327421,0.8831660649069083,0.012769613712248173,0.0,0.0,0.0,inf,2.5,50.0,10
6191.2306575700395,10.213033766831671,0.883818713167311,0.01512323687874742,0.0,0.0,0.0,inf,2.5,50.0,10
6085.067886001839,10.288149332152958,0.8874895857270166,0.014694411867705207,0.0,0.0,0.0,inf,2.5,50.0,10
5968.138933243013,10.372414362762068,0.8880304920461892,0.006208138308051287,0.0,0.0,0.0,inf,2.5,50.0,10
5894.089708230513,10.426636193280443,0.8888423599944345,0.0012872088451392934,0.0,0.0,0.0,inf,2.5,50.0,10
6075.196916178771,10.295200015236768,0.8868208818976149,0.009052607637141483,0.0,0.0,0.0,inf,2.5,50.0,10
6123.581313204626,10.260748717843665,0.8850532821720363,0.012448321067481028,0.0,0.0,0.0,inf,2.5,50.0,10
5890.18951307237,10.429510927094137,0.8899435833532261,0.010255026298935148,0.0,0.0,0.0,inf,2.5,50.0,10
5907.680876114901,10.416633335180434,0.8892414151047585,0.0027492240685008107,0.0,0.0,0.0,inf,2.5,50.0,10
5962.38405832164,10.376604138211153,0.8874808807163448,0.005065031011683923,0.0,0.0,0.0,inf,2.5,50.0,10
5922.156965210239,10.406004468012481,0.8876419754484325,0.026184291716484634,0.0,0.0,0.0,inf,2.5,50.0,10
5969.662634473638,10.371305724732915,0.8879142574651694,0.01574057612121907,0.0,0.0,0.0,inf,2.5,50.0,10
5803.0345317011015,10.494252059706868,0.8886131675884552,0.009354034316344248,0.0,0.0,0.0,inf,2.5,50.0,10
5940.747939549362,10.392392348142511,0.8859592320891809,0.017804533608932162,0.0,0.0,0.0,inf,2.5,50.0,10
6007.869776293931,10.343598503288371,0.8873690697222324,0.007731947542884273,0.0,0.0,0.0,inf,2.5,50.0,10
5924.680198706473,10.404154478204442,0.8814775404786007,0.01598840238758155,0.0,0.0,0.0,inf,2.5,50.0,10
6105.448702440283,10.273627741868474,0.8826910490611604,0.018511657327065147,0.0,0.0,0.0,inf,2.5,50.0,10
6880.928791471105,9.754332973728014,0.8697134527244201,0.03568509935081598,0.0,0.0,0.0,inf,2.5,50.0,10
6222.9678392283995,10.19082804344589,0.8814320242428466,0.018792881778162546,0.0,0.0,0.0,inf,2.5,50.0,10
6367.244979919678,10.091288011908876,0.881831858663963,0.022884933779912568,0.0,0.0,0.0,inf,2.5,50.0,10
6322.406122481895,10.121979713751175,0.8838423483557047,0.01834377670256233,0.0,0.0,0.0,inf,2.5,50.0,10
6862.924388316317,9.765711467532675,0.8651918031674527,0.03749337397505533,0.0,0.0,0.0,inf,2.5,50.0,10
5845.14661053854,10.462849520681964,0.8848378567082598,0.020684009168107965,0.0,0.0,0.0,inf,2.5,50.0,10
6876.807841809003,9.756934718185963,0.8688235431782145,0.03628095862056155,0.0,0.0,0.0,inf,2.5,50.0,10
6122.632973661715,10.261421347966952,0.8856847360674948,0.014123395169285641,0.0,0.0,0.0,inf,2.5,50.0,10
6695.717585200238,9.872832333521997,0.8708747399287564,0.03231649323694025,0.0,0.0,0.0,inf,2.5,50.0,10
5973.810228867276,10.368289386936782,0.8872264119610456,0.005764280788381777,0.0,0.0,0.0,inf,2.5,50.0,10
6336.36249415332,10.112403462152495,0.8777487881736792,0.031252508669337,0.0,0.0,0.0,inf,2.5,50.0,10
6548.577877776165,9.969333642184585,0.8626025642183431,0.03315527254117362,0.0,0.0,0.0,inf,2.5,50.0,10
6014.791019499686,10.338598182452106,0.8886633546226191,0.016775896439338623,0.0,0.0,0.0,inf,2.5,50.0,10
6007.1655941033205,10.344107569521732,0.8887603741871762,0.0070192506795331774,0.0,0.0,0.0,inf,2.5,50.0,10
6217.707424073806,10.194500785257672,0.8826021915575002,0.033799695816618756,0.0,0.0,0.0,inf,2.5,50.0,10
6035.404267673102,10.323739952432597,0.8851551233780078,0.012904728144817707,0.0,0.0,0.0,inf,2.5,50.0,10
7429.246125062499,9.421356144473505,0.8630386600954376,0.04962163999668563,0.0,0.0,0.0,inf,2.5,50.0,10
6187.2271898840345,10.215842976196134,0.8841675110006068,0.029852804623367757,0.0,0.0,0.0,inf,2.5,50.0,10
6526.857211980452,9.983762491260146,0.8746903701717528,0.02690589881528683,0.0,0.0,0.0,inf,2.5,50.0,10
6109.729585006693,10.270583719573207,0.8851146144115782,0.01954600163811424,0.0,0.0,0.0,inf,2.5,50.0,10
6449.380106772472,10.035623871854733,0.8760087363331647,0.031369955020242084,0.0,0.0,0.0,inf,2.5,50.0,10
6236.201948355671,10.181601902657317,0.8776381046906291,0.02671333957803753,0.0,0.0,0.0,inf,2.5,50.0,10
6114.508556313608,10.267188038059956,0.8798798930491579,0.020462561530946576,0.0,0.0,0.0,inf,2.5,50.0,10
6449.5641683198655,10.035499928510745,0.8717518135862584,0.038960191365032815,0.0,0.0,0.0,inf,2.5,50.0,10
6768.296108127288,9.826010103474855,0.8751125807703266,0.025169789437466734,0.0,0.0,0.0,inf,2.5,50.0,10
6514.202803180594,9.992190857715071,0.8768467833003266,0.021831586185513986,0.0,0.0,0.0,inf,2.5,50.0,10
6793.810115965872,9.809669565059135,0.8692697197611238,0.03903906294244347,0.0,0.0,0.0,inf,2.5,50.0,10
6900.542894469444,9.741971010295899,0.8686972786677987,0.03047203293554474,0.0,0.0,0.0,inf,2.5,50.0,10
6585.4685408299865,9.944936814246095,0.8650203581359346,0.041210071331677776,0.0,0.0,0.0,inf,2.5,50.0,10
6081.307591813035,10.290833903365655,0.8815912419471705,0.026875622397580894,0.0,0.0,0.0,inf,2.5,50.0,10
7121.36020386768,9.605174075941461,0.848491483462963,0.0468427324929207,0.0,0.0,0.0,inf,2.5,50.0,10
6651.079353558814,9.90188231466007,0.8743641894897237,0.029971818691835597,0.0,0.0,0.0,inf,2.5,50.0,10
6152.762455444267,10.240102126060165,0.8762163771131346,0.029418933992109743,0.0,0.0,0.0,inf,2.5,50.0,10
7429.891840454186,9.420978692386692,0.8491652723678047,0.04429913062870791,0.0,0.0,0.0,inf,2.5,50.0,10
6590.943678327769,9.941327603938689,0.8755767027145236,0.02863298453477443,0.0,0.0,0.0,inf,2.5,50.0,10
7015.474847179884,9.670232889916822,0.8607795409817408,0.04056555185390792,0.0,0.0,0.0,inf,2.5,50.0,10
6273.719004532185,10.155552978153963,0.8807526656263533,0.039069468634981015,0.0,0.0,0.0,inf,2.5,50.0,10
6957.399412912695,9.706334246592068,0.860305746840567,0.044564459286713154,0.0,0.0,0.0,inf,2.5,50.0,10
6695.045208948242,9.873268468939731,0.8611726200689319,0.04804335477729422,0.0,0.0,0.0,inf,2.5,50.0,10
6939.129933388172,9.717753412512153,0.8715147283829476,0.04420862418185697,0.0,0.0,0.0,inf,2.5,50.0,10
6631.337607457945,9.914792220640805,0.8652467657394886,0.04574899119798214,0.0,0.0,0.0,inf,2.5,50.0,10
6302.430347897614,10.13572306153044,0.8787973775713721,0.035596911879192915,0.0,0.0,0.0,inf,2.5,50.0,10
6608.136320381929,9.930013673275305,0.8536709086083824,0.049974054268099616,0.0,0.0,0.0,inf,2.5,50.0,10
6578.886453444299,9.94927969997116,0.8741968131705145,0.03061347451729601,0.0,0.0,0.0,inf,2.5,50.0,10
6687.453944291221,9.878195567633444,0.8701307996183028,0.028559621406925837,0.0,0.0,0.0,inf,2.5,50.0,10
6679.07825680231,9.88363828872212,0.8691128788486865,0.037806066247339315,0.0,0.0,0.0,inf,2.5,50.0,10
7681.812228835019,9.276166736307168,0.8504754422866244,0.05130119756700443,0.0,0.0,0.0,inf,2.5,50.0,10
6402.97096821019,10.06698828179257,0.8724860987946094,0.04037192750549485,0.0,0.0,0.0,inf,2.5,50.0,10
7452.21412557862,9.407950358163815,0.8515176768868904,0.055557082781143685,0.0,0.0,0.0,inf,2.5,50.0,10
5968.606441831584,10.37207417556031,0.8799543991546311,0.0335449727200586,0.0,0.0,0.0,inf,2.5,50.0,10
6682.094788793729,9.881677288417514,0.8683674055839095,0.032509645385986864,0.0,0.0,0.0,inf,2.5,50.0,10
6596.902937049403,9.937402666940748,0.8721656628852557,0.03841506966440693,0.0,0.0,0.0,inf,2.5,50.0,10
6781.0176287479235,9.817854874453332,0.860423204627768,0.05346011269884488,0.0,0.0,0.0,inf,2.5,50.0,10
7551.205932162385,9.350640466080636,0.8571485003199487,0.04741709982142212,0.0,0.0,0.0,inf,2.5,50.0,10
7119.229335010726,9.606473775775678,0.8699926289180133,0.037207175061563895,0.0,0.0,0.0,inf,2.5,50.0,10
6065.7258270027905,10.301975847170011,0.8742723881324594,0.0359491371980758,0.0,0.0,0.0,inf,2.5,50.0,10
7803.24323801229,9.208052161745867,0.8511419246788215,0.03967196505417164,0.0,0.0,0.0,inf,2.5,50.0,10
7124.361494169449,9.603344131676705,0.8588122220729588,0.05245321286391355,0.0,0.0,0.0,inf,2.5,50.0,10
7185.677924549604,9.566126134495383,0.850594490080841,0.05522815808830824,0.0,0.0,0.0,inf,2.5,50.0,10
8711.881695456525,8.729683916591346,0.8254680546755734,0.06295610521708862,0.0,0.0,0.0,inf,2.5,50.0,10
6830.334672021419,9.786383771495897,0.8491426168118043,0.058325615480370394,0.0,0.0,0.0,inf,2.5,50.0,10
7700.333446234738,9.265708291078585,0.8164907348103597,0.07097598787395742,0.0,0.0,0.0,inf,2.5,50.0,10
6408.323623812519,10.063359251314523,0.8721977234796862,0.03942988501243272,0.0,0.0,0.0,inf,2.5,50.0,10
7654.893195271044,9.29141225275566,0.8434046161887649,0.057206302906905544,0.0,0.0,0.0,inf,2.5,50.0,10
7683.251270140804,9.275353244452479,0.841032725821031,0.05145717993808898,0.0,0.0,0.0,inf,2.5,50.0,10
7787.022112546571,9.217089529184783,0.8496315304185682,0.04859920235831022,0.0,0.0,0.0,inf,2.5,50.0,10
8084.551184658312,9.054244458940918,0.8361092075058866,0.05468830930608587,0.0,0.0,0.0,inf,2.5,50.0,10
7393.879856776503,9.442079714286201,0.8563768331511069,0.051233882285600135,0.0,0.0,0.0,inf,2.5,50.0,10
6730.635618780342,9.850242813847853,0.8733829608353126,0.04032368304048358,0.0,0.0,0.0,inf,2.5,50.0,10
7420.004435412332,9.426761959831522,0.8545533549477393,0.051735271886183355,0.0,0.0,0.0,inf,2.5,50.0,10
7475.569603716069,9.394360713863488,0.8476144090464925,0.062473809392347014,0.0,0.0,0.0,inf,2.5,50.0,10
7770.791035628457,9.22615130365296,0.8444483139613814,0.06596227537651142,0.0,0.0,0.0,inf,2.5,50.0,10
7173.398445186368,9.573554065499856,0.8421933441867097,0.06917181884147729,0.0,0.0,0.0,inf,2.5,50.0,10
7470.68155352333,9.39720136370849,0.8563384066787502,0.053965931593047654,0.0,0.0,0.0,inf,2.5,50.0,10
8666.357832938178,8.752437438291292,0.8300558841465774,0.0696132131407879,0.0,0.0,0.0,inf,2.5,50.0,10
7317.713036886502,9.48704986181967,0.8439014285142401,0.06320812937570341,0.0,0.0,0.0,inf,2.5,50.0,10
7139.4064127997935,9.594182558651234,0.8577553327141524,0.06040836775236348,0.0,0.0,0.0,inf,2.5,50.0,10
7526.244754116869,9.365020233610785,0.8356194301654041,0.0715917727936971,0.0,0.0,0.0,inf,2.5,50.0,10
8080.996048450831,9.056154664688922,0.8377666983671018,0.06728196723722096,0.0,0.0,0.0,inf,2.5,50.0,10
7267.688230834987,9.51684072189555,0.8579422552305758,0.03926904401421536,0.0,0.0,0.0,inf,2.5,50.0,10
7728.064918307769,9.250095992274996,0.8224752221446914,0.06773416062378355,0.0,0.0,0.0,inf,2.5,50.0,10
8322.791422718989,8.928113499424287,0.8153248145369829,0.07036058004974326,0.0,0.0,0.0,inf,2.5,50.0,10
7604.094030741439,9.320328822405695,0.8443875921529641,0.050007811533668636,0.0,0.0,0.0,inf,2.5,50.0,10
9051.994596861341,8.563360748156661,0.8088011309310377,0.07573610661202891,0.0,0.0,0.0,inf,2.5,50.0,10
7755.580168061805,9.234660694386845,0.8492566174809159,0.06995134917474084,0.0,0.0,0.0,inf,2.5,50.0,10
8016.806357961968,9.090789673147086,0.8287294697201936,0.07082098490759293,0.0,0.0,0.0,inf,2.5,50.0,10
8856.176384251867,8.658341032745197,0.7936969669019059,0.0871742113064843,0.0,0.0,0.0,inf,2.5,50.0,10
7432.439976774568,9.419489502712377,0.8338256731762178,0.07585405907508289,0.0,0.0,0.0,inf,2.5,50.0,10
7771.790680795471,9.225592657234477,0.8345066326157472,0.07195695451314979,0.0,0.0,0.0,inf,2.5,50.0,10
7773.254076547152,9.224774975829765,0.8439978638816102,0.0521257684424011,0.0,0.0,0.0,inf,2.5,50.0,10
7439.887872776246,9.415139705641685,0.8325060330830563,0.06858677785024857,0.0,0.0,0.0,inf,2.5,50.0,10
6299.066127965678,10.138041932451616,0.876347448365479,0.04195948972338241,0.0,0.0,0.0,inf,2.5,50.0,10
8375.281624489928,8.900809414688093,0.8432023546521955,0.055061933782636116,0.0,0.0,0.0,inf,2.5,50.0,10
8826.376413283657,8.67297916260457,0.8126492966713786,0.07677614659360842,0.0,0.0,0.0,inf,2.5,50.0,10
7141.678230996275,9.592800817502644,0.8448158761963974,0.06857687179206104,0.0,0.0,0.0,inf,2.5,50.0,10
8481.16985209916,8.846245999708678,0.8364250233261538,0.06370289669346085,0.0,0.0,0.0,inf,2.5,50.0,10
7444.066789245335,9.412700998387114,0.8269913048443354,0.07548432943645714,0.0,0.0,0.0,inf,2.5,50.0,10
8789.746987951807,8.691039867404227,0.7976934589633239,0.08844965668699298,0.0,0.0,0.0,inf,2.5,50.0,10
8730.587409880485,8.720368960526702,0.7787457142081005,0.08968825861188992,0.0,0.0,0.0,inf,2.5,50.0,10
8007.715811035306,9.095717089702294,0.8249661638257484,0.06325330489073298,0.0,0.0,0.0,inf,2.5,50.0,10
7551.1997064563475,9.350644046688707,0.8401048314382432,0.07456531216287354,0.0,0.0,0.0,inf,2.5,50.0,10
7144.396574248803,9.591148073127671,0.8350364665346419,0.07643463496707226,0.0,0.0,0.0,inf,2.5,50.0,10
7308.822406090224,9.492329515892292,0.8578120010600667,0.05834254462857162,0.0,0.0,0.0,inf,2.5,50.0,10
8303.616280382574,8.938130891451834,0.8131870717227689,0.0820178106492395,0.0,0.0,0.0,inf,2.5,50.0,10
7254.181109982097,9.524919667665921,0.8481182244000341,0.060237948706044625,0.0,0.0,0.0,inf,2.5,50.0,10
6997.794874276221,9.681191529690352,0.8527631983997813,0.06299265088766555,0.0,0.0,0.0,inf,2.5,50.0,10
8689.59026467315,8.740810619781294,0.7993051941338962,0.08561917810086335,0.0,0.0,0.0,inf,2.5,50.0,10
7500.784761536104,9.379736575061727,0.8317498155982569,0.07183334407720739,0.0,0.0,0.0,inf,2.5,50.0,10
7820.032402703182,9.198718082829938,0.826987856973597,0.08128626359203317,0.0,0.0,0.0,inf,2.5,50.0,10
8751.85795390397,8.709801005915693,0.8073835888683344,0.08782295019728777,0.0,0.0,0.0,inf,2.5,50.0,10
8543.17494879115,8.814610608473753,0.8141417050803131,0.0818865355295434,0.0,0.0,0.0,inf,2.5,50.0,10
9705.90527572136,8.260443123424102,0.7933455403320583,0.0882768559789552,0.0,0.0,0.0,inf,2.5,50.0,10
8227.207545039597,8.97827907620483,0.8327219881835225,0.07832445159487016,0.0,0.0,0.0,inf,2.5,50.0,10
8312.635263947355,8.933416356204502,0.819212297128514,0.0837108957635334,0.0,0.0,0.0,inf,2.5,50.0,10
8060.39320333543,9.067241327261437,0.8318839572165001,0.07982029334696807,0.0,0.0,0.0,inf,2.5,50.0,10
8046.3836712311095,9.074796239170453,0.82196349139551,0.07812736890617024,0.0,0.0,0.0,inf,2.5,50.0,10
8764.504669279528,8.703529841320268,0.8135933433801071,0.08174096788880401,0.0,0.0,0.0,inf,2.5,50.0,10
8143.167997290367,9.02286966288315,0.8033044571295067,0.0946304080492886,0.0,0.0,0.0,inf,2.5,50.0,10
9129.743262205448,8.526217959705445,0.7955154308234146,0.09517239495247608,0.0,0.0,0.0,inf,2.5,50.0,10
8808.3858163578,8.681840319426389,0.7908366970504611,0.09409368008784931,0.0,0.0,0.0,inf,2.5,50.0,10
7625.306543442848,9.30823053511423,0.8278416727074462,0.08234886914355057,0.0,0.0,0.0,inf,2.5,50.0,10
9282.831502717698,8.453998934377642,0.7849036222785336,0.10632954097122879,0.0,0.0,0.0,inf,2.5,50.0,10
8922.016886824405,8.626173199663793,0.8090191836351452,0.09256864095701954,0.0,0.0,0.0,inf,2.5,50.0,10
9675.606280543861,8.27402173115453,0.7766080840260421,0.0859191934928968,0.0,0.0,0.0,inf,2.5,50.0,10
9602.740504185416,8.306851678286554,0.7957022277212327,0.09720909205558453,0.0,0.0,0.0,inf,2.5,50.0,10
9389.795438783245,8.404242298132319,0.7976107088670372,0.09573445234994915,0.0,0.0,0.0,inf,2.5,50.0,10
7860.394187190529,9.176360350538122,0.8179688198927765,0.1032389431949877,0.0,0.0,0.0,inf,2.5,50.0,10
9302.126094740408,8.44498138584394,0.7805103451724759,0.09971776884060164,0.0,0.0,0.0,inf,2.5,50.0,10
9638.315575555232,8.29079219097931,0.774255820951933,0.09410776251726868,0.0,0.0,0.0,inf,2.5,50.0,10
7894.2417219077115,9.15769940495336,0.8176372749979718,0.10141225769644835,0.0,0.0,0.0,inf,2.5,50.0,10
9038.013580426123,8.570073713058214,0.8077328985044943,0.08500503194559458,0.0,0.0,0.0,inf,2.5,50.0,10
8555.29680166449,8.808452801188821,0.7853727374602655,0.09814584826967726,0.0,0.0,0.0,inf,2.5,50.0,10
8001.18022289963,9.09926308065006,0.8355217827343666,0.07494373596438589,0.0,0.0,0.0,inf,2.5,50.0,10
8891.63705424106,8.640986338492043,0.809528572110269,0.07677905691973105,0.0,0.0,0.0,inf,2.5,50.0,10
7858.668166642474,9.177314098523608,0.8112209464588367,0.08824517854600993,0.0,0.0,0.0,inf,2.5,50.0,10
8069.297898420993,9.062446120326374,0.8090189993440753,0.08732213028012822,0.0,0.0,0.0,inf,2.5,50.0,10
7958.574700408058,9.122450638805935,0.8215173581338193,0.08509693631592893,0.0,0.0,0.0,inf,2.5,50.0,10
8819.478218093256,8.676374689000404,0.8100363629197692,0.09301880715853467,0.0,0.0,0.0,inf,2.5,50.0,10
8207.285495395236,8.988808199853954,0.7946503614768344,0.0998387403258785,0.0,0.0,0.0,inf,2.5,50.0,10
8237.224125417331,8.972994780689072,0.7911724058075685,0.10119577562247986,0.0,0.0,0.0,inf,2.5,50.0,10
7782.778374542346,9.219456973835145,0.8218509495542593,0.09029381242694681,0.0,0.0,0.0,inf,2.5,50.0,10
8558.203545104112,8.806977495000492,0.7878510616273652,0.10718952726985231,0.0,0.0,0.0,inf,2.5,50.0,10
9760.550797567781,8.23606034841093,0.7498339850835483,0.10925501182932347,0.0,0.0,0.0,inf,2.5,50.0,10
8782.273124627021,8.694734215322551,0.7776269496211227,0.10691212923360491,0.0,0.0,0.0,inf,2.5,50.0,10
9382.701649973387,8.407524539666817,0.7764947110137674,0.09522508747545375,0.0,0.0,0.0,inf,2.5,50.0,10
8626.429880163223,8.772492643578936,0.810450172202062,0.08901986966981082,0.0,0.0,0.0,inf,2.5,50.0,10
9403.232399477427,8.398031911038036,0.7530115040064235,0.10930162009141225,0.0,0.0,0.0,inf,2.5,50.0,10
7917.499604845083,9.14492310499187,0.8136514155658884,0.09697387722774005,0.0,0.0,0.0,inf,2.5,50.0,10
9083.720294833955,8.548166078741943,0.8027496685557631,0.10764498008087571,0.0,0.0,0.0,inf,2.5,50.0,10
8803.216899727424,8.684389584329343,0.801686828003591,0.10382962470010129,0.0,0.0,0.0,inf,2.5,50.0,10
10058.42520281931,8.105503701343146,0.7649887270401262,0.0991193133433585,0.0,0.0,0.0,inf,2.5,50.0,10
9226.046821825454,8.480647065626224,0.8070102401240203,0.10534893564618837,0.0,0.0,0.0,inf,2.5,50.0,10
9219.309801454816,8.483819518142376,0.7939309754078538,0.08938634615956556,0.0,0.0,0.0,inf,2.5,50.0,10
9011.008790180804,8.58306947526528,0.7931987810423548,0.09880416786586128,0.0,0.0,0.0,inf,2.5,50.0,10
9231.31159174852,8.478169505688495,0.7845163710700632,0.10739362545382748,0.0,0.0,0.0,inf,2.5,50.0,10
9130.977468105353,8.52563089764958,0.7892717071731818,0.10943790082484327,0.0,0.0,0.0,inf,2.5,50.0,10
5895.319220657731,10.425730345552658,0.8889157684675454,0.0,0.0019655980556473446,0.0,0.0,inf,2.5,50.0,10
5913.198545184755,10.412578994858308,0.8890467206093591,0.0,0.015317411229716844,0.0,0.0,inf,2.5,50.0,10
5916.69344042838,10.410012929563477,0.8894291252929919,0.0,0.009303469016344157,0.0,0.0,inf,2.5,50.0,10
5911.983064789278,10.41347179540529,0.88867425897916,0.0,-0.0016249579077491892,0.0,0.0,inf,2.5,50.0,10
5910.080418057773,10.414869705313041,0.8881169598979095,0.0,-0.028697053986816465,0.0,0.0,inf,2.5,50.0,10
5933.595990387252,10.397623883374902,0.8878420651990868,0.0,-0.01558785578001496,0.0,0.0,inf,2.5,50.0,10
5904.640747729875,10.418868816152067,0.8888531822726099,0.0,-0.004137905110092426,0.0,0.0,inf,2.5,50.0,10
5877.594748471799,10.438807220659474,0.8895769385522082,0.0,-0.01080972541142511,0.0,0.0,inf,2.5,50.0,10
6039.043950904018,10.321121705433107,0.8877806989075873,0.0,-0.024906994361376528,0.0,0.0,inf,2.5,50.0,10
5938.454299124208,10.394069422701019,0.8886810496799178,0.0,0.013147049038156762,0.0,0.0,inf,2.5,50.0,10
5866.690198545185,10.446872057715206,0.8889714093615964,0.0,0.0032521759111066627,0.0,0.0,inf,2.5,50.0,10
6057.431025306043,10.307918832501988,0.887371242795901,0.0,0.015715817537570224,0.0,0.0,inf,2.5,50.0,10
5963.483766390865,10.375803194993365,0.8893572475321655,0.0,-0.020638094932296455,0.0,0.0,inf,2.5,50.0,10
6000.490992080773,10.348935727464195,0.887590383836246,0.0,-0.02270586437434015,0.0,0.0,inf,2.5,50.0,10
6139.167174722988,10.249709011199347,0.8862681827518939,0.0,0.023238467206770284,0.0,0.0,inf,2.5,50.0,10
5907.716052966887,10.416607475511395,0.8888397924522392,0.0,0.0024465135718856343,0.0,0.0,inf,2.5,50.0,10
5910.8845502491895,10.414278839550512,0.8887161990785732,0.0,0.0022808492042744656,0.0,0.0,inf,2.5,50.0,10
5898.676714891695,10.423257661542603,0.8888480393646541,0.0,-0.003042777030818803,0.0,0.0,inf,2.5,50.0,10
5898.485540555797,10.42339841735722,0.8887899835161822,0.0,-0.001612642303112613,0.0,0.0,inf,2.5,50.0,10
5982.416799729037,10.362036934771002,0.8889196578645657,0.0,-0.018334255475191154,0.0,0.0,inf,2.5,50.0,10
6116.811954645893,10.265552314106412,0.8874515156222261,0.0,0.019095714741494307,0.0,0.0,inf,2.5,50.0,10
6147.163239302592,10.24405614806263,0.8859010337187947,0.0,0.030181030818301438,0.0,0.0,inf,2.5,50.0,10
5950.279269689198,10.385430115362109,0.887625405051125,0.0,-0.009840383867077942,0.0,0.0,inf,2.5,50.0,10
6152.214948145997,10.240488602834235,0.8811950441028611,0.0,0.03898217417246552,0.0,0.0,inf,2.5,50.0,10
5893.733762358672,10.426898472959858,0.8888172215994431,0.0,-0.0007362229002565793,0.0,0.0,inf,2.5,50.0,10
6469.642634796213,10.0220006876527,0.878819646156558,0.0,0.05347683678995699,0.0,0.0,inf,2.5,50.0,10
5966.336333284947,10.373726291780038,0.886862416300849,0.0,0.018374764090301674,0.0,0.0,inf,2.5,50.0,10
6286.485072821406,10.146724722038662,0.8821296402773401,0.0,0.04127222754545528,0.0,0.0,inf,2.5,50.0,10
5899.893017854551,10.422362241709646,0.8878063825472398,0.0,0.019389722384502706,0.0,0.0,inf,2.5,50.0,10
6169.755181368042,10.228124294911321,0.8859639255938105,0.0,0.017627570878515395,0.0,0.0,inf,2.5,50.0,10
6619.3474943952515,9.922651801215999,0.8768037896214839,0.0,0.04615055521426427,0.0,0.0,inf,2.5,50.0,10
5934.802196738762,10.396741121007071,0.888327584319323,0.0,0.004384021388907779,0.0,0.0,inf,2.5,50.0,10
5911.042838018741,10.414162541247174,0.8877340652683412,0.0,0.007031808187294389,0.0,0.0,inf,2.5,50.0,10
6027.94437186497,10.32911125039443,0.88746636336894,0.0,0.03010730510006121,0.0,0.0,inf,2.5,50.0,10
5884.530346284738,10.433685540378592,0.8889128795749416,0.0,-0.004236316648779114,0.0,0.0,inf,2.5,50.0,10
6165.328414057838,10.231241453677457,0.8857946873153304,0.0,0.03387406143369745,0.0,0.0,inf,2.5,50.0,10
5867.633909130498,10.446173511643295,0.8879551971503534,0.0,0.021990642349953536,0.0,0.0,inf,2.5,50.0,10
6846.184658311962,9.7763175192577,0.8724817022299554,0.0,0.05112152667248197,0.0,0.0,inf,2.5,50.0,10
6469.466556991017,10.022118886854905,0.8801275372451054,0.0,0.03247154432393054,0.0,0.0,inf,2.5,50.0,10
6077.010967565039,10.293903407212392,0.8850361309500663,0.0,0.03243059460534795,0.0,0.0,inf,2.5,50.0,10
6699.491927549556,9.870384927086223,0.8617762540600686,0.0,0.07588539577407519,0.0,0.0,inf,2.5,50.0,10
6750.237818744859,9.837612870666385,0.8707521399634399,0.0,0.060569771631345554,0.0,0.0,inf,2.5,50.0,10
6683.6513765907,9.880665721258426,0.870744221120226,0.0,0.048083067540992765,0.0,0.0,inf,2.5,50.0,10
6987.532749471783,9.687565044984325,0.8713652320256926,0.0,0.06809117945927874,0.0,0.0,inf,2.5,50.0,10
6109.306140223544,10.270884724884793,0.883257177445226,0.0,0.03593533386935706,0.0,0.0,inf,2.5,50.0,10
6341.520975468137,10.108869275868123,0.8822731699030515,0.0,0.04131131587547252,0.0,0.0,inf,2.5,50.0,10
7196.549991129175,9.559560142843097,0.8665047338780926,0.0,0.06916433586277526,0.0,0.0,inf,2.5,50.0,10
6163.811261108692,10.23231028925675,0.8859136679584044,0.0,0.02269954994989356,0.0,0.0,inf,2.5,50.0,10
6253.724246383123,10.169416334516363,0.8814285394286266,0.0,0.045924421994504985,0.0,0.0,inf,2.5,50.0,10
6605.611957871647,9.931673030936414,0.8776248055981873,0.0,0.048691994273299816,0.0,0.0,inf,2.5,50.0,10
6232.844357349075,10.183940787678907,0.8821122372394102,0.0,0.03991403095886832,0.0,0.0,inf,2.5,50.0,10
6359.43846066999,10.096615917916832,0.8757661210172387,0.0,0.06259843702137624,0.0,0.0,inf,2.5,50.0,10
6231.2477379397105,10.185053428692273,0.8805798340294693,0.0,0.04142528085725783,0.0,0.0,inf,2.5,50.0,10
5885.783164787665,10.432761024367714,0.8884560845848603,0.0,0.011673340836976583,0.0,0.0,inf,2.5,50.0,10
7080.22114159449,9.630335383371328,0.8586982647265421,0.0,0.07430230148311365,0.0,0.0,inf,2.5,50.0,10
5796.6180868050515,10.499056732721929,0.8882477447635908,0.0,0.025672092832825347,0.0,0.0,inf,2.5,50.0,10
6306.846018612603,10.132681330271527,0.8797641825896328,0.0,0.04604975003040277,0.0,0.0,inf,2.5,50.0,10
6018.953952355607,10.335593400741658,0.8849136008284041,0.0,0.026324120037070887,0.0,0.0,inf,2.5,50.0,10
6309.177545523459,10.131076118806641,0.8802581635293812,0.0,0.03897518674813522,0.0,0.0,inf,2.5,50.0,10
6264.997241979968,10.161594767257933,0.8770654580980501,0.0,0.051952646126006405,0.0,0.0,inf,2.5,50.0,10
6763.343333172045,9.829189264342324,0.8680111372065452,0.0,0.05941818492216325,0.0,0.0,inf,2.5,50.0,10
7808.219512588506,9.205283467105769,0.8315386021318036,0.0,0.12003774679852505,0.0,0.0,inf,2.5,50.0,10
6553.419041628361,9.96612422173423,0.8757270448995623,0.0,0.05285847104464983,0.0,0.0,inf,2.5,50.0,10
7745.662537701005,9.240217891069339,0.8441694651965609,0.0,0.10841447454595948,0.0,0.0,inf,2.5,50.0,10
7175.469782745439,9.57230020984515,0.8539923785057785,0.0,0.0872777500474194,0.0,0.0,inf,2.5,50.0,10
6877.755762003839,9.756336114664379,0.8690942956689677,0.0,0.06804613374566253,0.0,0.0,inf,2.5,50.0,10
6636.458799051628,9.91143958348507,0.8822602687605577,0.0,0.052550947838776355,0.0,0.0,inf,2.5,50.0,10
7079.7130530152735,9.630647051580143,0.8654200062814417,0.0,0.07122263555965354,0.0,0.0,inf,2.5,50.0,10
6368.7883098659695,10.090235471188452,0.8794886754619684,0.0,0.043990954627609866,0.0,0.0,inf,2.5,50.0,10
6855.2146578281,9.77059302435209,0.8592095766288828,0.0,0.09173136063216221,0.0,0.0,inf,2.5,50.0,10
6512.181577716488,9.993538594810985,0.8760908310710094,0.0,0.06676868054271172,0.0,0.0,inf,2.5,50.0,10
6338.0037096175865,10.111278718220893,0.8783171473412393,0.0,0.05388698320650341,0.0,0.0,inf,2.5,50.0,10
7195.3549136304255,9.560281403256894,0.8642334387481104,0.0,0.06826232589188737,0.0,0.0,inf,2.5,50.0,10
6387.777406816019,10.077305868823395,0.8748529179122785,0.0,0.06303153551635388,0.0,0.0,inf,2.5,50.0,10
6690.362703827358,9.87630698107427,0.8783143058322511,0.0,0.049679573373487926,0.0,0.0,inf,2.5,50.0,10
7245.097401654812,9.530361324524536,0.8648588762808779,0.0,0.0697985143773493,0.0,0.0,inf,2.5,50.0,10
6512.143239625168,9.993564162388177,0.870534127956621,0.0,0.05505938228178987,0.0,0.0,inf,2.5,50.0,10
6181.418057773261,10.219922443519101,0.8859050849582645,0.0,0.03410679495105129,0.0,0.0,inf,2.5,50.0,10
6059.777535846196,10.306236800560535,0.8780295851540297,0.0,0.03997469230095718,0.0,0.0,inf,2.5,50.0,10
6552.496040386445,9.96673593689385,0.8768031298019251,0.0,0.048671485309145696,0.0,0.0,inf,2.5,50.0,10
7650.768406961178,9.293753050418532,0.845415555617717,0.0,0.10147711291614997,0.0,0.0,inf,2.5,50.0,10
7156.632183351881,9.583716637385727,0.8575182217542449,0.0,0.07944323079368694,0.0,0.0,inf,2.5,50.0,10
7833.149029854357,9.19143971561651,0.8239261427562088,0.0,0.13401883813359736,0.0,0.0,inf,2.5,50.0,10
7731.233980097095,9.24831543796107,0.8372796392583909,0.0,0.12199114495324159,0.0,0.0,inf,2.5,50.0,10
7458.296753278173,9.404407016405255,0.843305218076456,0.0,0.10311980047478031,0.0,0.0,inf,2.5,50.0,10
7361.648086321188,9.461053081242511,0.8545879303687276,0.0,0.0765701140425309,0.0,0.0,inf,2.5,50.0,10
6889.28370510153,9.749062912234585,0.857995946559309,0.0,0.0802755313282604,0.0,0.0,inf,2.5,50.0,10
7528.434363961872,9.363756924745214,0.8444282677062911,0.0,0.09851945451086888,0.0,0.0,inf,2.5,50.0,10
7145.126078611635,9.590704643732199,0.8674906925605255,0.0,0.06116884681345264,0.0,0.0,inf,2.5,50.0,10
7348.516007806325,9.468807162996445,0.8579918679647122,0.0,0.08018822551831505,0.0,0.0,inf,2.5,50.0,10
7426.449605651522,9.42299122503127,0.8441577010121508,0.0,0.10441615933846056,0.0,0.0,inf,2.5,50.0,10
7512.063886066354,9.373210881529724,0.8494392129802999,0.0,0.09628365332864133,0.0,0.0,inf,2.5,50.0,10
6289.250915307817,10.14481439225731,0.8825249163164759,0.0,0.03927515116619849,0.0,0.0,inf,2.5,50.0,10
8385.810986919565,8.895352915271607,0.8267467022050208,0.0,0.12205385599467836,0.0,0.0,inf,2.5,50.0,10
9040.356220060967,8.568948174103738,0.8124449506945899,0.0,0.14442434233877485,0.0,0.0,inf,2.5,50.0,10
7098.267302140288,9.619280111566015,0.8634167749664243,0.0,0.07792482245211602,0.0,0.0,inf,2.5,50.0,10
6654.296575861679,9.899782077992075,0.8722843775989706,0.0,0.055369863982022295,0.0,0.0,inf,2.5,50.0,10
7613.667408590184,9.3148645946506,0.8472253904551231,0.0,0.10076202631488426,0.0,0.0,inf,2.5,50.0,10
8356.527797938743,8.910544986724387,0.825511729047026,0.0,0.12367127420026539,0.0,0.0,inf,2.5,50.0,10
7495.193642038032,9.382975033257441,0.8456093647464339,0.0,0.10643597637721597,0.0,0.0,inf,2.5,50.0,10
8108.4358316801345,9.041432767168565,0.8269295359944745,0.0,0.13077665809825786,0.0,0.0,inf,2.5,50.0,10
7404.099740326769,9.436081003843185,0.8458692318489403,0.0,0.10667538957645142,0.0,0.0,inf,2.5,50.0,10
7744.829422106095,9.240685038926157,0.845852393747822,0.0,0.10540313254419709,0.0,0.0,inf,2.5,50.0,10
6916.226544733149,9.732111504828946,0.8652309004994218,0.0,0.07253258408074546,0.0,0.0,inf,2.5,50.0,10
8175.63445750875,9.005588954740219,0.8280380868018139,0.0,0.12637913224732444,0.0,0.0,inf,2.5,50.0,10
7097.424831857551,9.619795592166659,0.8517876524424298,0.0,0.08463851349277915,0.0,0.0,inf,2.5,50.0,10
8526.577555200722,8.82305614243237,0.8249824472642573,0.0,0.13569572297360857,0.0,0.0,inf,2.5,50.0,10
7918.759568394058,9.14423203873451,0.8445175675695983,0.0,0.10843882455859018,0.0,0.0,inf,2.5,50.0,10
7737.930710794987,9.244555243498489,0.8310512301280772,0.0,0.12182863584515574,0.0,0.0,inf,2.5,50.0,10
8211.025289914678,8.986829711113458,0.8288135632681687,0.0,0.1363336418839484,0.0,0.0,inf,2.5,50.0,10
8777.714520733536,8.696989087706951,0.8111754153182128,0.0,0.13116035519101024,0.0,0.0,inf,2.5,50.0,10
7717.077611651425,9.256274928400053,0.8333953252667466,0.0,0.13457393219255498,0.0,0.0,inf,2.5,50.0,10
7553.657328107611,9.349230817117945,0.854211717858521,0.0,0.087129220008104,0.0,0.0,inf,2.5,50.0,10
7693.842389638877,9.269370754413329,0.8318090501622231,0.0,0.1056021930276303,0.0,0.0,inf,2.5,50.0,10
8103.227222141579,9.044223437627615,0.841408167690028,0.0,0.11472256852962505,0.0,0.0,inf,2.5,50.0,10
7768.962565119918,9.227173320701942,0.8339296067546359,0.0,0.11140725161427582,0.0,0.0,inf,2.5,50.0,10
8010.302543507363,9.094314414760019,0.8320622135104763,0.0,0.1137665970746504,0.0,0.0,inf,2.5,50.0,10
8304.223383493814,8.937813376908569,0.830991841551891,0.0,0.12138499919501022,0.0,0.0,inf,2.5,50.0,10
7550.654263640909,9.35095776023078,0.8447416925958465,0.0,0.09236784347697488,0.0,0.0,inf,2.5,50.0,10
7065.254528152772,9.639525487978283,0.8629043960616354,0.0,0.08911788882868427,0.0,0.0,inf,2.5,50.0,10
9309.038580022903,8.441755306869375,0.7948355416323655,0.0,0.15833187388139444,0.0,0.0,inf,2.5,50.0,10
8445.077095530718,8.864767422467635,0.8261180416124407,0.0,0.13449143288896004,0.0,0.0,inf,2.5,50.0,10
8151.675214915888,9.018334930073904,0.8303394585848948,0.0,0.1350826524119497,0.0,0.0,inf,2.5,50.0,10
8536.929339849357,8.817786740861004,0.8142222129818898,0.0,0.16379542410208367,0.0,0.0,inf,2.5,50.0,10
8002.242496088773,9.098686529754547,0.8387491694922691,0.0,0.10849262847485328,0.0,0.0,inf,2.5,50.0,10
8181.190238867115,9.002638693519991,0.8328713069801137,0.0,0.11242508774415048,0.0,0.0,inf,2.5,50.0,10
8306.224609280496,8.936766901436284,0.8151553763115132,0.0,0.1489044785233529,0.0,0.0,inf,2.5,50.0,10
9566.142094482348,8.3234353331887,0.7754500585208024,0.0,0.17356522499808488,0.0,0.0,inf,2.5,50.0,10
7894.304575732649,9.157664826634594,0.8155133693356181,0.0,0.14410039615397766,0.0,0.0,inf,2.5,50.0,10
8423.399558071644,8.875929592325152,0.810439037774627,0.0,0.15193523190377745,0.0,0.0,inf,2.5,50.0,10
7679.83350268544,9.2772855615525,0.8242804053479819,0.0,0.12937312062303905,0.0,0.0,inf,2.5,50.0,10
8323.008419219044,8.928000269199885,0.8092676390306698,0.0,0.13454363850693674,0.0,0.0,inf,2.5,50.0,10
8214.657457137788,8.984909023575108,0.8273219388658979,0.0,0.11998762672258916,0.0,0.0,inf,2.5,50.0,10
7691.7939710649825,9.270527179624052,0.8332325383920258,0.0,0.12485477183981218,0.0,0.0,inf,2.5,50.0,10
9541.694150094354,8.33454869317309,0.7823665677071713,0.0,0.17318794135097515,0.0,0.0,inf,2.5,50.0,10
8793.850373381074,8.689012890051659,0.8007094758036434,0.0,0.1490310933979931,0.0,0.0,inf,2.5,50.0,10
8662.926194738795,8.754157464982505,0.8129197188909945,0.0,0.14727877693295535,0.0,0.0,inf,2.5,50.0,10
8291.96204899921,8.94423055138796,0.8306071042306771,0.0,0.1205990267577179,0.0,0.0,inf,2.5,50.0,10
8108.584667989226,9.041353049950784,0.8295583028453964,0.0,0.12388382304396924,0.0,0.0,inf,2.5,50.0,10
8478.472089159852,8.84762766044416,0.8239312224669402,0.0,0.12471290958076,0.0,0.0,inf,2.5,50.0,10
9340.197722617377,8.427242909619306,0.8044215036875706,0.0,0.1435159413385333,0.0,0.0,inf,2.5,50.0,10
8082.250528217287,9.055480525816215,0.8176064910484108,0.0,0.14860895291020387,0.0,0.0,inf,2.5,50.0,10
8926.601441912228,8.623942161962457,0.8037415392955818,0.0,0.13766125961237827,0.0,0.0,inf,2.5,50.0,10
8190.639618715827,8.99762543108433,0.8143838375319516,0.0,0.14734473253727393,0.0,0.0,inf,2.5,50.0,10
8198.349736294576,8.993539197706824,0.8152591944951192,0.0,0.13994164583116833,0.0,0.0,inf,2.5,50.0,10
8995.995483943807,8.590311321232994,0.7915839001990116,0.0,0.16449744561780608,0.0,0.0,inf,2.5,50.0,10
8959.250350800794,8.60808688497178,0.7943579632808591,0.0,0.17636416318485496,0.0,0.0,inf,2.5,50.0,10
8137.555394267834,9.025864029361513,0.8197796042225484,0.0,0.13675651166272645,0.0,0.0,inf,2.5,50.0,10
8999.613796551668,8.58856488053618,0.8056902917459818,0.0,0.14526971215230206,0.0,0.0,inf,2.5,50.0,10
8670.58553894292,8.750319337786514,0.8238706620116626,0.0,0.1363877829235709,0.0,0.0,inf,2.5,50.0,10
8405.34313962678,8.885249130978313,0.8108126117090351,0.0,0.14621339604586556,0.0,0.0,inf,2.5,50.0,10
10520.797245205722,7.910317098263711,0.7581674625948316,0.0,0.19075036856279784,0.0,0.0,inf,2.5,50.0,10
9019.083530910792,8.579179516729479,0.7934577911544216,0.0,0.15307662421269663,0.0,0.0,inf,2.5,50.0,10
8531.243867034402,8.820680043538381,0.8171516675825189,0.0,0.1506318236422428,0.0,0.0,inf,2.5,50.0,10
8449.533733326882,8.86247616726535,0.8012876107080261,0.0,0.17067586856693273,0.0,0.0,inf,2.5,50.0,10
10422.40981597071,7.951122149583475,0.7553522862409171,0.0,0.1828940023047777,0.0,0.0,inf,2.5,50.0,10
9082.454750729827,8.54877118005858,0.7877455905039924,0.0,0.16744496120947006,0.0,0.0,inf,2.5,50.0,10
9626.87579232593,8.29594992361713,0.7899707161354385,0.0,0.1482090274383867,0.0,0.0,inf,2.5,50.0,10
8416.507766003775,8.879484323803183,0.8190412094127274,0.0,0.13924134466532279,0.0,0.0,inf,2.5,50.0,10
8711.246560539346,8.730000548123712,0.7955802918220954,0.0,0.16659252466449825,0.0,0.0,inf,2.5,50.0,10
9669.163594135578,8.276914526754922,0.7607718011843108,0.0,0.20137744891746123,0.0,0.0,inf,2.5,50.0,10
9386.35105885389,8.405835676426278,0.7773832854619749,0.0,0.18460978357271107,0.0,0.0,inf,2.5,50.0,10
8932.23264140901,8.621203350528754,0.7927716156268394,0.0,0.17277382595417135,0.0,0.0,inf,2.5,50.0,10
9073.882050289512,8.552872312146743,0.7782224334584011,0.0,0.17509036829065783,0.0,0.0,inf,2.5,50.0,10
10736.895130723698,7.822016495735027,0.7343014398249221,0.0,0.20796207138703304,0.0,0.0,inf,2.5,50.0,10
9117.2417864228,8.532168885606996,0.7976887554251301,0.0,0.16774393522502698,0.0,0.0,inf,2.5,50.0,10
8346.917275527814,8.915542515429971,0.8063067122355426,0.0,0.1453196301542438,0.0,0.0,inf,2.5,50.0,10
9308.633538168739,8.441944275115368,0.7839009147812303,0.0,0.17945157212846286,0.0,0.0,inf,2.5,50.0,10
9533.674166545701,8.338200559546044,0.7817257763718007,0.0,0.18409022828061283,0.0,0.0,inf,2.5,50.0,10
8946.288946952469,8.614374399755498,0.7752963316950977,0.0,0.20561470894240136,0.0,0.0,inf,2.5,50.0,10
9171.53629780165,8.506382716783865,0.7841661535616701,0.0,0.1656821344140775,0.0,0.0,inf,2.5,50.0,10
9198.050773374624,8.493845583113911,0.7822221911324231,0.0,0.1647078892563223,0.0,0.0,inf,2.5,50.0,10
10200.932678505185,8.044404794383166,0.7754256647352588,0.0,0.17835565179334,0.0,0.0,inf,2.5,50.0,10
9907.43199303237,8.171192609519824,0.7665785950484628,0.0,0.1844199897370351,0.0,0.0,inf,2.5,50.0,10
9170.153465266689,8.50703757088752,0.790335825567026,0.0,0.15934176217887253,0.0,0.0,inf,2.5,50.0,10
8489.700101611264,8.841880117918928,0.8085464098506251,0.0,0.14489286049495942,0.0,0.0,inf,2.5,50.0,10
9335.271608522444,8.429534026571,0.7747869188006333,0.0,0.18713050610816848,0.0,0.0,inf,2.5,50.0,10
9126.492169481138,8.527764753567228,0.7984155839498227,0.0,0.16401526227563049,0.0,0.0,inf,2.5,50.0,10
8930.150642731569,8.622215758029649,0.7857196438831879,0.0,0.1714309423237538,0.0,0.0,inf,2.5,50.0,10
8462.29536620377,8.855921810834884,0.7987758770837157,0.0,0.16331844486724864,0.0,0.0,inf,2.5,50.0,10
10543.576974564927,7.900923878685099,0.7439343696062,0.0,0.20922062215048604,0.0,0.0,inf,2.5,50.0,10
9971.766906985371,8.143082426800941,0.7438024108434425,0.0,0.21838907965750592,0.0,0.0,inf,2.5,50.0,10
10466.447396009742,7.932810658296933,0.759028083297322,0.0,0.19948635721737157,0.0,0.0,inf,2.5,50.0,10
11249.864776374574,7.619330586185107,0.7338973277361549,0.0,0.22828202089558952,0.0,0.0,inf,2.5,50.0,10
9912.80164836051,8.168839446809454,0.7663315830772381,0.0,0.2030541792653699,0.0,0.0,inf,2.5,50.0,10
8889.004403154788,8.642272395410336,0.7905502284495186,0.0,0.17634529325776588,0.0,0.0,inf,2.5,50.0,10
9241.710520798051,8.473279999300814,0.7790361681481431,0.0,0.18522557972544712,0.0,0.0,inf,2.5,50.0,10
9702.714762665119,8.261870965511285,0.7513561802062814,0.0,0.2094701008670341,0.0,0.0,inf,2.5,50.0,10
9168.860050644344,8.507650169633623,0.8019507946679832,0.0,0.15931522504242113,0.0,0.0,inf,2.5,50.0,10
9471.35404267673,8.366682898660985,0.7685256042030584,0.0,0.20287434097520765,0.0,0.0,inf,2.5,50.0,10
9260.44189609845,8.464486497304534,0.7742159613126269,0.0,0.18863383308165907,0.0,0.0,inf,2.5,50.0,10
10706.607764390898,7.83428468240304,0.7395415886329932,0.0,0.2048694597177741,0.0,0.0,inf,2.5,50.0,10
9164.935823615748,8.50950932655014,0.7738096072228806,0.0,0.18041899984689883,0.0,0.0,inf,2.5,50.0,10
9677.74860082902,8.27306024629796,0.76035505888383,0.0,0.21061722173686706,0.0,0.0,inf,2.5,50.0,10
9487.450621764165,8.359308322807008,0.7544254183323194,0.0,0.1874000536545233,0.0,0.0,inf,2.5,50.0,10
10489.295156529734,7.9233405474434795,0.7365584770770557,0.0,0.23687055487138098,0.0,0.0,inf,2.5,50.0,10
9833.589700166127,8.20368277177259,0.7638581820030879,0.0,0.18177824269054538,0.0,0.0,inf,2.5,50.0,10
10068.778293898486,8.101035827081708,0.7369057273293486,0.0,0.2319195122290749,0.0,0.0,inf,2.5,50.0,10
10126.763648973403,8.076096868759162,0.750993640776012,0.0,0.2210424505476385,0.0,0.0,inf,2.5,50.0,10
9501.808970823051,8.352740659730408,0.7483096107317211,0.0,0.20889196912385924,0.0,0.0,inf,2.5,50.0,10
5870.223657682941,10.444257125253886,0.88918251516046,0.0,0.0,0.001854819886397837,0.0,inf,2.5,50.0,10
6345.853050757246,10.105903498296696,0.8820087973118688,0.0,0.0,-0.012443603386689775,0.0,inf,2.5,50.0,10
6492.814196545217,10.00647385928269,0.8730624827112667,0.0,0.0,0.01719091422947264,0.0,inf,2.5,50.0,10
8291.92875921356,8.944247987067415,0.8271828104015801,0.0,0.0,-0.03513014587413937,0.0,inf,2.5,50.0,10
6185.762681247076,10.216871067270848,0.8830422880336213,0.0,0.0,-0.009397546307878814,0.0,inf,2.5,50.0,10
5939.795067821487,10.393088994640923,0.8886799177422745,0.0,0.0,-0.0062763926125689665,0.0,inf,2.5,50.0,10
5904.287108272447,10.419128930646565,0.8887267115087998,0.0,0.0,0.0015748074944548964,0.0,inf,2.5,50.0,10
7602.997435525233,9.320955168677315,0.8412711575753741,0.0,0.0,0.02994625874275307,0.0,inf,2.5,50.0,10
7187.4682343833165,9.565044225667487,0.8631622009465003,0.0,0.0,-0.025030276307404977,0.0,inf,2.5,50.0,10
6127.261608683731,10.258139375651258,0.888110055237993,0.0,0.0,-0.009669545411798295,0.0,inf,2.5,50.0,10
7275.287140529991,9.512302221671094,0.848454360953893,0.0,0.0,-0.02670506789748073,0.0,inf,2.5,50.0,10
5898.712133675263,10.423231584276769,0.888911995400847,0.0,0.0,-0.001360863609610333,0.0,inf,2.5,50.0,10
5846.948291156595,10.461511077976278,0.8894322349328362,0.0,0.0,-0.002672040904788262,0.0,inf,2.5,50.0,10
5989.761310301446,10.356708446028694,0.8836834286403357,0.0,0.0,-0.008393812176285643,0.0,inf,2.5,50.0,10
9218.10241770294,8.484388318248914,0.7783201127099162,0.0,0.0,0.06130994082866319,0.0,inf,2.5,50.0,10
8584.082418025515,8.793864821148318,0.8235311270813754,0.0,0.0,-0.03586650978085875,0.0,inf,2.5,50.0,10
6593.210980468057,9.9398338762883,0.8695770695259806,0.0,0.0,-0.01916356461620625,0.0,inf,2.5,50.0,10
6014.49478234222,10.338812084033576,0.8858186938292516,0.0,0.0,0.008092215519025043,0.0,inf,2.5,50.0,10
7845.215915872324,9.184754601366041,0.837684074758905,0.0,0.0,-0.03858988253605602,0.0,inf,2.5,50.0,10
6634.990548539539,9.912400523140343,0.8750504609324199,0.0,0.0,-0.01476380623777914,0.0,inf,2.5,50.0,10
6698.7754874921375,9.870849384100268,0.8781248603478483,0.0,0.0,-0.01563038226759997,0.0,inf,2.5,50.0,10
8071.102820922243,9.061474808771658,0.8216153121566027,0.0,0.0,0.04366043806974759,0.0,inf,2.5,50.0,10
9795.10485314753,8.220712715428059,0.7824683711907837,0.0,0.0,0.041353765194866984,0.0,inf,2.5,50.0,10
6049.611151433041,10.313529003004266,0.8854971698468558,0.0,0.0,0.0077465649247554225,0.0,inf,2.5,50.0,10
8712.048289543716,8.729600868860036,0.8166210736035225,0.0,0.0,0.03736825346396317,0.0,inf,2.5,50.0,10
6137.989806616022,10.250541980060735,0.8880796486746446,0.0,0.0,0.007652134369973331,0.0,inf,2.5,50.0,10
5922.577022951243,10.405696434485925,0.8881106292292148,0.0,0.0,-0.00425404505106566,0.0,inf,2.5,50.0,10
6919.147707295044,9.730277590144581,0.8720445049739204,0.0,0.0,0.02328299295186819,0.0,inf,2.5,50.0,10
6011.406574087515,10.341042589329962,0.8873761109755088,0.0,0.0,0.004506979342862441,0.0,inf,2.5,50.0,10
7193.4687182464795,9.561420015102712,0.8535784392972534,0.0,0.0,0.025318225794416845,0.0,inf,2.5,50.0,10
7872.351720133546,9.169758716462455,0.8404954665363044,0.0,0.0,0.030344072397635424,0.0,inf,2.5,50.0,10
6787.60466766665,9.813638212191353,0.8722329880188784,0.0,0.0,0.01797084237928078,0.0,inf,2.5,50.0,10
6928.690537249399,9.724291964123001,0.866186091926736,0.0,0.0,0.02286746224878143,0.0,inf,2.5,50.0,10
7106.306898275834,9.614364015438156,0.8538946426443064,0.0,0.0,0.026481737171398165,0.0,inf,2.5,50.0,10
5893.411396590378,10.427136022718466,0.8882308494462813,0.0,0.0,0.001738059600186203,0.0,inf,2.5,50.0,10
7139.0957887776,9.594371517264541,0.844181765089108,0.0,0.0,0.029227792130147527,0.0,inf,2.5,50.0,10
6578.991016273931,9.949210675069498,0.872261092233501,0.0,0.0,0.019929259542138925,0.0,inf,2.5,50.0,10
6137.834244608958,10.25065204961042,0.8871370579230127,0.0,0.0,0.005743695182528749,0.0,inf,2.5,50.0,10
6025.024241544491,10.33121562243772,0.8873690450188605,0.0,0.0,-0.006295140277350779,0.0,inf,2.5,50.0,10
6788.953855582974,9.812775040765347,0.8626988522140548,0.0,0.0,0.023760256800550023,0.0,inf,2.5,50.0,10
8996.15446525056,8.590234571423277,0.7926534579222639,0.0,0.0,0.04566048685256401,0.0,inf,2.5,50.0,10
8054.608183738972,9.070359418456121,0.8284436522422822,0.0,0.0,0.04174923398947548,0.0,inf,2.5,50.0,10
6008.844341220303,10.342894070834426,0.8868310285860017,0.0,0.0,0.0049046557544067185,0.0,inf,2.5,50.0,10
5874.448766955372,10.4411324034136,0.8858012581358115,0.0,0.0,0.009365528458992953,0.0,inf,2.5,50.0,10
10316.712278834213,7.995390421278286,0.7335779041209443,0.0,0.0,0.053349854864738464,0.0,inf,2.5,50.0,10
8475.184126062482,8.849312187049708,0.7947974086251051,0.0,0.0,0.054584060091501255,0.0,inf,2.5,50.0,10
7796.570764987661,9.21176735782629,0.815528181536774,0.0,0.0,0.04860466403068357,0.0,inf,2.5,50.0,10
13161.422251254013,6.937775382695625,0.6464528002755029,0.0,0.0,0.09526641945514955,0.0,inf,2.5,50.0,10
9868.20033547846,8.18842403298117,0.770116426186601,0.0,0.0,0.062296243529985564,0.0,inf,2.5,50.0,10
8880.407493427525,8.646474662507304,0.8036470479975217,0.0,0.0,0.04428900276767516,0.0,inf,2.5,50.0,10
7500.211883679295,9.380068283278218,0.8420942945418373,0.0,0.0,0.03627079882280933,0.0,inf,2.5,50.0,10
5981.397751649167,10.362776777330502,0.8881187178593685,0.0,0.0,0.004983164686779153,0.0,inf,2.5,50.0,10
7014.84569603716,9.670622384752537,0.8681598094346507,0.0,0.0,0.014792454699483416,0.0,inf,2.5,50.0,10
8469.590409832099,8.852179525502972,0.79479777962104,0.0,0.0,0.04381736540755273,0.0,inf,2.5,50.0,10
7185.040644505733,9.566511316635486,0.8500254465473676,0.0,0.0,0.029576730763447245,0.0,inf,2.5,50.0,10
10337.737149400817,7.98654875405753,0.7625618179153532,0.0,0.0,0.04412610038683127,0.0,inf,2.5,50.0,10
9343.393574297188,8.425757177309062,0.7936332802178337,0.0,0.0,0.04524200432594861,0.0,inf,2.5,50.0,10
6092.955887808261,10.282523269664523,0.886874031931571,0.0,0.0,0.0067156193770967695,0.0,inf,2.5,50.0,10
7597.169545652489,9.324285422272595,0.8502251147317903,0.0,0.0,0.027461384951998093,0.0,inf,2.5,50.0,10
5922.931614006226,10.405436425493019,0.8884147606605012,0.0,0.0,0.0017746565807057468,0.0,inf,2.5,50.0,10
12349.05014435251,7.214468067484001,0.6815899266113289,0.0,0.0,0.08238210407409097,0.0,inf,2.5,50.0,10
13870.306849889517,6.709942918826065,0.6254280034680113,0.0,0.0,0.11202472084493878,0.0,inf,2.5,50.0,10
7689.452266898921,9.271849555184126,0.8412874018385716,0.0,0.0,0.03599063311977577,0.0,inf,2.5,50.0,10
8891.05112820761,8.641272531941102,0.7849633197591811,0.0,0.0,0.05866023589345593,0.0,inf,2.5,50.0,10
11568.677311656264,7.497966535225904,0.6879289503816203,0.0,0.0,0.07812496757961265,0.0,inf,2.5,50.0,10
9016.827518910985,8.58026598645649,0.787185093548859,0.0,0.0,0.057259231639448765,0.0,inf,2.5,50.0,10
12609.08999854841,7.123966163146354,0.6593694228525835,0.0,0.0,0.07598578778054312,0.0,inf,2.5,50.0,10
12033.76308446638,7.326789038304185,0.7169257325676803,0.0,0.0,0.07958328790740725,0.0,inf,2.5,50.0,10
10009.1992709795,8.12681025257193,0.7493065258093082,0.0,0.0,0.07079906503821379,0.0,inf,2.5,50.0,10
9604.254382993822,8.306167063938517,0.7490487937756845,0.0,0.0,0.06468099118889502,0.0,inf,2.5,50.0,10
12692.578942275124,7.095304876616353,0.6679712510503876,0.0,0.0,0.08668817257041293,0.0,inf,2.5,50.0,10
9677.552555603941,8.273148223600685,0.7678223947405131,0.0,0.0,0.05616584625240212,0.0,inf,2.5,50.0,10
8456.710649828228,8.858788896041524,0.8194204306215441,0.0,0.0,0.044218552562337726,0.0,inf,2.5,50.0,10
10548.171335946194,7.899031853616397,0.7439205559883806,0.0,0.0,0.06464798665863342,0.0,inf,2.5,50.0,10
12459.805470879503,7.175690989286355,0.6619882310660586,0.0,0.0,0.08600555357163113,0.0,inf,2.5,50.0,10
12316.6386509895,7.225881607106799,0.661558307619947,0.0,0.0,0.08764165104653088,0.0,inf,2.5,50.0,10
11688.69618231964,7.453142904591524,0.7121153372446415,0.0,0.0,0.07429336868412766,0.0,inf,2.5,50.0,10
11796.156626506025,7.4133983049309276,0.68781766303435,0.0,0.0,0.06907805643775398,0.0,inf,2.5,50.0,10
11613.011612715924,7.481355005456517,0.6625534517068747,0.0,0.0,0.10443329063690399,0.0,inf,2.5,50.0,10
9697.70524668957,8.264113808905904,0.7726320840174881,0.0,0.0,0.05380444710656054,0.0,inf,2.5,50.0,10
10681.285592167867,7.844568336451018,0.7185047099045092,0.0,0.0,0.07397166534547614,0.0,inf,2.5,50.0,10
11818.89201787068,7.405035960890967,0.6921209898837517,0.0,0.0,0.09109396863820031,0.0,inf,2.5,50.0,10
12796.289914678795,7.059962899029405,0.6391405462665283,0.0,0.0,0.09858641020520117,0.0,inf,2.5,50.0,10
11311.174593958161,7.59572654864892,0.7047455556915208,0.0,0.0,0.078088706895858,0.0,inf,2.5,50.0,10
12039.850986274414,7.324592490490309,0.6846893034552889,0.0,0.0,0.09896642692062932,0.0,inf,2.5,50.0,10
8714.706795051692,8.728275809460765,0.8146686722991002,0.0,0.0,0.0357893240225468,0.0,inf,2.5,50.0,10
13012.623570587572,6.987154941787513,0.5996251050488904,0.0,0.0,0.12498447332771893,0.0,inf,2.5,50.0,10
8398.536862308672,8.88876728136128,0.8182867000389673,0.0,0.0,0.03734799867313573,0.0,inf,2.5,50.0,10
10156.529314043322,8.063350345407844,0.75036066850232,0.0,0.0,0.060136808760121854,0.0,inf,2.5,50.0,10
10811.18959371623,7.792068773158874,0.7237472766853336,0.0,0.0,0.08064389114471496,0.0,inf,2.5,50.0,10
9666.732649473395,8.27800653288162,0.7472926941219994,0.0,0.0,0.07209281731273211,0.0,inf,2.5,50.0,10
12692.413122368995,7.095361614605507,0.6767160236463855,0.0,0.0,0.08340073380911583,0.0,inf,2.5,50.0,10
12117.253689456622,7.296761603994212,0.6486774940757325,0.0,0.0,0.090510330815862,0.0,inf,2.5,50.0,10
12127.462460282899,7.2931042189611075,0.6334222912278574,0.0,0.0,0.10831852646012098,0.0,inf,2.5,50.0,10
13332.935581684167,6.881545800538359,0.5769638569606834,0.0,0.0,0.12425720432226642,0.0,inf,2.5,50.0,10
13049.976935855873,6.974706167521835,0.5867997574698773,0.0,0.0,0.11522888269915757,0.0,inf,2.5,50.0,10
10103.04122514153,8.086282357501148,0.7527858778630847,0.0,0.0,0.07487258104153867,0.0,inf,2.5,50.0,10
12472.35183303495,7.171320074851967,0.6476337472979908,0.0,0.0,0.10164590175148525,0.0,inf,2.5,50.0,10
12753.840712246576,7.074393722580995,0.638656824745652,0.0,0.0,0.11079819736315079,0.0,inf,2.5,50.0,10
11923.379961613522,7.36680977057402,0.6440756048344203,0.0,0.0,0.08804358229752587,0.0,inf,2.5,50.0,10
12955.559410332091,7.006241906649315,0.627122055404919,0.0,0.0,0.11540019654272063,0.0,inf,2.5,50.0,10
12605.111062724794,7.125336843012188,0.6588207600828022,0.0,0.0,0.08055669365263994,0.0,inf,2.5,50.0,10
12053.488330833374,7.319676090945758,0.6533996218620504,0.0,0.0,0.10576606379690545,0.0,inf,2.5,50.0,10
11042.980242254158,7.699940657266351,0.6800894361189901,0.0,0.0,0.08903468175246965,0.0,inf,2.5,50.0,10
12179.792987209883,7.27440453956641,0.6638553135858003,0.0,0.0,0.09276150692782406,0.0,inf,2.5,50.0,10
10732.099466137643,7.823956717660209,0.7263832499505478,0.0,0.0,0.07054122598076776,0.0,inf,2.5,50.0,10
12407.276108449863,7.194039138506206,0.6444608257837543,0.0,0.0,0.09276326895757254,0.0,inf,2.5,50.0,10
12436.671763358656,7.183761885678034,0.6317662162168266,0.0,0.0,0.10968678904142995,0.0,inf,2.5,50.0,10
11415.670376284254,7.555789406901558,0.6419780923925374,0.0,0.0,0.1066902811849669,0.0,inf,2.5,50.0,10
13356.017854550733,6.874033699129749,0.545228218093805,0.0,0.0,0.14610412141084914,0.0,inf,2.5,50.0,10
11125.578845502492,7.667577450021047,0.6922599770998056,0.0,0.0,0.08508581272225005,0.0,inf,2.5,50.0,10
12638.459911936905,7.113862056318299,0.6306472651497643,0.0,0.0,0.09845866623909316,0.0,inf,2.5,50.0,10
12526.246108933727,7.152594206348375,0.6432101886562279,0.0,0.0,0.11465710172623202,0.0,inf,2.5,50.0,10
13542.806567636006,6.81371685401309,0.618539476751422,0.0,0.0,0.11021393328492567,0.0,inf,2.5,50.0,10
11750.456250705634,7.430256309991417,0.647487792391936,0.0,0.0,0.09866404730534634,0.0,inf,2.5,50.0,10
11309.334881695457,7.596432966766163,0.6735942259095989,0.0,0.0,0.09044234906099889,0.0,inf,2.5,50.0,10
13083.66348929856,6.963509952881042,0.5994890780707818,0.0,0.0,0.10327531113553834,0.0,inf,2.5,50.0,10
12430.258286156675,7.186002080036442,0.6285215954077984,0.0,0.0,0.10854698633222579,0.0,inf,2.5,50.0,10
13025.684666376348,6.982798005651109,0.6048452299306506,0.0,0.0,0.11535246346700119,0.0,inf,2.5,50.0,10
11771.250447573426,7.422577609271479,0.6738676707039771,0.0,0.0,0.11289525499386012,0.0,inf,2.5,50.0,10
13570.121723843164,6.804966175739575,0.5932327732747339,0.0,0.0,0.12184176646241592,0.0,inf,2.5,50.0,10
13306.406332155933,6.890195796867276,0.5784688874621062,0.0,0.0,0.14412629058367854,0.0,inf,2.5,50.0,10
14396.858050676601,6.548126382267856,0.5139302959148294,0.0,0.0,0.16652189410672666,0.0,inf,2.5,50.0,10
11797.285592167867,7.412982677950323,0.6463873567821046,0.0,0.0,0.11090048904089678,0.0,inf,2.5,50.0,10
13359.269431138207,6.872976520323249,0.5874861430652581,0.0,0.0,0.1515855416794194,0.0,inf,2.5,50.0,10
14610.701085466364,6.484093050811711,0.5719887856880668,0.0,0.0,0.1315579032017706,0.0,inf,2.5,50.0,10
13674.513733649457,6.771684691200338,0.5489652848105664,0.0,0.0,0.13438522316419763,0.0,inf,2.5,50.0,10
13528.823002854793,6.818203459110963,0.5426123147795816,0.0,0.0,0.13834379862770899,0.0,inf,2.5,50.0,10
12973.660908695021,7.000178182377173,0.5918234690047713,0.0,0.0,0.12724461497776596,0.0,inf,2.5,50.0,10
15022.73321398042,6.3633140611183165,0.5336548980052647,0.0,0.0,0.15291575243378933,0.0,inf,2.5,50.0,10
11072.257834551056,7.688441704225879,0.6777493528522728,0.0,0.0,0.10046160796717263,0.0,inf,2.5,50.0,10
13713.207980516443,6.759412981087035,0.5334221327271608,0.0,0.0,0.16734836472767498,0.0,inf,2.5,50.0,10
13519.00998370994,6.821354720991736,0.5986914498557404,0.0,0.0,0.10613679186414143,0.0,inf,2.5,50.0,10
14388.673553652361,6.550596013219558,0.561123683743647,0.0,0.0,0.13130004424362646,0.0,inf,2.5,50.0,10
14508.715488459864,6.514513964637829,0.5248796916032585,0.0,0.0,0.13753892518887686,0.0,inf,2.5,50.0,10
13075.588635667167,6.966191118587859,0.5838299497762193,0.0,0.0,0.12690822288820086,0.0,inf,2.5,50.0,10
10572.868244060579,7.888875406759838,0.6793663314395513,0.0,0.0,0.0930832856670901,0.0,inf,2.5,50.0,10
13496.739488072773,6.828514955850633,0.5856466732353351,0.0,0.0,0.12328967918452355,0.0,inf,2.5,50.0,10
13312.867437621973,6.888087533110518,0.5645655026733347,0.0,0.0,0.12182661063794069,0.0,inf,2.5,50.0,10
15685.244286382478,6.175890739577197,0.4888040390861551,0.0,0.0,0.15913853478770135,0.0,inf,2.5,50.0,10
15201.626247963743,6.311903102430316,0.4861139235430639,0.0,0.0,0.17224039745435835,0.0,inf,2.5,50.0,10
14196.024725407655,6.609136137751421,0.5874644043916426,0.0,0.0,0.13820162660694232,0.0,inf,2.5,50.0,10
14538.191787229238,6.505699671139938,0.5265907250120605,0.0,0.0,0.16799137634007244,0.0,inf,2.5,50.0,10
15768.80301930614,6.152816327793319,0.44260559726950643,0.0,0.0,0.18216631689840573,0.0,inf,2.5,50.0,10
15690.31684972823,6.174486470643295,0.49353895229341216,0.0,0.0,0.18680469480351672,0.0,inf,2.5,50.0,10
14520.460557087788,6.510999694191427,0.5185039055328995,0.0,0.0,0.16100550201285385,0.0,inf,2.5,50.0,10
15249.222254479766,6.29832666640919,0.5268997230253812,0.0,0.0,0.16540781334643653,0.0,inf,2.5,50.0,10
12165.568458573249,7.27947953918086,0.630342309411868,0.0,0.0,0.126994605704799,0.0,inf,2.5,50.0,10
14053.200077418107,6.653051314511359,0.5473343762044273,0.0,0.0,0.16420347525355547,0.0,inf,2.5,50.0,10
12873.081789003403,7.033978323209268,0.6258824456706781,0.0,0.0,0.12380625999907546,0.0,inf,2.5,50.0,10
12843.570813373977,7.043945763136556,0.5902616192403779,0.0,0.0,0.12970242051987044,0.0,inf,2.5,50.0,10
14365.939823551233,6.557463179516391,0.49116396401442963,0.0,0.0,0.1679373228022341,0.0,inf,2.5,50.0,10
14077.597006499895,6.645518321897984,0.5326022621809483,0.0,0.0,0.15569961733139662,0.0,inf,2.5,50.0,10
14447.531539813874,6.532867096379739,0.5569239561927593,0.0,0.0,0.14027645105530603,0.0,inf,2.5,50.0,10
14751.08854695892,6.442562908931194,0.5136213354959589,0.0,0.0,0.17162673519069646,0.0,inf,2.5,50.0,10
13755.008741794487,6.746194901326187,0.5509203563709372,0.0,0.0,0.16122630193461476,0.0,inf,2.5,50.0,10
13518.794293640425,6.821424011386793,0.5596229948007896,0.0,0.0,0.13641568860063238,0.0,inf,2.5,50.0,10
13143.007741810616,6.943855971514132,0.5537465264324132,0.0,0.0,0.1538503589921409,0.0,inf,2.5,50.0,10
14876.564007032144,6.4057772569976255,0.5424859360668101,0.0,0.0,0.1500490813519054,0.0,inf,2.5,50.0,10
13774.527104401543,6.740036629247981,0.5448747689969048,0.0,0.0,0.1624105620276148,0.0,inf,2.5,50.0,10
14365.122433509137,6.557710290452816,0.46540709428523525,0.0,0.0,0.17539074216848746,0.0,inf,2.5,50.0,10
14644.459815164271,6.474070042166364,0.558560860388943,0.0,0.0,0.1533644902534972,0.0,inf,2.5,50.0,10
15291.402945113789,6.286330282763845,0.4709433619922391,0.0,0.0,0.19554489598398733,0.0,inf,2.5,50.0,10
14886.695311365946,6.402820611900713,0.42100000855406783,0.0,0.0,0.1929155404262881,0.0,inf,2.5,50.0,10
15169.00754826535,6.321231934240607,0.5033202586569141,0.0,0.0,0.17760581031082714,0.0,inf,2.5,50.0,10
15716.032144642828,6.167374524469809,0.4342787863929971,0.0,0.0,0.20211127135474333,0.0,inf,2.5,50.0,10
12849.283430912405,7.042014519303964,0.5606980733503981,0.0,0.0,0.14078810699993533,0.0,inf,2.5,50.0,10
15389.097724230254,6.258672033415049,0.4619630774414846,0.0,0.0,0.19777586626578594,0.0,inf,2.5,50.0,10
15719.608070837567,6.166386470776536,0.5098162960207107,0.0,0.0,0.14714192683572339,0.0,inf,2.5,50.0,10
15312.401477395526,6.280370534751308,0.4330320126233685,0.0,0.0,0.20078856045480792,0.0,inf,2.5,50.0,10
15239.64382832535,6.3010554381186665,0.4639689563536512,0.0,0.0,0.17914938438012856,0.0,inf,2.5,50.0,10
14428.585587329237,6.538566009265388,0.5089570426292959,0.0,0.0,0.15428741043973723,0.0,inf,2.5,50.0,10
14822.601054821696,6.421559409872336,0.5023851314305808,0.0,0.0,0.18419139193723144,0.0,inf,2.5,50.0,10
16067.92890437251,6.07120459423102,0.4382016526505044,0.0,0.0,0.19316635510260416,0.0,inf,2.5,50.0,10
14693.707343429945,6.459489751757487,0.5021891368336232,0.0,0.0,0.1888522004327431,0.0,inf,2.5,50.0,10
16679.532443025113,5.908964884426996,0.4407132382910098,0.0,0.0,0.21678442019722918,0.0,inf,2.5,50.0,10
15688.001290301769,6.1751274448846605,0.4396695160268148,0.0,0.0,0.19778004304592883,0.0,inf,2.5,50.0,10
14591.352623344785,6.489848078623208,0.5094500843229022,0.0,0.0,0.14980304822705376,0.0,inf,2.5,50.0,10
16010.078837438106,6.086868903739675,0.4597052175000979,0.0,0.0,0.19033098139585103,0.0,inf,2.5,50.0,10
14752.08214383639,6.442270388750359,0.5115255260845928,0.0,0.0,0.16369533221593977,0.0,inf,2.5,50.0,10
15750.660231286593,6.157815977394446,0.48146217713677375,0.0,0.0,0.20530461502584654,0.0,inf,2.5,50.0,10
15388.189238883244,6.258928423897865,0.5122011854855613,0.0,0.0,0.16056103215568934,0.0,inf,2.5,50.0,10
15600.387058273254,6.199449871809541,0.4383445608052303,0.0,0.0,0.1931185311124862,0.0,inf,2.5,50.0,10
16121.154045902485,6.056842329628811,0.4405628428371866,0.0,0.0,0.1999402405847404,0.0,inf,2.5,50.0,10
14708.548491153368,6.455105442509206,0.5071311748518795,0.0,0.0,0.16834807306468874,0.0,inf,2.5,50.0,10
15089.537136497798,6.344044426395654,0.44836494565307544,0.0,0.0,0.20225538065869508,0.0,inf,2.5,50.0,10
14998.785664747344,6.370242618420777,0.461661649797694,0.0,0.0,0.18935598696597883,0.0,inf,2.5,50.0,10
15062.268963403816,6.3518996243865065,0.46999996613038075,0.0,0.0,0.20158394362810486,0.0,inf,2.5,50.0,10
15833.1721423848,6.135124273119161,0.4098834968798343,0.0,0.0,0.20711827763430402,0.0,inf,2.5,50.0,10
15918.530814019128,6.11177378421538,0.4729813475325636,0.0,0.0,0.1901187662900747,0.0,inf,2.5,50.0,10
16404.39662263512,5.9812009982942715,0.4497840227179936,0.0,0.0,0.17397841787511326,0.0,inf,2.5,50.0,10
16327.456186190546,6.001618338383441,0.4003053958036781,0.0,0.0,0.2171958733941363,0.0,inf,2.5,50.0,10
14692.195093627523,6.459936742790985,0.5047393644821953,0.0,0.0,0.1747786645986308,0.0,inf,2.5,50.0,10
15616.032563990904,6.195096549134539,0.47688588551735894,0.0,0.0,0.19888755286743923,0.0,inf,2.5,50.0,10
16517.92477540685,5.951248769151343,0.32745964866530136,0.0,0.0,0.2524688688634356,0.0,inf,2.5,50.0,10
13720.701633844616,6.7570404046541395,0.5398151544421307,0.0,0.0,0.1699561562714334,0.0,inf,2.5,50.0,10
14694.676876179416,6.459203201316246,0.4729399139836957,0.0,0.0,0.1932413064997162,0.0,inf,2.5,50.0,10
15251.900872566572,6.2975638688870355,0.4589452477977919,0.0,0.0,0.20863794193758273,0.0,inf,2.5,50.0,10
14758.582151900775,6.440357237862226,0.5144034348001694,0.0,0.0,0.18670399750031047,0.0,inf,2.5,50.0,10
15518.437509072435,6.222323691614987,0.43391555216527566,0.0,0.0,0.20807226422346534,0.0,inf,2.5,50.0,10
5895.710101449977,10.42544240229244,0.8888397944743932,0.0,0.0,0.0,-0.034017104803780916,inf,2.5,50.0,10
5896.612457863583,10.42477775220348,0.8888533110968881,0.0,0.0,0.0,0.012184340069365043,inf,2.5,50.0,10
5895.48670182739,10.42560696781531,0.8888465155966598,0.0,0.0,0.0,-0.01151283205761675,inf,2.5,50.0,10
5898.822857695844,10.423150064143641,0.8888539901657985,0.0,0.0,0.0,0.003647468273370562,inf,2.5,50.0,10
5895.705504749923,10.425445788351475,0.8888602108649022,0.0,0.0,0.0,-0.003193891243068086,inf,2.5,50.0,10
5895.601361268366,10.425522504087708,0.8888499625034235,0.0,0.0,0.0,0.003501473487878108,inf,2.5,50.0,10
5898.669876292318,10.423262696515428,0.8888486564786705,0.0,0.0,0.0,-0.005259382162232797,inf,2.5,50.0,10
5896.667940839664,10.424736888339421,0.8888535255080847,0.0,0.0,0.0,-0.04021100833722117,inf,2.5,50.0,10
5896.691569490815,10.424719485676846,0.8888638623847859,0.0,0.0,0.0,-0.040460815233892285,inf,2.5,50.0,10
5897.6046031515625,10.424047083567142,0.8888442620317549,0.0,0.0,0.0,-0.002343394582093477,inf,2.5,50.0,10
5895.5892808180515,10.425531403058251,0.8888417381851405,0.0,0.0,0.0,0.020129011882613186,inf,2.5,50.0,10
5896.594925888292,10.424790664789308,0.8888452975742849,0.0,0.0,0.0,0.007170529674323292,inf,2.5,50.0,10
5894.701408041806,10.426185497614968,0.8888711629307608,0.0,0.0,0.0,0.0020283752372345083,inf,2.5,50.0,10
5898.723520588378,10.42322320063531,0.8888535674616008,0.0,0.0,0.0,-0.006599602911525201,inf,2.5,50.0,10
5896.680747084724,10.424727456444018,0.888837547440356,0.0,0.0,0.0,0.015205735504278773,inf,2.5,50.0,10
5896.576281027726,10.42480439707542,0.8888405133027503,0.0,0.0,0.0,-0.011018881336377599,inf,2.5,50.0,10
5898.774229447912,10.423185866315192,0.8888562136602849,0.0,0.0,0.0,-0.012433604058256657,inf,2.5,50.0,10
5899.7642296092,10.422457044504538,0.8888572902550319,0.0,0.0,0.0,0.03606399995153129,inf,2.5,50.0,10
5899.666215061047,10.422529195745415,0.888854055209574,0.0,0.0,0.0,-0.002525928776996959,inf,2.5,50.0,10
5899.758390993694,10.42246134243858,0.8888521167688098,0.0,0.0,0.0,0.02087365883486735,inf,2.5,50.0,10
5896.716778761633,10.424700918954002,0.8888540450564256,0.0,0.0,0.0,0.005291981951223105,inf,2.5,50.0,10
5895.533410751439,10.425572559549058,0.8888708382749303,0.0,0.0,0.0,0.016515297137993643,inf,2.5,50.0,10
5896.659279689037,10.42474326735334,0.8888551601406192,0.0,0.0,0.0,0.0004368006361498318,inf,2.5,50.0,10
5895.518975500395,10.425583193290082,0.8888426509626727,0.0,0.0,0.0,0.010176400893579629,inf,2.5,50.0,10
5898.768584377672,10.423190022473632,0.8888386858539573,0.0,0.0,0.0,0.05047381210676995,inf,2.5,50.0,10
5896.711569168239,10.424704755832636,0.8888594062072862,0.0,0.0,0.0,0.038232561260608075,inf,2.5,50.0,10
5895.490508217609,10.42560416381656,0.8888494375092432,0.0,0.0,0.0,0.0636167042562455,inf,2.5,50.0,10
5898.623651231432,10.423296730234808,0.8888269970004431,0.0,0.0,0.0,0.015538946282398044,inf,2.5,50.0,10
5900.70364994113,10.421765571808084,0.8888307335192952,0.0,0.0,0.0,0.018207410525109494,inf,2.5,50.0,10
5898.647570200481,10.423279119592355,0.8888302198340242,0.0,0.0,0.0,0.0022467549005730954,inf,2.5,50.0,10
5898.7105046692795,10.423232783637564,0.8888565790610732,0.0,0.0,0.0,0.018330333840382435,inf,2.5,50.0,10
5898.710698214545,10.423232641139233,0.8888371182134112,0.0,0.0,0.0,0.04167628682124852,inf,2.5,50.0,10
5897.603232205932,10.424048093119717,0.8888484676001611,0.0,0.0,0.0,0.024336531907313705,inf,2.5,50.0,10
5897.774068160191,10.4239222927992,0.888846929452792,0.0,0.0,0.0,0.04099617452490728,inf,2.5,50.0,10
5898.589845325076,10.423321620381268,0.8888392126105416,0.0,0.0,0.0,0.0208526825176445,inf,2.5,50.0,10
5900.509572426251,10.421908416093991,0.8888455108244099,0.0,0.0,0.0,0.03858519867991455,inf,2.5,50.0,10
5897.728004387026,10.423956212919563,0.8888640569474989,0.0,0.0,0.0,0.04301641960338118,inf,2.5,50.0,10
5904.702391896905,10.418823476252522,0.8888354984703436,0.0,0.0,0.0,0.05551071660582724,inf,2.5,50.0,10
5897.751310462734,10.423939050920792,0.8888440122488382,0.0,0.0,0.0,0.047835136090865316,inf,2.5,50.0,10
5899.634086546991,10.422552846700997,0.8888218010322217,0.0,0.0,0.0,0.024716876774931798,inf,2.5,50.0,10
5897.710940146127,10.423968778633641,0.8888447107121717,0.0,0.0,0.0,0.031470225746232504,inf,2.5,50.0,10
5897.644118643248,10.424017984799676,0.8888516466986052,0.0,0.0,0.0,0.04117304831405368,inf,2.5,50.0,10
5906.0111772390765,10.41786096327462,0.8888509924037096,0.0,0.0,0.0,0.06479347013024564,inf,2.5,50.0,10
5898.774826212481,10.423185426950104,0.8888587500404366,0.0,0.0,0.0,0.06142568630932037,inf,2.5,50.0,10
5896.902711246593,10.424563981430623,0.8888766334120577,0.0,0.0,0.0,0.05357660395691127,inf,2.5,50.0,10
5899.692537217142,10.4225098191549,0.8888382268216185,0.0,0.0,0.0,0.040194682473095204,inf,2.5,50.0,10
5898.584280898695,10.423325717294045,0.8888349250852465,0.0,0.0,0.0,0.05439068792014442,inf,2.5,50.0,10
5896.506782148675,10.424855584673285,0.8888798012564109,0.0,0.0,0.0,0.04251403694371208,inf,2.5,50.0,10
5895.706214415896,10.42544526559131,0.8888650663722817,0.0,0.0,0.0,0.03271572218191859,inf,2.5,50.0,10
5896.728052773342,10.424692615627631,0.8888510403244738,0.0,0.0,0.0,0.015039896398531177,inf,2.5,50.0,10
5898.733181722875,10.423216087615096,0.8888486864062994,0.0,0.0,0.0,0.02880343010693215,inf,2.5,50.0,10
5900.681053531394,10.421782202900626,0.8888341701686556,0.0,0.0,0.0,0.058023073724722825,inf,2.5,50.0,10
5896.651554007193,10.424748957394144,0.8888582618350209,0.0,0.0,0.0,0.03557478420268495,inf,2.5,50.0,10
5896.75402009645,10.424673490715977,0.8888734694569105,0.0,0.0,0.0,0.050253326669834,inf,2.5,50.0,10
5897.661295785552,10.42400533580441,0.8888641392962413,0.0,0.0,0.0,0.028606628765598982,inf,2.5,50.0,10
5900.927017306172,10.42160117551943,0.8888289665657512,0.0,0.0,0.0,0.053146630706036,inf,2.5,50.0,10
5898.690682408348,10.42324737786625,0.8888407676287736,0.0,0.0,0.0,0.07272697998056174,inf,2.5,50.0,10
5899.830793051725,10.422408045982593,0.8888670717092437,0.0,0.0,0.0,0.056510195754472275,inf,2.5,50.0,10
5899.708230512411,10.422498266853776,0.8888571275047149,0.0,0.0,0.0,0.02404508104293059,inf,2.5,50.0,10
5893.369381139014,10.427166984656296,0.8888328944706493,0.0,0.0,0.0,0.055279574638845225,inf,2.5,50.0,10
5894.572619796455,10.426280383905947,0.8888615739467766,0.0,0.0,0.0,0.019596763683258786,inf,2.5,50.0,10
5896.794422670602,10.424643734421519,0.8888617567635133,0.0,0.0,0.0,0.06335226480193663,inf,2.5,50.0,10
5893.602812857857,10.426994967439763,0.8888564475092166,0.0,0.0,0.0,0.03619818948453528,inf,2.5,50.0,10
5895.534684924437,10.425571620929592,0.8888538960113876,0.0,0.0,0.0,0.05340036754138058,inf,2.5,50.0,10
5900.423509298237,10.42197176149445,0.8888318298404324,0.0,0.0,0.0,0.0700937158065374,inf,2.5,50.0,10
5903.718746471831,10.419547013762305,0.8888062579484161,0.0,0.0,0.0,0.06674405962402401,inf,2.5,50.0,10
5899.592909791778,10.422583158580881,0.8888341813161851,0.0,0.0,0.0,0.06597432275737722,inf,2.5,50.0,10
5898.570958532927,10.4233355261502,0.8888341532359799,0.0,0.0,0.0,0.04840759255398584,inf,2.5,50.0,10
5898.7444879921295,10.423207763377516,0.888840218341729,0.0,0.0,0.0,0.08084031028698706,inf,2.5,50.0,10
5898.929226947953,10.42307175163308,0.8888367821307659,0.0,0.0,0.0,0.0706728104949267,inf,2.5,50.0,10
5897.660295801681,10.424006072176832,0.8888338173643794,0.0,0.0,0.0,0.07665426254886615,inf,2.5,50.0,10
5904.968871469815,10.41862748331505,0.8888417456148797,0.0,0.0,0.0,0.0758690154173407,inf,2.5,50.0,10
5898.679101949969,10.423255904053466,0.8888586271880135,0.0,0.0,0.0,0.03756064655343596,inf,2.5,50.0,10
5895.568329543072,10.425546836696597,0.8888256384297119,0.0,0.0,0.0,0.04824768291441209,inf,2.5,50.0,10
5901.712230447896,10.421023315385078,0.888871978713203,0.0,0.0,0.0,0.07008500319873621,inf,2.5,50.0,10
5894.70944017032,10.42617957991622,0.8888703854976503,0.0,0.0,0.0,0.07484999277104974,inf,2.5,50.0,10
5891.509007919227,10.428538148284247,0.8888552978851116,0.0,0.0,0.0,0.0491891814430859,inf,2.5,50.0,10
5895.690504991855,10.425456837615112,0.8888514468044566,0.0,0.0,0.0,0.06965453808948158,inf,2.5,50.0,10
5897.666973113337,10.424001155111727,0.8888511663357974,0.0,0.0,0.0,0.06590475630418119,inf,2.5,50.0,10
5899.907195045241,10.422351805811454,0.8888500670320296,0.0,0.0,0.0,0.0628562292536935,inf,2.5,50.0,10
5895.874840728376,10.425321052431642,0.8888636332910269,0.0,0.0,0.0,0.11626101744208142,inf,2.5,50.0,10
5902.848615344914,10.420187154348568,0.8888223009530234,0.0,0.0,0.0,0.10529153200589994,inf,2.5,50.0,10
5896.630086611506,10.424764768381742,0.8887959379309177,0.0,0.0,0.0,0.11356869900399291,inf,2.5,50.0,10
5893.708811148207,10.426916858920944,0.8888599700137639,0.0,0.0,0.0,0.07452448277891803,inf,2.5,50.0,10
5900.817519072273,10.421681764416464,0.8888500288728689,0.0,0.0,0.0,0.05568803508056884,inf,2.5,50.0,10
5899.738617119078,10.422475898456732,0.8888658175991868,0.0,0.0,0.0,0.0967691699266415,inf,2.5,50.0,10
5899.5619748068575,10.422605931217362,0.8888797852987869,0.0,0.0,0.0,0.10601316461280781,inf,2.5,50.0,10
5895.614199770971,10.425513046723777,0.8888186504250121,0.0,0.0,0.0,0.07636370796603993,inf,2.5,50.0,10
5902.655537813906,10.420329210977773,0.8888130117044908,0.0,0.0,0.0,0.0886257021182739,inf,2.5,50.0,10
5894.656279737424,10.426218746200837,0.8888554997662116,0.0,0.0,0.0,0.08219461022309646,inf,2.5,50.0,10
5906.747858905502,10.417319283245284,0.8888423231737334,0.0,0.0,0.0,0.08696305516465257,inf,2.5,50.0,10
5895.651134659119,10.42548583909566,0.8888527917898177,0.0,0.0,0.0,0.09839002860128578,inf,2.5,50.0,10
5899.459782906727,10.422681160129105,0.8888390124565169,0.0,0.0,0.0,0.060133528841014326,inf,2.5,50.0,10
5904.049886292157,10.419303424645317,0.8888296095954196,0.0,0.0,0.0,0.13002450795106008,inf,2.5,50.0,10
5908.89095337172,10.415743855753181,0.8888108723597048,0.0,0.0,0.0,0.11899971624344946,inf,2.5,50.0,10
5901.874566539249,10.420903857342527,0.8888889463476033,0.0,0.0,0.0,0.10875243726024908,inf,2.5,50.0,10
5897.814922339962,10.423892209104606,0.8888664610009382,0.0,0.0,0.0,0.11335325949498058,inf,2.5,50.0,10
5896.686440541282,10.424723263177198,0.8888805658765199,0.0,0.0,0.0,0.05796355803440593,inf,2.5,50.0,10
5894.593183980904,10.42626523285628,0.8888585972382876,0.0,0.0,0.0,0.07379302094843238,inf,2.5,50.0,10
5902.739891292076,10.420267147406385,0.8888198216723526,0.0,0.0,0.0,0.07972653170686489,inf,2.5,50.0,10
5909.42436412316,10.415351824672822,0.888823467703454,0.0,0.0,0.0,0.1304488423132002,inf,2.5,50.0,10
5892.4777181013205,10.427824119157474,0.8887929036038281,0.0,0.0,0.0,0.14045901860283727,inf,2.5,50.0,10
5898.610199835486,10.423306634025998,0.8888370537059103,0.0,0.0,0.0,0.09244521342025373,inf,2.5,50.0,10
5893.707553103982,10.42691778594625,0.8888890933936627,0.0,0.0,0.0,0.11029432955564598,inf,2.5,50.0,10
5907.898888727601,10.416473069367708,0.8888354223916988,0.0,0.0,0.0,0.08761621031642362,inf,2.5,50.0,10
5896.655924904437,10.42474573818434,0.888863532882502,0.0,0.0,0.0,0.08277761491008201,inf,2.5,50.0,10
5900.64139288076,10.421811393530403,0.8888273899427609,0.0,0.0,0.0,0.11459430757980969,inf,2.5,50.0,10
5892.910227254399,10.427505357756475,0.8888335479659298,0.0,0.0,0.0,0.1370767223278704,inf,2.5,50.0,10
5894.700972564959,10.426185818454288,0.8888608193687341,0.0,0.0,0.0,0.1160587165061027,inf,2.5,50.0,10
5903.877969710166,10.41942988616138,0.8888312684563525,0.0,0.0,0.0,0.13879489418424817,inf,2.5,50.0,10
5902.802261253851,10.420221258907771,0.8888372057622502,0.0,0.0,0.0,0.11136172849158675,inf,2.5,50.0,10
5898.676263286076,10.423257994040629,0.8888189172345407,0.0,0.0,0.0,0.12357881596841216,inf,2.5,50.0,10
5899.475943936388,10.4226692630459,0.8888672160057096,0.0,0.0,0.0,0.09040019503631108,inf,2.5,50.0,10
5898.678021322236,10.423256699673459,0.8888531783128276,0.0,0.0,0.0,0.09538050229456008,inf,2.5,50.0,10
5900.588732439799,10.421850152437198,0.8888443362774544,0.0,0.0,0.0,0.08598087304124219,inf,2.5,50.0,10
5901.617941646103,10.421092701068147,0.8888367328389634,0.0,0.0,0.0,0.10405227530306875,inf,2.5,50.0,10
5898.788535668779,10.423175333440051,0.8888475889611341,0.0,0.0,0.0,0.11524859212519975,inf,2.5,50.0,10
5898.826518927114,10.423147368602372,0.8888751593278098,0.0,0.0,0.0,0.08935022514816296,inf,2.5,50.0,10
5898.682424477024,10.423253457819765,0.8888503865855116,0.0,0.0,0.0,0.1017770857273669,inf,2.5,50.0,10
5901.437831647877,10.421225244334693,0.8888291555761259,0.0,0.0,0.0,0.10934863387367584,inf,2.5,50.0,10
5897.843921872228,10.423870854914888,0.8888522029515656,0.0,0.0,0.0,0.12573288119222498,inf,2.5,50.0,10
5894.571555297495,10.426281168197015,0.8888078625660844,0.0,0.0,0.0,0.14022514292165905,inf,2.5,50.0,10
5891.582103514459,10.428484265965318,0.8888418868644654,0.0,0.0,0.0,0.16211057277478574,inf,2.5,50.0,10
5899.71995612974,10.422489635298378,0.8888445841738704,0.0,0.0,0.0,0.15264096718948328,inf,2.5,50.0,10
5903.888856631344,10.419421877653317,0.8888675154196416,0.0,0.0,0.0,0.1590657616430768,inf,2.5,50.0,10
5892.486266350543,10.42781781882856,0.8888432734350442,0.0,0.0,0.0,0.10898485107707671,inf,2.5,50.0,10
5904.9407912775605,10.418648135585718,0.8888543005856119,0.0,0.0,0.0,0.12760353507563468,inf,2.5,50.0,10
5899.833809132111,10.422405825805809,0.8888550161709243,0.0,0.0,0.0,0.13097714150882633,inf,2.5,50.0,10
5892.34176868115,10.427924319390607,0.888810598962855,0.0,0.0,0.0,0.1592454493380402,inf,2.5,50.0,10
5896.611990129191,10.424778096696992,0.8888783707033493,0.0,0.0,0.0,0.10289106969773301,inf,2.5,50.0,10
5898.901969323076,10.42309181945042,0.8888243369147745,0.0,0.0,0.0,0.13222820040848457,inf,2.5,50.0,10
5899.982984145417,10.42229601751598,0.8888132316072755,0.0,0.0,0.0,0.1352160622522972,inf,2.5,50.0,10
5896.680876114901,10.42472736141243,0.8889047805926402,0.0,0.0,0.0,0.13494191584671703,inf,2.5,50.0,10
5892.791632393026,10.427592760432177,0.8888542958633325,0.0,0.0,0.0,0.16205974325182812,inf,2.5,50.0,10
5890.774229447912,10.42907982637753,0.8888918208589166,0.0,0.0,0.0,0.1185107618418219,inf,2.5,50.0,10
5911.222060934501,10.414030865085257,0.8888212546682439,0.0,0.0,0.0,0.12792738771728965,inf,2.5,50.0,10
5902.726278608409,10.420277162959037,0.8888003271397642,0.0,0.0,0.0,0.13763148880655784,inf,2.5,50.0,10
5906.028596312963,10.417848154296978,0.8888554809438951,0.0,0.0,0.0,0.09606925621230757,inf,2.5,50.0,10
5899.945146046031,10.42232387002082,0.8888895789984224,0.0,0.0,0.0,0.17992867638994875,inf,2.5,50.0,10
5901.897469395655,10.420887004112682,0.8888625778532978,0.0,0.0,0.0,0.14675615379689497,inf,2.5,50.0,10
5891.768519862583,10.428346852433428,0.8888756763953136,0.0,0.0,0.0,0.15388076526958328,inf,2.5,50.0,10
5908.974871373042,10.415682177738809,0.8888353662282662,0.0,0.0,0.0,0.12964207239208572,inf,2.5,50.0,10
5893.6291027564075,10.426975594684647,0.888896981544607,0.0,0.0,0.0,0.1377250929290918,inf,2.5,50.0,10
5891.611732068837,10.428462425507032,0.8889004667029285,0.0,0.0,0.0,0.15912353066031848,inf,2.5,50.0,10
5892.69565007016,10.42766349928613,0.8888944792140582,0.0,0.0,0.0,0.16515656469210166,inf,2.5,50.0,10
5896.623022209319,10.424769971409031,0.8888446811879697,0.0,0.0,0.0,0.15817951837648075,inf,2.5,50.0,10
5892.520830309189,10.427792344195595,0.8888766136205748,0.0,0.0,0.0,0.14058394918840653,inf,2.5,50.0,10
5904.73519781939,10.418799347362384,0.8888176503512029,0.0,0.0,0.0,0.15696952107259707,inf,2.5,50.0,10
5911.149771777875,10.414083975886152,0.8888280286951388,0.0,0.0,0.0,0.14905915023818303,inf,2.5,50.0,10
5903.256447476653,10.41988710747708,0.8888703682969417,0.0,0.0,0.0,0.16142335267139896,inf,2.5,50.0,10
5902.088127610845,10.420746709446762,0.8889063400496574,0.0,0.0,0.0,0.17527939921955812,inf,2.5,50.0,10
5895.953984613151,10.42526275485466,0.8888590103557835,0.0,0.0,0.0,0.16407148252847698,inf,2.5,50.0,10
5895.400558055515,10.42567042659318,0.8888567177810159,0.0,0.0,0.0,0.1588662121119117,inf,2.5,50.0,10
5904.342558990984,10.41908814362596,0.8888619488455785,0.0,0.0,0.0,0.16011391845129577,inf,2.5,50.0,10
5912.935597812939,10.412772120678206,0.8887923328185382,0.0,0.0,0.0,0.1536433280732845,inf,2.5,50.0,10
5902.775422977049,10.420241005024106,0.8888609207355124,0.0,0.0,0.0,0.12552743519241,inf,2.5,50.0,10
5913.429589845325,10.412409307572927,0.8888528248283338,0.0,0.0,0.0,0.155057732026222,inf,2.5,50.0,10
5896.569474685893,10.42480941008342,0.8888665309645088,0.0,0.0,0.0,0.1669951158538367,inf,2.5,50.0,10
5894.638296156513,10.426231995797586,0.8888845418299877,0.0,0.0,0.0,0.15444847305383305,inf,2.5,50.0,10
5894.703375752004,10.426184047896857,0.8888666532877062,0.0,0.0,0.0,0.1170670619847726,inf,2.5,50.0,10
5896.661747391171,10.424741449867971,0.8888614642684771,0.0,0.0,0.0,0.1618901802700319,inf,2.5,50.0,10
5904.716230383381,10.418813297972783,0.8888553645867745,0.0,0.0,0.0,0.18819538031471525,inf,2.5,50.0,10
5905.996612957855,10.41787167303215,0.8888717075910498,0.0,0.0,0.0,0.1398491088890134,inf,2.5,50.0,10
5907.811341752552,10.416537426342332,0.8888783776096747,0.0,0.0,0.0,0.17027943770225945,inf,2.5,50.0,10
5907.891824325414,10.416478262470672,0.8888114601987661,0.0,0.0,0.0,0.1627456537497521,inf,2.5,50.0,10
5903.850502411251,10.419450091396246,0.888840455169298,0.0,0.0,0.0,0.14940700870123202,inf,2.5,50.0,10
5901.7111659489365,10.421024098727347,0.8888859291064098,0.0,0.0,0.0,0.19792158816328745,inf,2.5,50.0,10
5897.590861437719,10.424057202857682,0.8888746346548081,0.0,0.0,0.0,0.18137162629440837,inf,2.5,50.0,10
5898.841825131853,10.423136099595542,0.8888061160601377,0.0,0.0,0.0,0.16896521230572478,inf,2.5,50.0,10
5891.895292011419,10.428253407057559,0.8888957175926078,0.0,0.0,0.0,0.18234559077972193,inf,2.5,50.0,10
5899.836631667231,10.422403748101294,0.888863704471488,0.0,0.0,0.0,0.16952952946921937,inf,2.5,50.0,10
5909.967742455767,10.414952504285658,0.8888306497987126,0.0,0.0,0.0,0.1800242515261221,inf,2.5,50.0,10
5910.297656489412,10.41471007344419,0.8888165905597544,0.0,0.0,0.0,0.21086786552673845,inf,2.5,50.0,10
5897.572474637506,10.424070742790356,0.8888168503926469,0.0,0.0,0.0,0.14543442356476982,inf,2.5,50.0,10
5893.681069660167,10.42693730106343,0.8888988307646106,0.0,0.0,0.0,0.16618997236841346,inf,2.5,50.0,10
5899.677327785036,10.42252101529929,0.8889522857397361,0.0,0.0,0.0,0.20505388150422335,inf,2.5,50.0,10
5895.163900582249,10.425844767754056,0.8888971116988033,0.0,0.0,0.0,0.18458712118349718,inf,2.5,50.0,10
5901.659634522024,10.42106201978351,0.8888256026553042,0.0,0.0,0.0,0.1943578138589616,inf,2.5,50.0,10
5901.7234560732895,10.42101505469337,0.8888250662968907,0.0,0.0,0.0,0.20660197429857474,inf,2.5,50.0,10
5898.856518443251,10.42312528185148,0.8888470560938466,0.0,0.0,0.0,0.1743032535429883,inf,2.5,50.0,10
5905.211012725601,10.418449398624936,0.8888719201179396,0.0,0.0,0.0,0.19008519918733555,inf,2.5,50.0,10
5891.614941694489,10.428460059563054,0.888817669208611,0.0,0.0,0.0,0.17390214014893002,inf,2.5,50.0,10
5901.7407138594535,10.4210023550974,0.8887821653006661,0.0,0.0,0.0,0.1853883616577211,inf,2.5,50.0,10
5891.765632812374,10.428348980538559,0.8889293423143383,0.0,0.0,0.0,0.18501222567527006,inf,2.5,50.0,10
5897.714504604764,10.42396615384537,0.8888600628253125,0.0,0.0,0.0,0.18520304460581882,inf,2.5,50.0,10
5901.807519233561,10.420953194955443,0.8889180910387054,0.0,0.0,0.0,0.18595677339261105,inf,2.5,50.0,10
5895.613457847454,10.425513593254296,0.8888058002557133,0.0,0.0,0.0,0.19184657852767872,inf,2.5,50.0,10
5899.737213915904,10.422476931389726,0.8888119817312853,0.0,0.0,0.0,0.19398879650926834,inf,2.5,50.0,10
5902.6216835212335,10.42035411972362,0.8888528930912215,0.0,0.0,0.0,0.16804646272564222,inf,2.5,50.0,10
5905.043870260157,10.418572324084476,0.8887970389744724,0.0,0.0,0.0,0.1997786033336096,inf,2.5,50.0,10
5909.4465895711355,10.41533549081242,0.8888106012808062,0.0,0.0,0.0,0.16591365844265293,inf,2.5,50.0,10
5910.446960532895,10.414600364751013,0.8887832706673275,0.0,0.0,0.0,0.2165582860001537,inf,2.5,50.0,10
5912.0813373977835,10.41339960491284,0.8888261685476074,0.0,0.0,0.0,0.20725261065983852,inf,2.5,50.0,10
5900.645796035547,10.421808152755398,0.8887463795946519,0.0,0.0,0.0,0.24147099905089459,inf,2.5,50.0,10
5906.543668650505,10.41746941701758,0.8888438103680375,0.0,0.0,0.0,0.200536995870549,inf,2.5,50.0,10
5907.590296930694,10.41669992364768,0.8888189624353372,0.0,0.0,0.0,0.2304435466554734,inf,2.5,50.0,10
5898.953758810342,10.423053690676753,0.8888679401073871,0.0,0.0,0.0,0.2024107510669996,inf,2.5,50.0,10
5901.82427702779,10.420940863466816,0.8888573969557657,0.0,0.0,0.0,0.2166130814108034,inf,2.5,50.0,10
5914.010080482572,10.411983004183892,0.8888297974350425,0.0,0.0,0.0,0.21925180289223747,inf,2.5,50.0,10
5915.667489234044,10.410766058962027,0.8888178575946154,0.0,0.0,0.0,0.20291673281197678,inf,2.5,50.0,10
5896.621489975968,10.424771099920338,0.88886238944544,0.0,0.0,0.0,0.0,0.22252082433489018,2.5,50.0,10
5898.476701988678,10.423404925034108,0.8888472082476767,0.0,0.0,0.0,0.0,1.649940331186207,2.5,50.0,10
5895.729278560023,10.42542827592024,0.8888642998206486,0.0,0.0,0.0,0.0,0.9649343898771426,2.5,50.0,10
5897.67126336672,10.423997995840947,0.8888637287505654,0.0,0.0,0.0,0.0,-1.5794216320645935,2.5,50.0,10
5897.629989838873,10.424028389071285,0.8888521355947789,0.0,0.0,0.0,0.0,0.3937659461988151,2.5,50.0,10
5899.562619957743,10.422605456291503,0.8888419503521982,0.0,0.0,0.0,0.0,0.3996004471353579,2.5,50.0,10
5897.566555378139,10.424075101707489,0.8888615953875346,0.0,0.0,0.0,0.0,-0.4895492164664952,2.5,50.0,10
5895.525201206432,10.425578607114783,0.8888480995762233,0.0,0.0,0.0,0.0,0.004095041433544472,2.5,50.0,10
5896.581668037612,10.424800429438122,0.8888643505025992,0.0,0.0,0.0,0.0,-0.6780180873147725,2.5,50.0,10
5896.670924662505,10.424734690729718,0.8888616384371761,0.0,0.0,0.0,0.0,-0.6561922961088926,2.5,50.0,10
5896.550313704618,10.424823522563551,0.8888468970260234,0.0,0.0,0.0,0.0,0.16186851412782194,2.5,50.0,10
5898.689875969742,10.423247971611334,0.8888600676800498,0.0,0.0,0.0,0.0,-0.47423642562591894,2.5,50.0,10
5897.523039950968,10.424107146415157,0.8888529302378159,0.0,0.0,0.0,0.0,1.757410454044324,2.5,50.0,10
5896.604151545943,10.424783869937148,0.8888557745184589,0.0,0.0,0.0,0.0,-1.2017151870891116,2.5,50.0,10
5896.704698311318,10.424709816241224,0.8888383326289753,0.0,0.0,0.0,0.0,0.8995060390804983,2.5,50.0,10
5896.56861986097,10.42481003967962,0.8888536366277471,0.0,0.0,0.0,0.0,-0.2936983152184157,2.5,50.0,10
5896.607248270189,10.424781589149998,0.8888472641726963,0.0,0.0,0.0,0.0,-0.6821639121876355,2.5,50.0,10
5897.633651070144,10.42402569298481,0.88886994179906,0.0,0.0,0.0,0.0,1.9402052302538473,2.5,50.0,10
5896.61373203658,10.424776813755777,0.8888564767532583,0.0,0.0,0.0,0.0,0.028350895664362663,2.5,50.0,10
5898.550749181465,10.423350405728527,0.888845323253931,0.0,0.0,0.0,0.0,-1.0768766786327784,2.5,50.0,10
5896.705472492379,10.424709246054045,0.8888634849615564,0.0,0.0,0.0,0.0,0.20159215698488997,2.5,50.0,10
5894.654860405477,10.426219791907451,0.8888539969488597,0.0,0.0,0.0,0.0,2.0035365306343196,2.5,50.0,10
5897.742488024387,10.423945547531034,0.8888583302686336,0.0,0.0,0.0,0.0,1.5343051699051595,2.5,50.0,10
5897.624441541266,10.4240324747738,0.8888445723935203,0.0,0.0,0.0,0.0,0.7286000922802216,2.5,50.0,10
5898.574813309463,10.423332687992206,0.8888540047176609,0.0,0.0,0.0,0.0,2.319309037571923,2.5,50.0,10
5895.664747342785,10.425475811523743,0.8888428743494173,0.0,0.0,0.0,0.0,2.231316877252677,2.5,50.0,10
5897.622151255625,10.42403416131491,0.8888477639751629,0.0,0.0,0.0,0.0,-0.2025049805810275,2.5,50.0,10
5895.629844679925,10.425501522074466,0.8888427226590273,0.0,0.0,0.0,0.0,0.04284197719747396,2.5,50.0,10
5896.4892663021565,10.424868485611192,0.8888482125372907,0.0,0.0,0.0,0.0,-0.26725503906098314,2.5,50.0,10
5898.682343833164,10.423253517194356,0.8888463233769918,0.0,0.0,0.0,0.0,0.615730400638206,2.5,50.0,10
5897.458186158287,10.42415490510803,0.8888456255015821,0.0,0.0,0.0,0.0,2.0105414877401544,2.5,50.0,10
5895.7413267527945,10.425419400922689,0.8888688973674458,0.0,0.0,0.0,0.0,1.8239171399002285,2.5,50.0,10
5896.681005145078,10.424727266380845,0.8888668102559744,0.0,0.0,0.0,0.0,1.35925380029936,2.5,50.0,10
5895.508459540975,10.425590939897699,0.8888460922939,0.0,0.0,0.0,0.0,0.7952318063442894,2.5,50.0,10
5895.686843760584,10.425459534590185,0.8888583484634737,0.0,0.0,0.0,0.0,2.8790906281387447,2.5,50.0,10
5898.5481847066985,10.423352293882973,0.8888453680304818,0.0,0.0,0.0,0.0,2.3718600118187996,2.5,50.0,10
5896.631505943453,10.424763723025412,0.8888615457379523,0.0,0.0,0.0,0.0,1.5331757069258949,2.5,50.0,10
5895.602312865922,10.425521803101482,0.8888429582838862,0.0,0.0,0.0,0.0,0.6545872831063665,2.5,50.0,10
5897.637715520717,10.424022699974474,0.8888475263132669,0.0,0.0,0.0,0.0,1.567650897530326,2.5,50.0,10
5896.509024047999,10.424853933451033,0.8888492066655882,0.0,0.0,0.0,0.0,1.091619401780712,2.5,50.0,10
5899.652392703343,10.422539370864634,0.8888525051902898,0.0,0.0,0.0,0.0,1.8901490949927497,2.5,50.0,10
5895.715488459864,10.425438434072227,0.8888614147504226,0.0,0.0,0.0,0.0,3.8695227187805026,2.5,50.0,10
5897.497604877341,10.424125876881941,0.8888539744271705,0.0,0.0,0.0,0.0,2.0004119155619,2.5,50.0,10
5893.668763407042,10.426946369323728,0.888859011593004,0.0,0.0,0.0,0.0,1.490462953798949,2.5,50.0,10
5895.719294850083,10.425435630182287,0.8888626636187668,0.0,0.0,0.0,0.0,0.7847754380782286,2.5,50.0,10
5898.665424751213,10.423265974000875,0.8888661677477976,0.0,0.0,0.0,0.0,2.634921533121357,2.5,50.0,10
5896.73161723198,10.42468999040185,0.8888627177339662,0.0,0.0,0.0,0.0,1.620997743750587,2.5,50.0,10
5898.565539265495,10.423339516199722,0.8888579340901914,0.0,0.0,0.0,0.0,4.032468705257099,2.5,50.0,10
5898.687730843051,10.423249550973658,0.8888684859366386,0.0,0.0,0.0,0.0,0.9704130109396827,2.5,50.0,10
5896.660053870099,10.424742697161768,0.8888515471195801,0.0,0.0,0.0,0.0,2.618067743115375,2.5,50.0,10
5899.616054579765,10.422566120737518,0.8888544785754102,0.0,0.0,0.0,0.0,2.5154867258410283,2.5,50.0,10
5894.561523201239,10.426288559553136,0.8888622489038823,0.0,0.0,0.0,0.0,1.5460998607662852,2.5,50.0,10
5901.784890566281,10.420969846674666,0.8888617122004016,0.0,0.0,0.0,0.0,3.908413158748209,2.5,50.0,10
5897.6847308914375,10.423988078596107,0.888855083455071,0.0,0.0,0.0,0.0,1.9204034398924343,2.5,50.0,10
5896.59026467315,10.424794097856765,0.8888580463563968,0.0,0.0,0.0,0.0,3.815842298665593,2.5,50.0,10
5899.612990113063,10.422568376615377,0.8888561293002398,0.0,0.0,0.0,0.0,2.6964830761854177,2.5,50.0,10
5897.689327591491,10.423984693673411,0.8888606665897597,0.0,0.0,0.0,0.0,2.8668297624288384,2.5,50.0,10
5897.739681618038,10.423947614096477,0.8888427069029845,0.0,0.0,0.0,0.0,1.5911921197352628,2.5,50.0,10
5898.560152255609,10.423343482502583,0.8888566098439331,0.0,0.0,0.0,0.0,3.0225740014907316,2.5,50.0,10
5896.749487911486,10.424676828660328,0.8888561000968893,0.0,0.0,0.0,0.0,2.25194389766114,2.5,50.0,10
5898.729359203884,10.423218901947243,0.8888543131775762,0.0,0.0,0.0,0.0,3.42234844586989,2.5,50.0,10
5895.558700666118,10.425553929772803,0.8888485283050765,0.0,0.0,0.0,0.0,3.4073852116218672,2.5,50.0,10
5895.748358897437,10.425414220878952,0.888856369566191,0.0,0.0,0.0,0.0,4.03315640008532,2.5,50.0,10
5896.6005225722165,10.424786542736118,0.888850715313752,0.0,0.0,0.0,0.0,5.20538199999226,2.5,50.0,10
5897.653150755633,10.424011333680202,0.8888576303462424,0.0,0.0,0.0,0.0,3.18097626856677,2.5,50.0,10
5895.723020596442,10.425432885698546,0.8888511584286615,0.0,0.0,0.0,0.0,4.724987347992121,2.5,50.0,10
5894.588829212432,10.426268441309446,0.8888697177051287,0.0,0.0,0.0,0.0,4.081161871064142,2.5,50.0,10
5896.5971194013,10.42478904922909,0.8888622436007738,0.0,0.0,0.0,0.0,2.406854385250772,2.5,50.0,10
5899.786584087354,10.422440588917947,0.8888577828476206,0.0,0.0,0.0,0.0,4.380061569656328,2.5,50.0,10
5897.6526830212415,10.424011678112922,0.8888561688281618,0.0,0.0,0.0,0.0,5.297274950383157,2.5,50.0,10
5895.454863631232,10.425630421672372,0.8888553964546985,0.0,0.0,0.0,0.0,4.290284931983684,2.5,50.0,10
5897.64452186255,10.424017687874482,0.8888583937153515,0.0,0.0,0.0,0.0,3.361958681774452,2.5,50.0,10
5896.6301995129115,10.424764685228388,0.8888576718817934,0.0,0.0,0.0,0.0,2.4488524323945926,2.5,50.0,10
5896.660699020984,10.424742222002184,0.888862361722747,0.0,0.0,0.0,0.0,5.216451347151805,2.5,50.0,10
5896.701956420058,10.424711835654746,0.8888528406057506,0.0,0.0,0.0,0.0,3.3573292510039847,2.5,50.0,10
5894.624312511089,10.42624229842676,0.8888575583087056,0.0,0.0,0.0,0.0,3.2414565345854833,2.5,50.0,10
5896.572652053999,10.424807069887024,0.8888611153671591,0.0,0.0,0.0,0.0,2.175599293013575,2.5,50.0,10
5895.69229528556,10.425455518830557,0.8888647747742828,0.0,0.0,0.0,0.0,2.9330190900486905,2.5,50.0,10
5896.5559103885425,10.424819400479175,0.8888495545381812,0.0,0.0,0.0,0.0,3.1045616757316474,2.5,50.0,10
5897.5238625183465,10.424106540675345,0.8888566551742293,0.0,0.0,0.0,0.0,4.298049083464107,2.5,50.0,10
5895.676053612038,10.42546748295377,0.8888622812801261,0.0,0.0,0.0,0.0,3.7378012652158725,2.5,50.0,10
5898.676005225722,10.423258184039511,0.8888584103258443,0.0,0.0,0.0,0.0,3.569306273842644,2.5,50.0,10
5898.688053418493,10.423249313475527,0.8888538260183755,0.0,0.0,0.0,0.0,3.49093176577797,2.5,50.0,10
5897.533394622667,10.424099521226067,0.8888493553457869,0.0,0.0,0.0,0.0,4.20461471135794,2.5,50.0,10
5895.6748116965855,10.425468397788777,0.8888517870302043,0.0,0.0,0.0,0.0,1.6179479810649982,2.5,50.0,10
5894.633957516814,10.426235192343123,0.8888612209330177,0.0,0.0,0.0,0.0,4.379947873296885,2.5,50.0,10
5898.689924356058,10.423247935986629,0.888853952446195,0.0,0.0,0.0,0.0,5.199505467725652,2.5,50.0,10
5896.614070740795,10.424776564295028,0.8888598994949743,0.0,0.0,0.0,0.0,5.658931034027659,2.5,50.0,10
5895.691617877131,10.425456017830072,0.8888575100654552,0.0,0.0,0.0,0.0,4.633004559974542,2.5,50.0,10
5898.752762052225,10.423201671613194,0.8888507902805078,0.0,0.0,0.0,0.0,4.358879032154284,2.5,50.0,10
5896.593554942662,10.424791674514749,0.8888498045828895,0.0,0.0,0.0,0.0,5.686206815869619,2.5,50.0,10
5897.695408138578,10.423980216077966,0.8888615783999791,0.0,0.0,0.0,0.0,5.557713935277621,2.5,50.0,10
5897.793890421122,10.423907696302326,0.8888373353685284,0.0,0.0,0.0,0.0,6.54586867261051,2.5,50.0,10
5897.608103095112,10.42404450623987,0.8888545510567681,0.0,0.0,0.0,0.0,5.019841065258331,2.5,50.0,10
5897.712698182288,10.423967484054613,0.8888547516314383,0.0,0.0,0.0,0.0,4.777092607059862,2.5,50.0,10
5896.637683263173,10.424759173352502,0.8888577502198051,0.0,0.0,0.0,0.0,6.372537332729856,2.5,50.0,10
5896.564894114611,10.424812783769786,0.8888516836437308,0.0,0.0,0.0,0.0,4.151285884994891,2.5,50.0,10
5896.637167142466,10.42475955348165,0.8888613069522487,0.0,0.0,0.0,0.0,3.54208245915111,2.5,50.0,10
5897.649554039451,10.424013982249772,0.8888521614634557,0.0,0.0,0.0,0.0,4.726091148537875,2.5,50.0,10
5895.6681343849295,10.42547331651537,0.8888438410682203,0.0,0.0,0.0,0.0,3.380358111177269,2.5,50.0,10
5895.627764068321,10.425503054732248,0.8888631996411499,0.0,0.0,0.0,0.0,4.60810928697564,2.5,50.0,10
5896.697101659651,10.424715411206876,0.8888560250386469,0.0,0.0,0.0,0.0,6.2041882108038555,2.5,50.0,10
5896.565845712166,10.424812082898105,0.8888598910176393,0.0,0.0,0.0,0.0,5.666722227857986,2.5,50.0,10
5896.602167706972,10.424785331067048,0.888863002265356,0.0,0.0,0.0,0.0,6.445129723528271,2.5,50.0,10
5897.730568861793,10.423954324502535,0.8888514191572777,0.0,0.0,0.0,0.0,5.220372262316301,2.5,50.0,10
5898.701311269173,10.423239552313605,0.8888646255919505,0.0,0.0,0.0,0.0,6.2105709362373265,2.5,50.0,10
5897.6657634554285,10.424002045883977,0.8888437596649502,0.0,0.0,0.0,0.0,5.376406043018953,2.5,50.0,10
5896.608006322479,10.424781030832492,0.8888692593211005,0.0,0.0,0.0,0.0,3.4596387418867605,2.5,50.0,10
5898.821857711972,10.423150800371062,0.8888468321579621,0.0,0.0,0.0,0.0,6.598831641743758,2.5,50.0,10
5897.6749891130785,10.42399525226556,0.8888595033790447,0.0,0.0,0.0,0.0,7.4304361486525785,2.5,50.0,10
5896.7179722907695,10.424700039917267,0.8888543218891757,0.0,0.0,0.0,0.0,6.124811337332122,2.5,50.0,10
5897.759826454412,10.423932779978989,0.8888473479075297,0.0,0.0,0.0,0.0,5.623056522602271,2.5,50.0,10
5897.526588280834,10.4241045334205,0.888842272686906,0.0,0.0,0.0,0.0,5.878771619788975,2.5,50.0,10
5897.638086482476,10.424022426802997,0.888852156996343,0.0,0.0,0.0,0.0,5.512395538166143,2.5,50.0,10
5894.618006161191,10.426246944718503,0.8888453021301097,0.0,0.0,0.0,0.0,6.290101087922071,2.5,50.0,10
5895.6234415573945,10.425506238860226,0.8888549298629652,0.0,0.0,0.0,0.0,5.35023380910449,2.5,50.0,10
5895.697504878954,10.425451681288585,0.8888610148890019,0.0,0.0,0.0,0.0,6.0651784445322106,2.5,50.0,10
5896.679714843309,10.424728216696792,0.888858964333987,0.0,0.0,0.0,0.0,5.718975189545928,2.5,50.0,10
5894.550894340414,10.426296390601719,0.8888510865198519,0.0,0.0,0.0,0.0,5.931395714156363,2.5,50.0,10
5897.770729504363,10.423924751286414,0.8888544875959913,0.0,0.0,0.0,0.0,5.56895856772183,2.5,50.0,10
5896.5085401848355,10.424854289829884,0.8888582326360651,0.0,0.0,0.0,0.0,6.213193922105986,2.5,50.0,10
5895.6160223222205,10.425511704159964,0.888856487661514,0.0,0.0,0.0,0.0,6.28391969335845,2.5,50.0,10
5893.632360768374,10.426973193895243,0.8888635943373072,0.0,0.0,0.0,0.0,6.820211546201913,2.5,50.0,10
5895.665182819632,10.42547549073687,0.8888473164332052,0.0,0.0,0.0,0.0,5.913174821864525,2.5,50.0,10
5900.619086788923,10.421827811120057,0.8888447837165193,0.0,0.0,0.0,0.0,7.978130291310669,2.5,50.0,10
5895.635844583152,10.425497102320161,0.8888489557597428,0.0,0.0,0.0,0.0,7.687615490726321,2.5,50.0,10
5894.684553474944,10.426197915302211,0.8888671383891874,0.0,0.0,0.0,0.0,6.778649034020354,2.5,50.0,10
5895.594700085482,10.425527410994444,0.8888613876047111,0.0,0.0,0.0,0.0,7.1918804116472055,2.5,50.0,10
5896.58324865728,10.424799265281756,0.8888480328098107,0.0,0.0,0.0,0.0,5.565537850281428,2.5,50.0,10
5897.6396348446,10.424021286609197,0.8888541863255355,0.0,0.0,0.0,0.0,7.517346746756189,2.5,50.0,10
5896.590538862277,10.424793895911543,0.8888577698955741,0.0,0.0,0.0,0.0,5.916452362483824,2.5,50.0,10
5898.5769423073825,10.42333112047478,0.8888476100928108,0.0,0.0,0.0,0.0,7.678751902163198,2.5,50.0,10
5896.688311478847,10.424721885220713,0.8888564361692727,0.0,0.0,0.0,0.0,7.869275930643253,2.5,50.0,10
5897.664957016822,10.424002639732246,0.8888541367759786,0.0,0.0,0.0,0.0,5.4881091043417385,2.5,50.0,10
5894.6511024015745,10.42622256065459,0.8888547959364911,0.0,0.0,0.0,0.0,6.428632224656598,2.5,50.0,10
5895.621812551411,10.425507438849362,0.8888634969554848,0.0,0.0,0.0,0.0,6.6477609958670625,2.5,50.0,10
5895.519894840406,10.425582516056638,0.8888565213944621,0.0,0.0,0.0,0.0,6.026570685048447,2.5,50.0,10
5894.651618522282,10.42622218039737,0.8888600196431735,0.0,0.0,0.0,0.0,6.8865223012875845,2.5,50.0,10
5895.581264818309,10.425537307992698,0.8888588846168951,0.0,0.0,0.0,0.0,6.882794828857385,2.5,50.0,10
5898.6824083482525,10.423253469694684,0.8888552233233511,0.0,0.0,0.0,0.0,7.170180356385613,2.5,50.0,10
5897.570942404155,10.424071871119985,0.8888562939204289,0.0,0.0,0.0,0.0,8.533463929815493,2.5,50.0,10
5897.65160239351,10.424012473871386,0.8888666460243911,0.0,0.0,0.0,0.0,8.103519326524959,2.5,50.0,10
5898.754310414348,10.423200531634855,0.8888529130113595,0.0,0.0,0.0,0.0,8.821210648334038,2.5,50.0,10
5895.699585490556,10.425450148648931,0.8888632213031281,0.0,0.0,0.0,0.0,6.242151248563368,2.5,50.0,10
5895.687972774633,10.425458702923684,0.8888629890550895,0.0,0.0,0.0,0.0,7.894190791610172,2.5,50.0,10
5897.682569635974,10.423989670104532,0.888860518356569,0.0,0.0,0.0,0.0,8.437939314789167,2.5,50.0,10
5895.552184642183,10.425558729784042,0.8888678337017849,0.0,0.0,0.0,0.0,6.7766347263089735,2.5,50.0,10
5895.515523943162,10.425585735886765,0.8888630773234065,0.0,0.0,0.0,0.0,7.259428238411473,2.5,50.0,10
5898.649989516298,10.423277338344565,0.8888484981772382,0.0,0.0,0.0,0.0,8.155254315463639,2.5,50.0,10
5899.58889372752,10.42258611498002,0.8888546390459575,0.0,0.0,0.0,0.0,8.561356322614422,2.5,50.0,10
5897.611232076902,10.424042202086827,0.8888453773502478,0.0,0.0,0.0,0.0,9.426785998787103,2.5,50.0,10
5894.632231738197,10.42623646383215,0.8888467293639447,0.0,0.0,0.0,0.0,8.096717553617491,2.5,50.0,10
5896.507024080257,10.424855406483802,0.888855187003534,0.0,0.0,0.0,0.0,6.382290989990915,2.5,50.0,10
5897.648747600845,10.424014576099673,0.8888559490304543,0.0,0.0,0.0,0.0,7.9175389749923655,2.5,50.0,10
5897.815164271544,10.423892030954647,0.8888478611461124,0.0,0.0,0.0,0.0,9.361151601367874,2.5,50.0,10
5894.650247576652,10.42622319045569,0.8888640025118941,0.0,0.0,0.0,0.0,6.910614785936187,2.5,50.0,10
5897.672666569894,10.423996962546118,0.8888629052204505,0.0,0.0,0.0,0.0,7.16291742671212,2.5,50.0,10
5896.60511927227,10.424783157191035,0.8888579416895616,0.0,0.0,0.0,0.0,7.195220337284573,2.5,50.0,10
5895.751874969758,10.425411630859402,0.8888565632653049,0.0,0.0,0.0,0.0,6.690980477555556,2.5,50.0,10
5898.699182271253,10.423241119797982,0.8888530974101853,0.0,0.0,0.0,0.0,8.543061177042134,2.5,50.0,10
5895.707246657312,10.425444505213004,0.8888595997984169,0.0,0.0,0.0,0.0,8.209073635761396,2.5,50.0,10
5898.643150916921,10.423282373340202,0.8888539321999427,0.0,0.0,0.0,0.0,9.051851708294834,2.5,50.0,10
5896.537088111482,10.424833263527766,0.8888435754342879,0.0,0.0,0.0,0.0,11.40748837908352,2.5,50.0,10
5897.775648779859,10.423921128878202,0.8888580483023744,0.0,0.0,0.0,0.0,8.530107851031499,2.5,50.0,10
5896.556152320124,10.424819222291177,0.8888513207166788,0.0,0.0,0.0,0.0,10.884745291632854,2.5,50.0,10
5899.715375558459,10.422493007183176,0.8888517065570973,0.0,0.0,0.0,0.0,8.812212214802233,2.5,50.0,10
5894.713375590716,10.426176680484433,0.8888665067011523,0.0,0.0,0.0,0.0,8.152032933333293,2.5,50.0,10
5896.75981032564,10.424669226228527,0.8888673724435968,0.0,0.0,0.0,0.0,6.586304933495312,2.5,50.0,10
5896.570555313624,10.42480861417892,0.8888541985697032,0.0,0.0,0.0,0.0,8.164614457242042,2.5,50.0,10
5896.626022160933,10.424767761903531,0.8888637454564279,0.0,0.0,0.0,0.0,8.486773896154894,2.5,50.0,10
5896.571603683811,10.424807842032903,0.8888523561721774,0.0,0.0,0.0,0.0,8.191104364155589,2.5,50.0,10
5896.647779874518,10.42475173708276,0.8888726131019606,0.0,0.0,0.0,0.0,8.586558057300008,2.5,50.0,10
5897.708746633119,10.423970393888748,0.888850697146165,0.0,0.0,0.0,0.0,7.366175012070318,2.5,50.0,10
5895.604457992613,10.425520222912612,0.8888547144860193,0.0,0.0,0.0,0.0,8.419062934555907,2.5,50.0,10
5898.636457476492,10.423287301466582,0.8888500172201794,0.0,0.0,0.0,0.0,8.293733306437051,2.5,50.0,10
5896.717149723391,10.424700645739865,0.888860245249627,0.0,0.0,0.0,0.0,9.072018761714105,2.5,50.0,10
5896.725149594361,10.424694753821743,0.888861422813122,0.0,0.0,0.0,0.0,10.008633800797464,2.5,50.0,10
5895.65823131885,10.425480611448643,0.8888503238398726,0.0,0.0,0.0,0.0,10.98982879028743,2.5,50.0,10
5895.461702230609,10.425625383953792,0.8888485051991438,0.0,0.0,0.0,0.0,8.036407314159161,2.5,50.0,10
5898.6985209915965,10.423241606668247,0.8888485953563262,0.0,0.0,0.0,0.0,10.372931260966137,2.5,50.0,10
5894.6082482540605,10.426254134003246,0.8888568259767631,0.0,0.0,0.0,0.0,10.983471481141144,2.5,50.0,10
5896.714359445816,10.424702700785764,0.8888501366683138,0.0,0.0,0.0,0.0,11.093100250099925,2.5,50.0,10
5898.707327301173,10.423235122985808,0.888850252634908,0.0,0.0,0.0,0.0,11.05515006427942,2.5,50.0,10
5896.61015144917,10.424779450913132,0.8888462816291989,0.0,0.0,0.0,0.0,9.706003449219544,2.5,50.0,10
5896.618506153127,10.424773297548464,0.8888472249129094,0.0,0.0,0.0,0.0,9.463982295245525,2.5,50.0,10
5896.569442428348,10.424809433841766,0.8888550529028642,0.0,0.0,0.0,0.0,8.839070458038139,2.5,50.0,10
5894.600925791519,10.426259528945396,0.8888498248246844,0.0,0.0,0.0,0.0,9.652709459594274,2.5,50.0,10
5894.642844470251,10.426228644774678,0.888853641906235,0.0,0.0,0.0,0.0,10.338019600475304,2.5,50.0,10
5897.609780487412,10.424043271023653,0.8888510692300018,0.0,0.0,0.0,0.0,9.509788998022872,2.5,50.0,10
5898.548813728811,10.423351830750674,0.8888482550881068,0.0,0.0,0.0,0.0,11.306141126551424,2.5,50.0,10
5895.674118159384,10.425468908670748,0.8888492045665571,0.0,0.0,0.0,0.0,9.91387839587309,2.5,50.0,10
5896.66082805116,10.424742126970274,0.8888508407164059,0.0,0.0,0.0,0.0,9.99734783718818,2.5,50.0,10
5898.678408412768,10.423256414675237,0.8888560192657385,0.0,0.0,0.0,0.0,12.022732661763854,2.5,50.0,10
5894.656795858132,10.426218365943946,0.8888621467160494,0.0,0.0,0.0,0.0,10.087364771805154,2.5,50.0,10
5896.704859599039,10.424709697452222,0.8888529054407323,0.0,0.0,0.0,0.0,10.295007397717397,2.5,50.0,10
5896.602474153643,10.424785105364023,0.8888465993255764,0.0,0.0,0.0,0.0,9.364030893923625,2.5,50.0,10
5895.60961919969,10.425516420956784,0.8888508441239138,0.0,0.0,0.0,0.0,9.178696926639377,2.5,50.0,10
5897.631909162756,10.424026975704157,0.888868327172187,0.0,0.0,0.0,0.0,12.786014924744043,2.5,50.0,10
5896.686988919533,10.424722859293356,0.8888593640348815,0.0,0.0,0.0,0.0,10.869470786890673,2.5,50.0,10
5896.617586813116,10.424773974655732,0.8888454358493935,0.0,0.0,0.0,0.0,10.889890655303219,2.5,50.0,10
