mse,psnr,ssim,a-gcnr,h-gcnr,cvar,jitter_factor,charge_injection_factor,clock_feedthrough_factor,gain_error_factor,f0_mhz,fs_mhz,ch_compression
3743.437063111111,12.398098249594348,0.8507727201043168,0.26189288799313304,0.04867617588552964,0.10259440324180323,0.0,0.0,0.0,inf,2.5,50.0,10
3941.7398186666665,12.17392406334558,0.8470470408125055,0.27635807200140877,0.050472276567905594,0.09477402090278313,0.0,0.0,0.0,inf,2.5,50.0,10
2753.0841955555557,13.732608675617424,0.8511262564436677,0.2548935908775767,0.09313798814443319,0.00029762372563123805,0.0,0.0,0.0,inf,2.5,50.0,10
2753.642311111111,13.731728346781122,0.8509531694238999,0.2550676148613099,0.09374837016439386,-0.007626590202515552,0.0,0.0,0.0,inf,2.5,50.0,10
2749.244501333333,13.738669957578031,0.8509205319578474,0.25425548323091113,0.09328741690549253,-0.0048737171015012905,0.0,0.0,0.0,inf,2.5,50.0,10
2763.149518222222,13.716759749807297,0.8495562279709167,0.2532484064677424,0.09149182856503585,-0.025474151541795994,0.0,0.0,0.0,inf,2.5,50.0,10
2750.6408106666668,13.736464786316724,0.851105085519671,0.25477048445655737,0.09312354667375372,-0.0024292601612283904,0.0,0.0,0.0,inf,2.5,50.0,10
2742.75648,13.74893111078584,0.8507959996101654,0.2562605166674572,0.09311151865611356,0.016068685195552095,0.0,0.0,0.0,inf,2.5,50.0,10
2751.2094293333334,13.735567095760466,0.850626312695333,0.2531055491993373,0.09336933198332004,-0.011480012351924052,0.0,0.0,0.0,inf,2.5,50.0,10
2775.680746666667,13.697108479086928,0.8498356637463025,0.2531470030230492,0.09170721770086054,0.015473253588942996,0.0,0.0,0.0,inf,2.5,50.0,10
2749.0137955555556,13.739034415705971,0.851134809207317,0.25488409779040616,0.09322193911208376,0.0005114576177296636,0.0,0.0,0.0,inf,2.5,50.0,10
2753.1619128888888,13.73248607953889,0.8509716995021215,0.2547137659412694,0.09311716403946202,0.003196505758702482,0.0,0.0,0.0,inf,2.5,50.0,10
2745.6379164444443,13.74437097180034,0.8511906547871612,0.2549815098550965,0.09294342222169255,0.0023298106453891842,0.0,0.0,0.0,inf,2.5,50.0,10
2754.5145457777776,13.730352907716236,0.8508029650281307,0.25458388619810746,0.09262738920675406,-0.006584112384237926,0.0,0.0,0.0,inf,2.5,50.0,10
2745.2725333333333,13.744948959260242,0.8510874331059863,0.25543240839838066,0.09327679006450612,0.002744112842529577,0.0,0.0,0.0,inf,2.5,50.0,10
2729.615672888889,13.769788577441908,0.8499519479838911,0.254168820982931,0.0935132464354223,0.022627407381035382,0.0,0.0,0.0,inf,2.5,50.0,10
2737.1922346666665,13.757750616224769,0.8511411821626601,0.255514055537465,0.09327400993977902,-0.004240167313367563,0.0,0.0,0.0,inf,2.5,50.0,10
2752.259655111111,13.733909569358191,0.8507844895364352,0.25532682230904136,0.093285675079601,0.008493196772621054,0.0,0.0,0.0,inf,2.5,50.0,10
2762.4174364444443,13.717910542407804,0.8506568284295523,0.2539144320697423,0.0927083494093775,0.011118841049443518,0.0,0.0,0.0,inf,2.5,50.0,10
2779.793073777778,13.69067892381924,0.8500497663594452,0.2537904684331762,0.09342147048557492,0.016378489930764135,0.0,0.0,0.0,inf,2.5,50.0,10
2749.2146986666667,13.738717036707689,0.8511454286103518,0.25474892756511636,0.0931820283420734,-0.0011886193722842027,0.0,0.0,0.0,inf,2.5,50.0,10
2741.4992,13.75092237380359,0.8509939746338356,0.2565923885415934,0.09295118034720373,-0.011815787193287786,0.0,0.0,0.0,inf,2.5,50.0,10
2765.6902684444444,13.712768193091396,0.8495451046974465,0.2535472938039891,0.09415222791519362,0.019134253559135037,0.0,0.0,0.0,inf,2.5,50.0,10
2744.139704888889,13.746741432217267,0.8511296432421266,0.2551243860197865,0.09320522675689297,0.003971990085259862,0.0,0.0,0.0,inf,2.5,50.0,10
2750.2029653333334,13.737156148661624,0.850539050392752,0.2528489650458902,0.09318267976600259,0.023420112679144962,0.0,0.0,0.0,inf,2.5,50.0,10
2751.5209386666666,13.735075387914994,0.8511885920184742,0.25449098884852595,0.09295642689003919,0.007594973227243317,0.0,0.0,0.0,inf,2.5,50.0,10
2760.1015537777776,13.72155299297649,0.8510493503670222,0.25503810529790794,0.09286599860489336,-0.0038017428080824693,0.0,0.0,0.0,inf,2.5,50.0,10
2751.026432,13.735855977350067,0.8505405661691967,0.25281286857160806,0.092166175830732,0.012640735463264979,0.0,0.0,0.0,inf,2.5,50.0,10
2743.8642844444444,13.747177341446047,0.851139617835838,0.2559113364131284,0.09297439371228161,0.0047125098527339105,0.0,0.0,0.0,inf,2.5,50.0,10
2745.0054542222224,13.745371491542,0.850243419746009,0.25703367577453295,0.09294549865851964,0.01901194505314039,0.0,0.0,0.0,inf,2.5,50.0,10
2736.3445973333332,13.759095721705059,0.8506661510251423,0.25493627961608567,0.09328055405469299,0.02006121112716778,0.0,0.0,0.0,inf,2.5,50.0,10
2743.1888142222224,13.748246596605082,0.8509839305170218,0.2553772333995422,0.0928375865367983,0.006382409300493527,0.0,0.0,0.0,inf,2.5,50.0,10
2744.004984888889,13.746954648726383,0.8506523957295533,0.25250037642439105,0.09311633051290497,0.016451421661539553,0.0,0.0,0.0,inf,2.5,50.0,10
2766.5622115555557,13.711399202481536,0.8500230967453493,0.2568538240582104,0.0924943927480672,0.019187429825102555,0.0,0.0,0.0,inf,2.5,50.0,10
2754.3484515555556,13.730614790446825,0.8509972114345266,0.25491201492511906,0.09392200134989631,0.011788529867051912,0.0,0.0,0.0,inf,2.5,50.0,10
2743.6471608888887,13.747521014759743,0.851109296119062,0.25563713486654477,0.09346972801189313,-0.0063404442527276745,0.0,0.0,0.0,inf,2.5,50.0,10
2755.797255111111,13.72833097641527,0.8508418378085018,0.2555262187929004,0.09298971109421694,0.00537716632904153,0.0,0.0,0.0,inf,2.5,50.0,10
2744.0321422222223,13.746911666947154,0.8508751532321447,0.2542883014095857,0.09312201274423437,0.0088141518339095,0.0,0.0,0.0,inf,2.5,50.0,10
2732.155598222222,13.765749317716535,0.84892259793913,0.2518574276200779,0.0916950618134062,0.025837885133503526,0.0,0.0,0.0,inf,2.5,50.0,10
2749.4968604444443,13.738271327556069,0.8481911109130844,0.2519070799845172,0.09253766280322334,0.024831479998296158,0.0,0.0,0.0,inf,2.5,50.0,10
2752.9914453333336,13.73275499002477,0.8493533296111063,0.2478108953085313,0.09022752517986288,0.02548963547421761,0.0,0.0,0.0,inf,2.5,50.0,10
2805.3438506666666,13.650942605894814,0.8493443166334225,0.2527232904132611,0.09613013278300725,0.02428535479147865,0.0,0.0,0.0,inf,2.5,50.0,10
2766.8453973333335,13.710954680662638,0.8498986880247074,0.2549059111827269,0.09036931255378688,0.019656932274629096,0.0,0.0,0.0,inf,2.5,50.0,10
2772.5637688888887,13.701988171709425,0.8494285164061118,0.25283976678908765,0.09228312515073689,0.017761330644464286,0.0,0.0,0.0,inf,2.5,50.0,10
2732.962033777778,13.764467623385642,0.8504088484382908,0.252970710336563,0.09430693644433591,0.024162277151809616,0.0,0.0,0.0,inf,2.5,50.0,10
2751.1255608888887,13.735699489017856,0.8500757828238833,0.2539762817488811,0.09196265629414468,0.01897970527949972,0.0,0.0,0.0,inf,2.5,50.0,10
2754.5155128888887,13.730351382906916,0.8504194466262174,0.2525468882962179,0.0940890319153031,0.015858188728272545,0.0,0.0,0.0,inf,2.5,50.0,10
2736.7548017777776,13.75844472118774,0.8497796315460622,0.2585473886837584,0.09179539313375512,0.03119420213148399,0.0,0.0,0.0,inf,2.5,50.0,10
2733.321102222222,13.763897065877394,0.8497115844379611,0.2518215020032124,0.09350039621956097,0.024069177564720056,0.0,0.0,0.0,inf,2.5,50.0,10
2755.874481777778,13.728209274264662,0.8508890800798473,0.25543750839997803,0.09316932915321374,0.0058434354912040125,0.0,0.0,0.0,inf,2.5,50.0,10
2757.160768,13.726182706345952,0.8496869378944885,0.2549978305575328,0.09271022110759258,0.02010523722451637,0.0,0.0,0.0,inf,2.5,50.0,10
2822.2473386666666,13.624852886887851,0.8447855827377038,0.24580638643118696,0.09380590273441741,0.041356692488427715,0.0,0.0,0.0,inf,2.5,50.0,10
2760.923861333333,13.720259307077242,0.849306685669287,0.2528687786636634,0.09352489898412958,0.021929033557611954,0.0,0.0,0.0,inf,2.5,50.0,10
2752.103616,13.734155799200218,0.8505424044506347,0.25341554819380896,0.09288493825195365,0.014158138178259876,0.0,0.0,0.0,inf,2.5,50.0,10
2770.3156977777776,13.705510979440987,0.8484284068603262,0.2499867724769203,0.09067173166557219,0.016984801949887034,0.0,0.0,0.0,inf,2.5,50.0,10
2735.3809564444446,13.760625418035017,0.8510111991155442,0.25557302302073676,0.09327185268363708,0.008692583830804543,0.0,0.0,0.0,inf,2.5,50.0,10
2780.642922666667,13.689351385165779,0.8478989351191041,0.25501514899538436,0.09167104554581007,0.034994086428262246,0.0,0.0,0.0,inf,2.5,50.0,10
2750.350976,13.736922425962065,0.8501381023027174,0.25610432316997167,0.09291580384694892,0.02004519909187271,0.0,0.0,0.0,inf,2.5,50.0,10
2751.5752604444447,13.734989648369533,0.8503461368222337,0.25414537412667526,0.09082957687129228,0.017588584067208302,0.0,0.0,0.0,inf,2.5,50.0,10
2754.837888,13.729843135489004,0.8508560168047498,0.2527787231844037,0.09252094441766495,0.009401007216929309,0.0,0.0,0.0,inf,2.5,50.0,10
2759.1674666666668,13.72302300243007,0.8486305459017863,0.2551085438304519,0.09203296526496879,0.032963516486271355,0.0,0.0,0.0,inf,2.5,50.0,10
2746.406272,13.743155786457162,0.8488830303861826,0.2574056484245605,0.09241458484200205,0.03401415435204488,0.0,0.0,0.0,inf,2.5,50.0,10
2763.335111111111,13.716468056360336,0.8495097889080951,0.2557986857139656,0.09307087127565866,0.019970925298799708,0.0,0.0,0.0,inf,2.5,50.0,10
2835.441400888889,13.604596845707293,0.8443832430089018,0.2536309499974934,0.09439726447421798,0.039472324050002804,0.0,0.0,0.0,inf,2.5,50.0,10
2788.394688,13.677261141504806,0.8476184933661995,0.2556690450282961,0.08834504145186972,0.03243506812745211,0.0,0.0,0.0,inf,2.5,50.0,10
2823.0446435555555,13.623626147448928,0.8459010603126264,0.24507128615315488,0.09368795878475228,0.04032990189278056,0.0,0.0,0.0,inf,2.5,50.0,10
2847.7053013333334,13.585853171344581,0.844070504209578,0.25426276283349675,0.08938695027360954,0.04390471739563376,0.0,0.0,0.0,inf,2.5,50.0,10
2823.1715697777777,13.62343088975476,0.8450071140269312,0.25980473688940164,0.09439037771910042,0.03617682532742153,0.0,0.0,0.0,inf,2.5,50.0,10
2839.1797902222224,13.598874659013688,0.8468466165049898,0.2548450917153272,0.09054419989412227,0.03630396715169009,0.0,0.0,0.0,inf,2.5,50.0,10
2839.436522666667,13.598481966576374,0.844299350813066,0.24846362589592585,0.08690102363281743,0.04886961671154345,0.0,0.0,0.0,inf,2.5,50.0,10
2738.9367751111113,13.754983536366874,0.848261450486094,0.25333957593486633,0.09217350574305394,0.03757467465899305,0.0,0.0,0.0,inf,2.5,50.0,10
2763.586865777778,13.71607240878992,0.8498960664066634,0.25238209379591725,0.0942211937898847,0.018692052599595194,0.0,0.0,0.0,inf,2.5,50.0,10
2774.6197546666667,13.698768868380968,0.8473341256088411,0.25529242881367475,0.09151206938286982,0.04201047773314209,0.0,0.0,0.0,inf,2.5,50.0,10
2775.175367111111,13.697899288822768,0.8480130811444256,0.2565734832272272,0.09406367818260647,0.02975890013252771,0.0,0.0,0.0,inf,2.5,50.0,10
2779.915384888889,13.690487838113814,0.8475986291509723,0.2552142593701443,0.08857318540815562,0.037337721208902046,0.0,0.0,0.0,inf,2.5,50.0,10
2764.5315413333333,13.714588115745716,0.8470030092000699,0.26402923260630745,0.08943221205050922,0.03578118973576868,0.0,0.0,0.0,inf,2.5,50.0,10
2750.8601244444444,13.73611852894199,0.8494254717793929,0.25431510727879103,0.09483623647881934,0.024249032214872943,0.0,0.0,0.0,inf,2.5,50.0,10
2792.533952,13.670818988379672,0.8487970587428968,0.2544788663593477,0.09234583136812996,0.02384811263709645,0.0,0.0,0.0,inf,2.5,50.0,10
2772.511936,13.702069363522932,0.8480928271143785,0.2551001227801492,0.09092003131685877,0.03517489864925892,0.0,0.0,0.0,inf,2.5,50.0,10
2763.0608355555555,13.716899137888138,0.8483603631609297,0.2501693593845812,0.09265566558727745,0.030757636271068707,0.0,0.0,0.0,inf,2.5,50.0,10
2736.239488,13.759262547477881,0.8499379340623541,0.2534057896414704,0.09246803579085161,0.021942103753309513,0.0,0.0,0.0,inf,2.5,50.0,10
2786.8991644444445,13.67959105508605,0.8481336776565052,0.25081747980743097,0.0913545523367631,0.042705134365057684,0.0,0.0,0.0,inf,2.5,50.0,10
2798.918144,13.660901634124446,0.8437032997406024,0.2570723046413924,0.09043019211638753,0.04177996881377435,0.0,0.0,0.0,inf,2.5,50.0,10
2809.5387235555554,13.644453385638469,0.8433619819914141,0.2591280001031366,0.08554635279367201,0.06187707094716741,0.0,0.0,0.0,inf,2.5,50.0,10
2773.0334577777776,13.701252513186795,0.8414163264632942,0.25498106212500227,0.08654599309934624,0.05817750310529675,0.0,0.0,0.0,inf,2.5,50.0,10
2829.033166222222,13.614423219217485,0.8459118092905448,0.252910271998335,0.09487067204091537,0.04137907579748741,0.0,0.0,0.0,inf,2.5,50.0,10
2754.6544924444443,13.730132264404384,0.8483249857553641,0.2557175029531233,0.08970844651903531,0.033884722070938955,0.0,0.0,0.0,inf,2.5,50.0,10
2791.9622186666666,13.671708238278201,0.8448686870394706,0.25718822208485015,0.09364839332465247,0.04828901434894433,0.0,0.0,0.0,inf,2.5,50.0,10
2768.726030222222,13.708003771155855,0.8471654458297961,0.255754104730705,0.09461545381462927,0.03941771742528608,0.0,0.0,0.0,inf,2.5,50.0,10
2782.437248,13.686549823462107,0.8456340952273023,0.25284035062155974,0.09290562267295427,0.05140304936661121,0.0,0.0,0.0,inf,2.5,50.0,10
2782.398279111111,13.68661064816511,0.8424174992926899,0.24401064699205977,0.09046692343963492,0.054553162929753506,0.0,0.0,0.0,inf,2.5,50.0,10
2782.411776,13.6865895814106,0.8430928943517548,0.24855929894151385,0.08911104110838824,0.05231273327050068,0.0,0.0,0.0,inf,2.5,50.0,10
2741.046264888889,13.751639950050327,0.8484516114970371,0.2565939788642718,0.09448549317675331,0.03376840942851286,0.0,0.0,0.0,inf,2.5,50.0,10
2795.5751964444444,13.666091822980224,0.8467675900972641,0.25392141840308313,0.08993531770055851,0.0377131213447568,0.0,0.0,0.0,inf,2.5,50.0,10
2848.910008888889,13.584016298664956,0.8418013257739577,0.24889153379468087,0.09174034184239332,0.05826934163474041,0.0,0.0,0.0,inf,2.5,50.0,10
2811.215623111111,13.641862031523438,0.847426835707183,0.2519508472627575,0.09181938467728196,0.04570783336483948,0.0,0.0,0.0,inf,2.5,50.0,10
2774.2344746666668,13.699371965782127,0.845725294980038,0.25829579706115413,0.09159424140270334,0.04388079308959851,0.0,0.0,0.0,inf,2.5,50.0,10
2938.8710684444445,13.448998273612618,0.837630422435861,0.25012709150514273,0.0855255875248252,0.06289047515747942,0.0,0.0,0.0,inf,2.5,50.0,10
2799.1755164444444,13.660502300210888,0.8479531347657563,0.2506257109267072,0.09131095281605878,0.036463879989724474,0.0,0.0,0.0,inf,2.5,50.0,10
2813.769102222222,13.637919044945031,0.8460992078618461,0.25029043876330315,0.0930826837573906,0.040737331768184205,0.0,0.0,0.0,inf,2.5,50.0,10
2790.4603164444443,13.674045101384154,0.8469704433172998,0.25597386907855146,0.08993524868889952,0.04641975756044158,0.0,0.0,0.0,inf,2.5,50.0,10
2835.6668302222224,13.604251577334383,0.8412671480838357,0.25695819283651467,0.09086224154069267,0.062111003049277844,0.0,0.0,0.0,inf,2.5,50.0,10
2764.450830222222,13.71471491083324,0.8472109311857382,0.25478942961646533,0.0908009029103009,0.05149593175374487,0.0,0.0,0.0,inf,2.5,50.0,10
2790.5556053333335,13.67389680064746,0.8443213963245328,0.24832811604894173,0.09031394543388055,0.051543543632445066,0.0,0.0,0.0,inf,2.5,50.0,10
2785.1009564444444,13.682394184382112,0.8460432117827439,0.24567502715800388,0.08721889756332424,0.04847851775839424,0.0,0.0,0.0,inf,2.5,50.0,10
2779.5789937777777,13.691013399589533,0.8432654219651411,0.2546620612655658,0.08643162353366207,0.05515629816225303,0.0,0.0,0.0,inf,2.5,50.0,10
2786.781383111111,13.679774602681608,0.8424535521271236,0.2467275207596697,0.0886256949549673,0.06397691735019194,0.0,0.0,0.0,inf,2.5,50.0,10
2829.136775111111,13.614264168608575,0.8424303577058094,0.2596742397979555,0.0955066885388155,0.06665127645747204,0.0,0.0,0.0,inf,2.5,50.0,10
2777.5202773333335,13.694231226692882,0.8463098741919328,0.2575250294794794,0.08920640103753463,0.046587171893530524,0.0,0.0,0.0,inf,2.5,50.0,10
2826.498104888889,13.618316622575414,0.8442983792379238,0.26350734401190623,0.09449018725246533,0.04548671303683391,0.0,0.0,0.0,inf,2.5,50.0,10
2808.8786915555556,13.64547377353641,0.843459820541191,0.24311998273118912,0.09486182052248843,0.06499359857804363,0.0,0.0,0.0,inf,2.5,50.0,10
2827.570688,13.61666889967288,0.8448429543335381,0.2558020198002602,0.0902650227467785,0.04744826567289016,0.0,0.0,0.0,inf,2.5,50.0,10
2828.1853013333334,13.615725000463916,0.8455970342274644,0.2539322350977447,0.09368108010546033,0.04601705565375079,0.0,0.0,0.0,inf,2.5,50.0,10
2782.092536888889,13.687087896360932,0.8464532708840597,0.25098869323880285,0.09363530621658578,0.05367302642917821,0.0,0.0,0.0,inf,2.5,50.0,10
2820.659783111111,13.627296544459394,0.8420296675834764,0.24129455100984676,0.08652793349654336,0.06617527152996813,0.0,0.0,0.0,inf,2.5,50.0,10
2798.1206755555554,13.662139203340683,0.8447310527526155,0.24699204579181533,0.0934644170422918,0.04747885463826391,0.0,0.0,0.0,inf,2.5,50.0,10
2853.077767111111,13.577667513675344,0.8406703039783994,0.24805571586341701,0.09372381420578219,0.0559912896617384,0.0,0.0,0.0,inf,2.5,50.0,10
2797.5233137777777,13.663066463635543,0.8443405317179719,0.2511323627835955,0.09713558288219593,0.04780658790804068,0.0,0.0,0.0,inf,2.5,50.0,10
2815.228401777778,13.635667255854099,0.8449335668331805,0.25973636822572216,0.08617497895294424,0.058977614642094014,0.0,0.0,0.0,inf,2.5,50.0,10
2812.572280888889,13.639766685794875,0.8473148175659544,0.25499211421676116,0.09301262884095912,0.04331262486316617,0.0,0.0,0.0,inf,2.5,50.0,10
2930.5830755555558,13.4612632368671,0.8396622620421555,0.24748450491035934,0.09037074477294621,0.0694838391371449,0.0,0.0,0.0,inf,2.5,50.0,10
2895.7667057777776,13.513167903851226,0.8347688358440589,0.24326679721070354,0.08322360964439929,0.06993639504379846,0.0,0.0,0.0,inf,2.5,50.0,10
2846.2056533333334,13.588140839246108,0.8450871040099861,0.2577541878989669,0.0950735969493618,0.0628088933321033,0.0,0.0,0.0,inf,2.5,50.0,10
2871.0851057777777,13.55034294661249,0.8423925388615359,0.2576998523697165,0.08871008568115413,0.05485668421271915,0.0,0.0,0.0,inf,2.5,50.0,10
2785.7345777777778,13.681406259866375,0.84411063601269,0.25869743070780116,0.08893524753740578,0.05936229776051714,0.0,0.0,0.0,inf,2.5,50.0,10
2895.578944,13.51344950991987,0.8329176283368411,0.2571595354737174,0.08557550680449261,0.08432881032902706,0.0,0.0,0.0,inf,2.5,50.0,10
2830.808696888889,13.611698396811036,0.8417788090160506,0.25261191001160216,0.0877315555156698,0.06676743018453611,0.0,0.0,0.0,inf,2.5,50.0,10
2886.9662577777776,13.526386528952447,0.8346924735229577,0.26647420012280953,0.08455791293258103,0.07351522017615572,0.0,0.0,0.0,inf,2.5,50.0,10
2818.309930666667,13.63091609930995,0.8438579345811044,0.2549630474638222,0.09144866368509152,0.05695229374981492,0.0,0.0,0.0,inf,2.5,50.0,10
2901.9632568888887,13.50388451536498,0.835197243296399,0.23407319940489668,0.08701853011433236,0.07185208556111469,0.0,0.0,0.0,inf,2.5,50.0,10
2856.370424888889,13.572658331652397,0.8404282332255115,0.24615105068464627,0.09096941996523106,0.05977823742879969,0.0,0.0,0.0,inf,2.5,50.0,10
2854.915256888889,13.574871393584612,0.8440685892790655,0.2593858910975213,0.08903290304972122,0.060406873864332584,0.0,0.0,0.0,inf,2.5,50.0,10
2788.455025777778,13.677167165997897,0.8485143119536059,0.25530537250279767,0.09459122917223323,0.0529843526114266,0.0,0.0,0.0,inf,2.5,50.0,10
2859.9304675555554,13.567248864535609,0.8418265982294362,0.262726853289064,0.09156399456053743,0.057147975902002275,0.0,0.0,0.0,inf,2.5,50.0,10
2840.514503111111,13.596833498263472,0.8425271737368237,0.2559413700251802,0.09082524795714675,0.06107733109063289,0.0,0.0,0.0,inf,2.5,50.0,10
2832.396152888889,13.60926365034712,0.8402878771140766,0.2488310378717678,0.0873271273527908,0.05600602649037881,0.0,0.0,0.0,inf,2.5,50.0,10
2853.0273493333334,13.577744260115278,0.8369653996952018,0.23799311758792924,0.08848768166800186,0.062320175811642314,0.0,0.0,0.0,inf,2.5,50.0,10
2829.8779164444445,13.613126608058685,0.8375901644856385,0.24282011454425634,0.0898520070854793,0.06658502939089608,0.0,0.0,0.0,inf,2.5,50.0,10
2868.727594666667,13.553910498996476,0.8393185141952156,0.2524942020900275,0.08926404550838946,0.07138004316844952,0.0,0.0,0.0,inf,2.5,50.0,10
2773.195882666667,13.700998141329237,0.8467805441294339,0.2501790055516922,0.090490437025108,0.0469733831581952,0.0,0.0,0.0,inf,2.5,50.0,10
2833.9423004444443,13.60689357177246,0.8409295702890661,0.2565585115500468,0.08925433934936017,0.06449307113274572,0.0,0.0,0.0,inf,2.5,50.0,10
2798.8338275555557,13.661032465810969,0.8438813539022954,0.25045710793650966,0.08544749196188006,0.0537148676547972,0.0,0.0,0.0,inf,2.5,50.0,10
2913.972039111111,13.485949806672997,0.8312523114867574,0.2573238884878498,0.0904897199920241,0.07949052239171189,0.0,0.0,0.0,inf,2.5,50.0,10
2880.1414897777777,13.536665374418886,0.8288430672834811,0.24983457243841978,0.0843024129890409,0.0963093749909042,0.0,0.0,0.0,inf,2.5,50.0,10
2910.0029795555556,13.491869272071321,0.8339394278163333,0.2558224555264578,0.0905013671820426,0.06521621796127655,0.0,0.0,0.0,inf,2.5,50.0,10
2793.3555982222224,13.669541353296655,0.8478293421503227,0.25227926863607175,0.09067293274128357,0.05223474083156408,0.0,0.0,0.0,inf,2.5,50.0,10
2839.962311111111,13.597677842663245,0.8347495159543598,0.25343879522334467,0.09000790929538038,0.08509319987333594,0.0,0.0,0.0,inf,2.5,50.0,10
2914.3688604444446,13.485358429749086,0.8314254144100565,0.25166025358618815,0.08940260860963889,0.08500252760649883,0.0,0.0,0.0,inf,2.5,50.0,10
2833.015879111111,13.608313521113256,0.8350826644057971,0.25482171096514394,0.08596391665646225,0.08021963660015452,0.0,0.0,0.0,inf,2.5,50.0,10
2921.6321066666665,13.474548323988543,0.8273937706118494,0.2383483878403162,0.08499997703155437,0.09296024739091614,0.0,0.0,0.0,inf,2.5,50.0,10
2971.228231111111,13.401443480056173,0.8338995100307994,0.24217832899370273,0.07999831423039255,0.07865901857576185,0.0,0.0,0.0,inf,2.5,50.0,10
2866.302577777778,13.557583266129225,0.8405152358688486,0.24712939026175118,0.08561663310043954,0.06840037673796476,0.0,0.0,0.0,inf,2.5,50.0,10
2806.387036444444,13.64932795315675,0.8387832323300219,0.24438718397123377,0.08626363745924187,0.08057914724295308,0.0,0.0,0.0,inf,2.5,50.0,10
2971.612942222222,13.40088119710752,0.8274679654656697,0.24768072156135534,0.07781156529384758,0.07599749773356455,0.0,0.0,0.0,inf,2.5,50.0,10
2804.8188373333332,13.651755453603297,0.8409898251519787,0.24916067325332125,0.08989538798986996,0.06888505131672384,0.0,0.0,0.0,inf,2.5,50.0,10
2780.393984,13.689740207218758,0.8465947527682667,0.25269343716402604,0.0922033512499712,0.05112867212655245,0.0,0.0,0.0,inf,2.5,50.0,10
2942.9853795555555,13.442922562926341,0.826982939652944,0.2412750685080876,0.07945299523647287,0.09942610295710227,0.0,0.0,0.0,inf,2.5,50.0,10
2978.359367111111,13.391032625702126,0.8137761691407809,0.23660507923460233,0.06748689754787746,0.1099935544954834,0.0,0.0,0.0,inf,2.5,50.0,10
2876.2253653333332,13.54257448876778,0.8383121411510926,0.26222491631390976,0.09017491195318894,0.0641150645910646,0.0,0.0,0.0,inf,2.5,50.0,10
2886.418574222222,13.527210502942202,0.8367059000757168,0.24513634325944467,0.09535778559294761,0.09008176490932139,0.0,0.0,0.0,inf,2.5,50.0,10
2806.941952,13.648469294186354,0.8359149057015056,0.26245862405888565,0.08347417929489498,0.0734764536585259,0.0,0.0,0.0,inf,2.5,50.0,10
2807.4619235555556,13.647664860508353,0.8440765558353048,0.24913540749699808,0.0851080875096269,0.056020985758070616,0.0,0.0,0.0,inf,2.5,50.0,10
2966.0566542222223,13.40900918699788,0.8210615575164213,0.2342927741080048,0.07958701818959735,0.08555532513924324,0.0,0.0,0.0,inf,2.5,50.0,10
3085.4251164444445,13.237653503572101,0.8247282960352248,0.247604708798903,0.09246564813013641,0.08736786837486993,0.0,0.0,0.0,inf,2.5,50.0,10
2894.106936888889,13.515657866616952,0.8436759133404513,0.24637595496139808,0.09025300717664758,0.07960144594662881,0.0,0.0,0.0,inf,2.5,50.0,10
2975.177742222222,13.39567444530918,0.8300124912426456,0.2516093634290155,0.0880459786436632,0.09881629813013301,0.0,0.0,0.0,inf,2.5,50.0,10
2913.59936,13.486505278139969,0.8281045793214109,0.24457679254695325,0.08058810484448997,0.08822947902334183,0.0,0.0,0.0,inf,2.5,50.0,10
2908.2954524444444,13.494418366560073,0.8351612734005751,0.24656574076279159,0.08591770790653891,0.08409672966566709,0.0,0.0,0.0,inf,2.5,50.0,10
2928.2430577777777,13.464732385257426,0.8251520955500974,0.25297713649384845,0.08423170702428745,0.08866818200824994,0.0,0.0,0.0,inf,2.5,50.0,10
2896.187925333333,13.512536223043552,0.8390190847084802,0.24873315142646524,0.08703438345382469,0.09066894218185097,0.0,0.0,0.0,inf,2.5,50.0,10
2866.883562666667,13.556703062605404,0.8327343080277434,0.2431664793988496,0.08931115830091779,0.08594569705427761,0.0,0.0,0.0,inf,2.5,50.0,10
2853.790968888889,13.576582016137152,0.8285639102387614,0.2391887904820278,0.07731545667026418,0.09638763158445952,0.0,0.0,0.0,inf,2.5,50.0,10
2874.4281528888887,13.545289030585918,0.8251157484405552,0.24014444248455352,0.07510306932121652,0.09156023707182169,0.0,0.0,0.0,inf,2.5,50.0,10
2957.737656888889,13.42120710212511,0.827463126659167,0.2382444444834011,0.07811385748871502,0.09563196982616136,0.0,0.0,0.0,inf,2.5,50.0,10
2990.5242097777777,13.37333038276167,0.8289877922318112,0.25640021934966695,0.08954333374588352,0.09843363841976684,0.0,0.0,0.0,inf,2.5,50.0,10
3063.9916302222223,13.267927862497945,0.8161846676990949,0.27032228107820355,0.0851304447507164,0.10081225785300582,0.0,0.0,0.0,inf,2.5,50.0,10
2923.226496,13.472178944149888,0.8349506616606055,0.24464042297464744,0.09264751888103928,0.08348970959892,0.0,0.0,0.0,inf,2.5,50.0,10
2947.0006044444444,13.437001359420233,0.8288900295580336,0.24168638696499017,0.07636641628048224,0.09374749330359866,0.0,0.0,0.0,inf,2.5,50.0,10
2922.645041777778,13.473042878156619,0.8341842907524704,0.25000591706596054,0.0820353548981298,0.08683344021157073,0.0,0.0,0.0,inf,2.5,50.0,10
2734.5133084444446,13.762003195094488,0.8463108479048959,0.2579399268615252,0.08953816459436748,0.08824044689347839,0.0,0.0,0.0,inf,2.5,50.0,10
2870.0285795555556,13.551941394365404,0.8441824740638003,0.25556969799312107,0.0902700967074469,0.0599588021001617,0.0,0.0,0.0,inf,2.5,50.0,10
2865.178446222222,13.55928685420961,0.8361395219918915,0.26407565588812,0.09023516072525867,0.10407231531432691,0.0,0.0,0.0,inf,2.5,50.0,10
2855.7549795555556,13.573594181250536,0.8364959531504983,0.24931473996304393,0.07811869435159208,0.08097888925423984,0.0,0.0,0.0,inf,2.5,50.0,10
3011.8181262222224,13.342516181609339,0.817173983607085,0.24122182886448607,0.08010254914430731,0.11558885165477237,0.0,0.0,0.0,inf,2.5,50.0,10
2994.2195768888887,13.36796715316946,0.827031841650941,0.24259088938917162,0.08982440051670443,0.09964548431660972,0.0,0.0,0.0,inf,2.5,50.0,10
2954.890808888889,13.425389236957075,0.8220553556287612,0.25232096735493875,0.09133471886689598,0.10631108257094862,0.0,0.0,0.0,inf,2.5,50.0,10
2821.060074666667,13.626680262834627,0.8429109123233266,0.25894355481595177,0.08237746006885166,0.09558025241206886,0.0,0.0,0.0,inf,2.5,50.0,10
2981.2681884444446,13.386793148847406,0.8248335165129624,0.22813760386848964,0.07796041858264963,0.11315580623808352,0.0,0.0,0.0,inf,2.5,50.0,10
2871.604984888889,13.54955662303847,0.8371599705951618,0.23562903274689445,0.0862303927090815,0.09993324441418246,0.0,0.0,0.0,inf,2.5,50.0,10
2874.745521777778,13.54480954756762,0.8346577298347181,0.24571341487253168,0.08449371755963264,0.09888422368852112,0.0,0.0,0.0,inf,2.5,50.0,10
2952.537315555556,13.42884965729705,0.819557660316778,0.2382696317951029,0.07977027468681036,0.11278526769931832,0.0,0.0,0.0,inf,2.5,50.0,10
2939.410062222222,13.448201843435424,0.8292225733959028,0.2322680497790079,0.08867654806181685,0.09978420811810002,0.0,0.0,0.0,inf,2.5,50.0,10
2910.854321777778,13.490598898266164,0.8335972785713516,0.2483440918162006,0.08195440672536197,0.08632081126416315,0.0,0.0,0.0,inf,2.5,50.0,10
2909.913870222222,13.492002262602817,0.8367123571946298,0.24491410045208506,0.08228647871012407,0.09909299152835686,0.0,0.0,0.0,inf,2.5,50.0,10
2884.4005404444442,13.530247926061152,0.823083049660257,0.22892488517306486,0.07199111468888991,0.10371089852599884,0.0,0.0,0.0,inf,2.5,50.0,10
2932.6880995555557,13.458144839919562,0.8309444178130194,0.2694390257277057,0.08924331824340664,0.09252745522306492,0.0,0.0,0.0,inf,2.5,50.0,10
2864.2292195555556,13.56072589967898,0.8293416597275667,0.2443430775552543,0.08307693026563645,0.10842139504739363,0.0,0.0,0.0,inf,2.5,50.0,10
2928.7970275555554,13.463910857609187,0.8244068983896062,0.2499090275101467,0.0844091791219902,0.09546135645705572,0.0,0.0,0.0,inf,2.5,50.0,10
2876.392270222222,13.542322478719973,0.8324911621536225,0.24758740669887697,0.08330650079204077,0.11813739077686614,0.0,0.0,0.0,inf,2.5,50.0,10
2950.463125333333,13.431901696388096,0.8261814648969169,0.23362091398766666,0.08441438283295011,0.10892048125915213,0.0,0.0,0.0,inf,2.5,50.0,10
2994.010951111111,13.368269763510476,0.8275956165089278,0.23228417768589926,0.08534543601310474,0.10359302643193115,0.0,0.0,0.0,inf,2.5,50.0,10
3098.470762666667,13.219329583884864,0.8112654474911735,0.25434304920980866,0.07650248735019383,0.11928150586951719,0.0,0.0,0.0,inf,2.5,50.0,10
2732.7900515555557,13.764740928610447,0.8513329657307196,0.25509855806269144,0.09372277626582065,0.0,0.009652730239707932,0.0,0.0,inf,2.5,50.0,10
2802.115960888889,13.655942569944964,0.8484524919419422,0.25364916969704254,0.09245505166748219,0.0,0.03500439827756641,0.0,0.0,inf,2.5,50.0,10
2726.2794382222223,13.775099927668233,0.8515023885027891,0.2545191611292429,0.09299002165588688,0.0,-0.017572469727864515,0.0,0.0,inf,2.5,50.0,10
2742.693888,13.749030221554833,0.8511822284230757,0.25486272144351574,0.09306396708876774,0.0,-0.00249566052872362,0.0,0.0,inf,2.5,50.0,10
2753.730816,13.731588762322318,0.8511219860474912,0.25509863361354423,0.0931429958554787,0.0,-0.005425294193412401,0.0,0.0,inf,2.5,50.0,10
2752.309198222222,13.733831393209087,0.8511123831496609,0.2548712934861215,0.0931611711452972,0.0,0.0014490648630363734,0.0,0.0,inf,2.5,50.0,10
2747.7081315555556,13.741097618788112,0.851227085731181,0.25502157308537465,0.09381831161820847,0.0,-0.007875963477857788,0.0,0.0,inf,2.5,50.0,10
2740.6204657777776,13.752314643401139,0.8512135427826663,0.25494479145951354,0.09320555311656403,0.0,-0.0019109727937012945,0.0,0.0,inf,2.5,50.0,10
2747.8704355555556,13.740841093544224,0.8511032589595325,0.2549349376169432,0.09317133119322024,0.0,-0.0016157924215497888,0.0,0.0,inf,2.5,50.0,10
2724.8743537777777,13.777338794732453,0.8500783925545807,0.2548447525939642,0.09153571836967617,0.0,-0.026098556935593653,0.0,0.0,inf,2.5,50.0,10
2753.455822222222,13.732022480255598,0.8502990564069521,0.2556631632141275,0.0925618450458282,0.0,0.02519154690660603,0.0,0.0,inf,2.5,50.0,10
2747.956728888889,13.740704711094875,0.8508631822192131,0.2549572915259082,0.09291138911666108,0.0,-0.008362951240356313,0.0,0.0,inf,2.5,50.0,10
2750.1884444444445,13.737179079182189,0.8508197309430202,0.25528274946331486,0.09300562715875732,0.0,-0.00561144752316722,0.0,0.0,inf,2.5,50.0,10
2756.0886684444445,13.727871753548568,0.850774988133292,0.2548459119229345,0.09316671929731069,0.0,-0.01545866552232068,0.0,0.0,inf,2.5,50.0,10
2765.205802666667,13.713529013080754,0.8503075781672369,0.2559519184998869,0.09394987287123507,0.0,0.019901115330353807,0.0,0.0,inf,2.5,50.0,10
2752.331534222222,13.73379614875983,0.8511332808069492,0.2549022614691908,0.09313428159890003,0.0,0.00043788643083376115,0.0,0.0,inf,2.5,50.0,10
2752.0940444444445,13.734170903576977,0.8511424402232572,0.25489472039598543,0.09314582004940991,0.0,0.0006995720319218838,0.0,0.0,inf,2.5,50.0,10
2776.2584675555554,13.696204647163166,0.8506366782868622,0.25532635539235093,0.0931911896675881,0.0,0.032944705630770274,0.0,0.0,inf,2.5,50.0,10
2746.819854222222,13.74250183020946,0.8509096031728395,0.25505448480962245,0.0932238118808214,0.0,-0.005587299526485753,0.0,0.0,inf,2.5,50.0,10
2739.5757226666665,13.753970519059806,0.849144630173303,0.2558099680787711,0.09093968355534077,0.0,0.03766487577087772,0.0,0.0,inf,2.5,50.0,10
2741.1785173333333,13.75143041283092,0.8511189679360164,0.25524004601652517,0.0934265545956302,0.0,-0.008259340069618159,0.0,0.0,inf,2.5,50.0,10
2766.130112,13.712077564631526,0.8489814600489131,0.2538354625020124,0.0907267981098312,0.0,0.04098223190310964,0.0,0.0,inf,2.5,50.0,10
2755.720590222222,13.728451796628999,0.850544432837704,0.2558685220146076,0.09309562643039221,0.0,-0.017522198578849315,0.0,0.0,inf,2.5,50.0,10
2773.946360888889,13.699823018938723,0.8482566236158784,0.2534804247899374,0.0907601983329413,0.0,0.04582695671099154,0.0,0.0,inf,2.5,50.0,10
2745.0646826666666,13.745277785684138,0.8508054221320903,0.25600470494390243,0.09321252997173102,0.0,0.018998709382507417,0.0,0.0,inf,2.5,50.0,10
2756.4737564444445,13.727264988197616,0.8506409569942722,0.25497308942416275,0.09188945317227121,0.0,0.027473057998145884,0.0,0.0,inf,2.5,50.0,10
2737.0946702222222,13.757905418852372,0.8486188657334688,0.2555191135542507,0.09166443904071686,0.0,0.04079671677073615,0.0,0.0,inf,2.5,50.0,10
2771.235093333333,13.704069908393626,0.8485266744118127,0.2522352051742556,0.09133658482029361,0.0,0.05455414654311616,0.0,0.0,inf,2.5,50.0,10
2750.028849777778,13.737431109527122,0.8508879608899385,0.25417899400478283,0.09260322206120397,0.0,0.010341618205950198,0.0,0.0,inf,2.5,50.0,10
2771.0731662222224,13.704323680098671,0.8506077241758013,0.25437130305456235,0.09318927955815037,0.0,0.01805019350997379,0.0,0.0,inf,2.5,50.0,10
2758.1866524444445,13.72456708388569,0.8510412270392183,0.25489243196528055,0.09330891468695618,0.0,0.003925122719865181,0.0,0.0,inf,2.5,50.0,10
2731.3369884444446,13.76705074791468,0.8507347440910111,0.2541825976105823,0.09239338402227143,0.0,0.018929298333308343,0.0,0.0,inf,2.5,50.0,10
2735.9018453333333,13.759798485196747,0.8507097859143934,0.25540645362176156,0.09371573740348715,0.0,-0.010442817811899898,0.0,0.0,inf,2.5,50.0,10
2730.0055466666668,13.769168314519604,0.8513060719956249,0.2552960077606322,0.09392867248495557,0.0,0.01760524869637902,0.0,0.0,inf,2.5,50.0,10
2726.443562666667,13.774838486400899,0.8504994108689468,0.2541849568513015,0.09280759845196357,0.0,0.02141949674233872,0.0,0.0,inf,2.5,50.0,10
2785.948167111111,13.681073288040258,0.8461632906059974,0.2479181605506539,0.09238605115172843,0.0,0.06160336175439597,0.0,0.0,inf,2.5,50.0,10
2708.3247573333333,13.803796211423371,0.8481005185780807,0.2540007860327994,0.09046817912604121,0.0,0.05380786959065638,0.0,0.0,inf,2.5,50.0,10
2738.7673244444445,13.755252231017677,0.8505988881751346,0.255515237510087,0.09262008124017879,0.0,-0.025001061363295166,0.0,0.0,inf,2.5,50.0,10
2761.208277333333,13.719811942557987,0.8491284403765572,0.25533146518923144,0.09252630196935435,0.0,0.037983588292667445,0.0,0.0,inf,2.5,50.0,10
2751.750599111111,13.734712911656622,0.8450461689263952,0.24653632324103109,0.08726419918138117,0.0,0.06553841332523175,0.0,0.0,inf,2.5,50.0,10
2739.793457777778,13.753625365615283,0.8485155883605169,0.254470956188207,0.09326798313464962,0.0,0.03510432370146455,0.0,0.0,inf,2.5,50.0,10
2784.23168,13.683749901451929,0.8472422797112933,0.2523776860265071,0.09187904448897272,0.0,0.049567426905562394,0.0,0.0,inf,2.5,50.0,10
2755.7961742222224,13.728332679821323,0.8504701730104691,0.25636811394449277,0.09311575430373248,0.0,0.0171963443504976,0.0,0.0,inf,2.5,50.0,10
2788.768981333333,13.676678216063983,0.8494826780411039,0.25026349059415154,0.09276024140637895,0.0,0.04156086950760033,0.0,0.0,inf,2.5,50.0,10
2760.2704995555555,13.721287169519867,0.8484604315379316,0.25738936242059385,0.09352445917152363,0.0,0.03703553790457761,0.0,0.0,inf,2.5,50.0,10
2750.501191111111,13.736685235098221,0.8473537561146609,0.25318884043189915,0.09261002433237897,0.0,0.04429648543962272,0.0,0.0,inf,2.5,50.0,10
2840.720497777778,13.596518558476397,0.8438101418743505,0.2523017116260004,0.08826514871192931,0.0,0.07021114201183967,0.0,0.0,inf,2.5,50.0,10
2775.289493333333,13.69772069337246,0.8469050308345991,0.24915115512744584,0.09209265253194471,0.0,0.055720023872307636,0.0,0.0,inf,2.5,50.0,10
2765.008782222222,13.713838458186608,0.8466900175559512,0.2539570148743908,0.08535371695839516,0.0,0.06752281732116318,0.0,0.0,inf,2.5,50.0,10
2787.7203697777777,13.678311524007142,0.8420419171490353,0.2482102292393959,0.09369942986583324,0.0,0.07175732012808148,0.0,0.0,inf,2.5,50.0,10
2747.1384106666665,13.741998195855206,0.8501920416304465,0.2547764208099291,0.09309294229788445,0.0,0.03912566512853545,0.0,0.0,inf,2.5,50.0,10
2808.6199608888887,13.645873828108254,0.8476285477876284,0.25106182218361395,0.09009539166594166,0.0,0.045678248659625297,0.0,0.0,inf,2.5,50.0,10
2750.287687111111,13.737022363503485,0.8509174814701419,0.25393009543920536,0.09308437979357198,0.0,0.022562853985267927,0.0,0.0,inf,2.5,50.0,10
2737.9485226666666,13.75655082348235,0.8488180911538419,0.25185720873815076,0.0915453546392232,0.0,0.037110651949097635,0.0,0.0,inf,2.5,50.0,10
2755.4874737777777,13.728819197693696,0.8460841765255234,0.2558420779431078,0.08932549145376972,0.0,0.05531302064580473,0.0,0.0,inf,2.5,50.0,10
2763.583758222222,13.716077292280303,0.8483810158100583,0.25193286072607435,0.09026913331856751,0.0,0.04431412312541177,0.0,0.0,inf,2.5,50.0,10
2746.4655573333334,13.74306203843636,0.8496689328271373,0.2541882303068294,0.09410618847547436,0.0,0.03559264641476119,0.0,0.0,inf,2.5,50.0,10
2761.6461653333336,13.719123268451272,0.8505657841599221,0.25603033609516324,0.09355889904807219,0.0,0.014988199415836342,0.0,0.0,inf,2.5,50.0,10
2734.788494222222,13.761566167959396,0.8512471675417059,0.25572180572933967,0.09279942932061658,0.0,0.00988218082103428,0.0,0.0,inf,2.5,50.0,10
2737.1408853333332,13.757832090010261,0.8491945950331938,0.2542057512634689,0.0922203765879846,0.0,0.05426248401573582,0.0,0.0,inf,2.5,50.0,10
2748.8239502222223,13.739334347368297,0.8472225416192559,0.25541821799757747,0.0945469651048913,0.0,0.0611399529558641,0.0,0.0,inf,2.5,50.0,10
2746.785329777778,13.742556416497376,0.8503366531021099,0.25379862692850563,0.09413609619591962,0.0,0.03416807079096206,0.0,0.0,inf,2.5,50.0,10
2795.5814115555554,13.666082167774158,0.8482849800208537,0.2550516486123162,0.09292790864314004,0.0,0.03819720399510976,0.0,0.0,inf,2.5,50.0,10
2775.577912888889,13.697269380046462,0.8481892721662829,0.2514826393031163,0.09133990820591781,0.0,0.051516844358727706,0.0,0.0,inf,2.5,50.0,10
2854.8414222222223,13.574983713566391,0.836794470961118,0.2539541374924063,0.08695322978708125,0.0,0.10707879337171405,0.0,0.0,inf,2.5,50.0,10
2817.6414933333335,13.631946266622926,0.8462683676919956,0.253765516146738,0.08767319510788502,0.0,0.06079836005150076,0.0,0.0,inf,2.5,50.0,10
2749.714936888889,13.737926880388018,0.8453854027572959,0.2566960961515933,0.08940944560200864,0.0,0.06655966457159378,0.0,0.0,inf,2.5,50.0,10
2789.425912888889,13.675655298233771,0.84356793995822,0.2584779159682894,0.08911443822830573,0.0,0.07874381868915481,0.0,0.0,inf,2.5,50.0,10
2759.8403484444443,13.721964011921994,0.8475657554922902,0.2603798131425743,0.0922512212857719,0.0,0.060190642716873466,0.0,0.0,inf,2.5,50.0,10
2781.709184,13.687686365008386,0.8478007237737741,0.2529037474804865,0.08837862360950982,0.0,0.06684339081517751,0.0,0.0,inf,2.5,50.0,10
2739.419832888889,13.754217652205309,0.8493274869785471,0.25681000101699347,0.08888589715471551,0.0,0.04241425550768899,0.0,0.0,inf,2.5,50.0,10
2949.768704,13.43292397267587,0.8364813231947917,0.2581017788958351,0.09151023873147479,0.0,0.10392180459209657,0.0,0.0,inf,2.5,50.0,10
2752.6235164444442,13.733335450109701,0.8450995276719651,0.2566710977070035,0.09186845497892904,0.0,0.06281534053834201,0.0,0.0,inf,2.5,50.0,10
2733.8248604444443,13.763096723548005,0.8493761240086295,0.2567266347072977,0.0925364020040037,0.0,0.03908282746162287,0.0,0.0,inf,2.5,50.0,10
2740.6733084444445,13.752230906679522,0.8508643972378106,0.2542912510461564,0.09301439539045392,0.0,0.014768022729028898,0.0,0.0,inf,2.5,50.0,10
2882.4319004444446,13.533213053037978,0.8434780084951625,0.2528619482868687,0.08839242990496343,0.0,0.07324305413860428,0.0,0.0,inf,2.5,50.0,10
2826.3269191111112,13.618579659334468,0.8406615614486435,0.2497332140176418,0.09151452232365914,0.0,0.09959889629793617,0.0,0.0,inf,2.5,50.0,10
2729.869966222222,13.769384003828817,0.8505266237743321,0.255592779702677,0.09294187216701721,0.0,0.033825357002983385,0.0,0.0,inf,2.5,50.0,10
2779.616512,13.690954779751952,0.846108545448524,0.2532650033605294,0.09222500447883292,0.0,0.06929930960406755,0.0,0.0,inf,2.5,50.0,10
2733.766506666667,13.763189425149083,0.8493674853824008,0.2556463878980022,0.09438305377642736,0.0,0.04922368979783669,0.0,0.0,inf,2.5,50.0,10
2838.914816,13.599279995136532,0.8389057757520219,0.2579717640364525,0.09309330887940792,0.0,0.10271546942072672,0.0,0.0,inf,2.5,50.0,10
2873.8468124444444,13.546167460895923,0.8388904192148571,0.24701149932064215,0.09256836126228629,0.0,0.09754733338390804,0.0,0.0,inf,2.5,50.0,10
2775.76768,13.696972461730514,0.8484399723721932,0.2566329311862591,0.09350679814653645,0.0,0.05498103136549513,0.0,0.0,inf,2.5,50.0,10
2752.0953386666665,13.734168861228756,0.8430970586668817,0.2543288344424549,0.08938284569485344,0.0,0.07862405531167516,0.0,0.0,inf,2.5,50.0,10
2847.0687786666667,13.586824020333523,0.8408849648805525,0.26070041353419743,0.08784658523582028,0.0,0.10108313131654925,0.0,0.0,inf,2.5,50.0,10
2766.6049991111113,13.711332035166453,0.8454066870429026,0.2541069056175954,0.09184863383204017,0.0,0.06157573464591748,0.0,0.0,inf,2.5,50.0,10
2753.938062222222,13.731261923898517,0.8437246822730915,0.24914044825497444,0.09105523198757054,0.0,0.10658873248932062,0.0,0.0,inf,2.5,50.0,10
2800.947648,13.657753692871818,0.8399395250461474,0.24929234039742137,0.09011290364924296,0.0,0.0957970638838134,0.0,0.0,inf,2.5,50.0,10
2806.9952497777776,13.648386831807617,0.843501831683825,0.25572139746175904,0.08842516263394934,0.0,0.07952629393143847,0.0,0.0,inf,2.5,50.0,10
2805.3584284444446,13.650920038137222,0.8447040825759616,0.2552766834384942,0.0910837892826164,0.0,0.0712503366575495,0.0,0.0,inf,2.5,50.0,10
2836.532672,13.60292570609497,0.8366657685946308,0.246687726641365,0.0851744243407383,0.0,0.12394362922608446,0.0,0.0,inf,2.5,50.0,10
2810.266958222222,13.643327836760296,0.8460011157180884,0.25346602618722014,0.09198412234663,0.0,0.06261450030857107,0.0,0.0,inf,2.5,50.0,10
2821.1763982222224,13.626501189594633,0.8440063642400211,0.25123270498886785,0.09088352651903958,0.0,0.06934282347035041,0.0,0.0,inf,2.5,50.0,10
2794.3503288888887,13.667995079925394,0.8455055071497996,0.25470937181862596,0.09211586815343692,0.0,0.068443922531343,0.0,0.0,inf,2.5,50.0,10
2756.7088,13.726894682595718,0.8468338172372737,0.250310851014066,0.08784716677047921,0.0,0.060908535784950146,0.0,0.0,inf,2.5,50.0,10
2825.0651235555556,13.620518972169384,0.8421312329257843,0.24580792331225892,0.08499423753906271,0.0,0.09557720510383454,0.0,0.0,inf,2.5,50.0,10
2811.337095111111,13.64167437790076,0.8445917534800612,0.25738634573990776,0.08964484759076846,0.0,0.0758496137352564,0.0,0.0,inf,2.5,50.0,10
2796.6907448888887,13.664359156668475,0.8421020538641903,0.24984856384134208,0.08215829554197773,0.0,0.07984624456444017,0.0,0.0,inf,2.5,50.0,10
2764.801329777778,13.714164311878132,0.8503114601304513,0.25388515285177277,0.0931890156955103,0.0,0.03392296377712108,0.0,0.0,inf,2.5,50.0,10
2839.689024,13.598095780587316,0.8435971654535576,0.24622148821442247,0.08664847560401118,0.0,0.08391730815869275,0.0,0.0,inf,2.5,50.0,10
2902.167032888889,13.503579564276833,0.8347271505466952,0.2475680898132756,0.08275233274331217,0.0,0.12552498280676103,0.0,0.0,inf,2.5,50.0,10
2781.7932515555553,13.687555116479563,0.8410162734860336,0.25034743861659714,0.09389181689697179,0.0,0.12126459474572322,0.0,0.0,inf,2.5,50.0,10
2814.6940444444444,13.636491666648901,0.8405758537237903,0.25283441248925276,0.08633666010720115,0.0,0.10477440207764248,0.0,0.0,inf,2.5,50.0,10
2805.1698133333334,13.651212040952146,0.8364808597497182,0.26047820283060485,0.09274569284257383,0.0,0.1110089289473923,0.0,0.0,inf,2.5,50.0,10
2807.805312,13.647133695381207,0.837099385712771,0.2539386099144322,0.09499515856708157,0.0,0.11758695903009714,0.0,0.0,inf,2.5,50.0,10
2816.108032,13.634310496018395,0.8391788978717938,0.24417032704004965,0.08992123247491618,0.0,0.1024533280204217,0.0,0.0,inf,2.5,50.0,10
2882.0111928888887,13.533846977138671,0.8362077359083063,0.25074039359457767,0.08966442304059469,0.0,0.10515325346941667,0.0,0.0,inf,2.5,50.0,10
2786.0664675555554,13.680888876355777,0.8442332014521285,0.2545517900743083,0.09788110675822331,0.0,0.09011865704607788,0.0,0.0,inf,2.5,50.0,10
2802.543864888889,13.65527942052244,0.8467580200056266,0.25271195327449814,0.0917413443834979,0.0,0.07142181528880645,0.0,0.0,inf,2.5,50.0,10
2875.9500444444443,13.542990228324976,0.8355217658544338,0.24464758193480146,0.09208424346067345,0.0,0.11990118716971655,0.0,0.0,inf,2.5,50.0,10
2833.560632888889,13.607478507027015,0.8397386267810543,0.25325008851979514,0.09069570919452424,0.0,0.09130965601925616,0.0,0.0,inf,2.5,50.0,10
2878.944263111111,13.538471039292517,0.8323326256841407,0.2478417687809777,0.08264860948190916,0.0,0.12484497219304977,0.0,0.0,inf,2.5,50.0,10
2816.1525688888887,13.634241812672732,0.8435155867137091,0.2572419622659209,0.09471218441723317,0.0,0.07730698594220892,0.0,0.0,inf,2.5,50.0,10
2846.1908906666667,13.58816336524064,0.8412803573886067,0.2564542088975396,0.089945599092222,0.0,0.09786214521500756,0.0,0.0,inf,2.5,50.0,10
2804.8129635555556,13.651764548493542,0.8419360850491971,0.25081599317757164,0.08854285322501854,0.0,0.09093675363136784,0.0,0.0,inf,2.5,50.0,10
2951.460679111111,13.430433591683355,0.829126537638794,0.2482811231204774,0.08763616586347656,0.0,0.133993550669387,0.0,0.0,inf,2.5,50.0,10
2806.459633777778,13.649215608661622,0.8356836049602616,0.2592606380787167,0.09141581247770175,0.0,0.12456045590602531,0.0,0.0,inf,2.5,50.0,10
2806.6263324444444,13.648957653192813,0.8393190560946147,0.2507713339154706,0.0912661044621551,0.0,0.08864029784609019,0.0,0.0,inf,2.5,50.0,10
2840.984917333333,13.596114327895691,0.8395564634089171,0.25127131589683616,0.09368945905501419,0.0,0.09489128653304353,0.0,0.0,inf,2.5,50.0,10
2822.1204906666667,13.625048088150828,0.8397309877149023,0.25269567198875065,0.09283934542229016,0.0,0.10333360147781442,0.0,0.0,inf,2.5,50.0,10
2922.624704,13.473073099463921,0.8341617200549142,0.2514260546224697,0.08165261900941173,0.0,0.13248346502484365,0.0,0.0,inf,2.5,50.0,10
2803.8346311111113,13.653279653085965,0.8396177250793048,0.2514147225975113,0.08697560722026171,0.0,0.10296800873227159,0.0,0.0,inf,2.5,50.0,10
2880.1051733333334,13.536720136071805,0.8333105883285834,0.2442174305149299,0.0828119653994307,0.0,0.1425463858683395,0.0,0.0,inf,2.5,50.0,10
2959.6920746666665,13.418338313054207,0.8307378035624711,0.24650831792073313,0.09263682267709433,0.0,0.14269990002590172,0.0,0.0,inf,2.5,50.0,10
2919.3323662222224,13.477968186037275,0.835532865673072,0.24812702402479003,0.08966090408340172,0.0,0.11529198299784839,0.0,0.0,inf,2.5,50.0,10
2906.5023786666666,13.497096781509775,0.8312010925957277,0.24366444430400724,0.07968368411588928,0.0,0.13615706024376856,0.0,0.0,inf,2.5,50.0,10
2965.689208888889,13.409547239316893,0.8283891101545365,0.23846637096527928,0.09372006921509574,0.0,0.15041472717214854,0.0,0.0,inf,2.5,50.0,10
2831.212792888889,13.611078488661363,0.8311698683853302,0.24815404609207314,0.08433044059757977,0.0,0.13270772354270088,0.0,0.0,inf,2.5,50.0,10
2919.982542222222,13.477001059397729,0.8350835661956991,0.2428436983167916,0.08770503028944221,0.0,0.13356729767347744,0.0,0.0,inf,2.5,50.0,10
2894.1517724444443,13.515590586160604,0.8345706919262791,0.2507309856584675,0.09047719628333767,0.0,0.12200882269437258,0.0,0.0,inf,2.5,50.0,10
2881.8910293333333,13.534028057133089,0.8284159693339931,0.25407667989955396,0.08716605615607992,0.0,0.14597512318134245,0.0,0.0,inf,2.5,50.0,10
2810.832824888889,13.642453442847575,0.8455350160470047,0.2579090209213639,0.09127728585701028,0.0,0.06391735127190927,0.0,0.0,inf,2.5,50.0,10
2847.966712888889,13.585454519189472,0.8337885305934983,0.2557008453000029,0.08165597899070409,0.0,0.1330498666234358,0.0,0.0,inf,2.5,50.0,10
2896.5492835555556,13.511994386338568,0.8348253807768663,0.24943137568486978,0.08308339467051501,0.0,0.12672692205452482,0.0,0.0,inf,2.5,50.0,10
2969.9624604444443,13.403294008856692,0.8228389740940449,0.24627545731798206,0.0740507976907061,0.0,0.17867414361946177,0.0,0.0,inf,2.5,50.0,10
2993.5213937777776,13.368979946058708,0.8200772193461008,0.23673938093787034,0.08174445266617347,0.0,0.1728677600721512,0.0,0.0,inf,2.5,50.0,10
2956.6175644444443,13.422852082703569,0.8290034490269189,0.24807840797979025,0.09547366704052629,0.0,0.128390916822806,0.0,0.0,inf,2.5,50.0,10
2876.461888,13.542217367010547,0.8340704555157672,0.25078344879552916,0.08880782396270104,0.0,0.1361849989527717,0.0,0.0,inf,2.5,50.0,10
2846.518122666667,13.587664077285728,0.8437278700106443,0.2511264514670792,0.08657440544049344,0.0,0.08571844643866111,0.0,0.0,inf,2.5,50.0,10
2953.9014044444443,13.42684365565753,0.8205117312176338,0.23777002603733483,0.07682954843067968,0.0,0.17467192992289443,0.0,0.0,inf,2.5,50.0,10
2910.450517333333,13.491201409377053,0.8259411226755207,0.25074054980251037,0.09016241822946447,0.0,0.14098453510484485,0.0,0.0,inf,2.5,50.0,10
2919.545073777778,13.477651763167888,0.8348458969001988,0.24808702507179048,0.09256654756358751,0.0,0.14123925534397502,0.0,0.0,inf,2.5,50.0,10
2901.409016888889,13.504714044690438,0.8314292371565668,0.2401960925210564,0.08648328006698885,0.0,0.1337348941485722,0.0,0.0,inf,2.5,50.0,10
2898.3633635555557,13.509275294585358,0.8320545351671735,0.2447181480924247,0.08145824294832066,0.0,0.13879074707542607,0.0,0.0,inf,2.5,50.0,10
2929.9348835555556,13.462223924000645,0.8275788565199254,0.24394974095079774,0.08938641823995858,0.0,0.14673386281306475,0.0,0.0,inf,2.5,50.0,10
2881.435889777778,13.534713996350693,0.8222590429917898,0.25360629699658255,0.08839675946525094,0.0,0.16881129581860224,0.0,0.0,inf,2.5,50.0,10
2930.6436764444443,13.461173430985987,0.8328274778967714,0.24568601223676495,0.09731557831927518,0.0,0.13962579882931217,0.0,0.0,inf,2.5,50.0,10
3021.3321528888887,13.328818884124864,0.8163941442434878,0.2581750250776693,0.08779658529295914,0.0,0.16005553612012627,0.0,0.0,inf,2.5,50.0,10
3002.526023111111,13.355935807148382,0.8230313891944474,0.23977428350863816,0.09232088843324271,0.0,0.17390083771324055,0.0,0.0,inf,2.5,50.0,10
2880.065514666667,13.536779938258325,0.8314083856504648,0.24645957983808592,0.08121404488523587,0.0,0.13783249447951873,0.0,0.0,inf,2.5,50.0,10
2903.8902968888888,13.501001552984386,0.8332018218743794,0.25494968955598385,0.08452166553488838,0.0,0.1286940298429789,0.0,0.0,inf,2.5,50.0,10
2870.1428408888887,13.551768496857877,0.8219993082520792,0.25701043115686484,0.08719040331175237,0.0,0.15820138442663056,0.0,0.0,inf,2.5,50.0,10
2883.8025244444443,13.531148431979194,0.825221271720581,0.24718296737397494,0.08286240696824038,0.0,0.15887159516480376,0.0,0.0,inf,2.5,50.0,10
2869.6507591111113,13.552513152210144,0.8267023258635648,0.24693643804522308,0.0747162130098849,0.0,0.16216366529632906,0.0,0.0,inf,2.5,50.0,10
2958.9214506666667,13.419469246004233,0.8145414295446756,0.23185394751699512,0.07462563355579355,0.0,0.1795837493414342,0.0,0.0,inf,2.5,50.0,10
2862.8848284444443,13.562764838128281,0.8329462768798764,0.24818283472970404,0.08734129957175263,0.0,0.14215674963287386,0.0,0.0,inf,2.5,50.0,10
2989.1945386666666,13.375261807499562,0.829834246627679,0.2514944321015711,0.08287283749223895,0.0,0.1421503916214982,0.0,0.0,inf,2.5,50.0,10
2858.2631324444446,13.569781533099894,0.8325250817824253,0.24553913604797023,0.08562450887505563,0.0,0.11792998997747835,0.0,0.0,inf,2.5,50.0,10
2813.0075093333335,13.639094693505314,0.8312120407453633,0.24520792123240087,0.07698318361465484,0.0,0.14967794336856452,0.0,0.0,inf,2.5,50.0,10
2917.7272177777777,13.480356741848974,0.824745232416348,0.23941851777435663,0.09154756521027352,0.0,0.159694303061731,0.0,0.0,inf,2.5,50.0,10
2900.0862933333333,13.506694401548447,0.8283011454781051,0.24424376579223417,0.08187940825402673,0.0,0.15287960544349974,0.0,0.0,inf,2.5,50.0,10
2878.9069795555556,13.53852728264359,0.822556027511245,0.24270430305396523,0.07816728278522361,0.0,0.15573057652812955,0.0,0.0,inf,2.5,50.0,10
2928.9002666666665,13.46375777296167,0.8229194614117403,0.25308847627191167,0.07478095965707893,0.0,0.1774608155583631,0.0,0.0,inf,2.5,50.0,10
2946.7277937777776,13.43740341448357,0.8261206030369023,0.2479018092648475,0.07925622219775613,0.0,0.1659977583989369,0.0,0.0,inf,2.5,50.0,10
2992.703872,13.370166153337482,0.8269182462960997,0.24641038807310628,0.07930405331175272,0.0,0.17322781835077056,0.0,0.0,inf,2.5,50.0,10
3061.4225635555554,13.27157082118482,0.821888343170409,0.2432116736718758,0.07722086338880108,0.0,0.16958360449388762,0.0,0.0,inf,2.5,50.0,10
3029.477013333333,13.317126993053286,0.8137357943090172,0.2491675417795945,0.07084376490347388,0.0,0.20934905357973152,0.0,0.0,inf,2.5,50.0,10
2911.537976888889,13.489579016305573,0.8219709970012722,0.24118928891822572,0.0772499281339693,0.0,0.16987808838820662,0.0,0.0,inf,2.5,50.0,10
2954.862976,13.42543014448216,0.8219959686736176,0.24879706925674228,0.07926323574658284,0.0,0.16679888103675222,0.0,0.0,inf,2.5,50.0,10
2922.777742222222,13.472845694572442,0.8199418797528693,0.2376625416255988,0.08101127526517837,0.0,0.16342014875643876,0.0,0.0,inf,2.5,50.0,10
2975.135281777778,13.39573642637353,0.8251378935954032,0.2416004256627577,0.08122374727708925,0.0,0.16848712349868292,0.0,0.0,inf,2.5,50.0,10
2973.5128746666664,13.398105376275073,0.8235220166948114,0.24158702936239657,0.07611689248703518,0.0,0.1619699461377774,0.0,0.0,inf,2.5,50.0,10
2821.516558222222,13.625977575737622,0.8307316167951775,0.23862657464479103,0.0808164127121539,0.0,0.14972708992325087,0.0,0.0,inf,2.5,50.0,10
2995.6535182222224,13.365887800867839,0.8256889127832743,0.2450207719137642,0.0872997053243938,0.0,0.15860670994415854,0.0,0.0,inf,2.5,50.0,10
2984.5692444444444,13.381987015365922,0.8234696568577283,0.24048994544118185,0.08456980699660116,0.0,0.1639958185426993,0.0,0.0,inf,2.5,50.0,10
3073.026254222222,13.255140902258729,0.8105903831467729,0.25131686798026637,0.08507247146024582,0.0,0.2070720899179944,0.0,0.0,inf,2.5,50.0,10
2937.0746737777777,13.45165372466539,0.8265266773277584,0.23331318289783554,0.07718959958058802,0.0,0.14817252610708764,0.0,0.0,inf,2.5,50.0,10
2971.3931022222223,13.401202500159313,0.8091433506807569,0.24158110062267296,0.08773977212068412,0.0,0.19532553295320784,0.0,0.0,inf,2.5,50.0,10
2943.5071715555555,13.442152626041423,0.8245777986484646,0.24590858554272021,0.0847196449222054,0.0,0.16171375238873548,0.0,0.0,inf,2.5,50.0,10
2973.7894684444445,13.397701417826102,0.823398454118612,0.24909961241532436,0.07962832109541468,0.0,0.15866977222545828,0.0,0.0,inf,2.5,50.0,10
3015.272455111111,13.33753800476218,0.8108154515399743,0.24328832159200148,0.09051829726657684,0.0,0.21603620430609205,0.0,0.0,inf,2.5,50.0,10
3090.327232,13.230758919520017,0.8086991709501369,0.2574456918495355,0.08142798703240417,0.0,0.20750570146452393,0.0,0.0,inf,2.5,50.0,10
3038.9912817777777,13.3035090668505,0.79867982759922,0.24659946929138732,0.07375489425561221,0.0,0.24151458359632166,0.0,0.0,inf,2.5,50.0,10
2958.8472533333334,13.419578150201243,0.822741650992826,0.25368787257488734,0.08906658136487527,0.0,0.18039239118315786,0.0,0.0,inf,2.5,50.0,10
2997.6852764444443,13.362943260442195,0.8127808077487054,0.25501712532582876,0.0813075037068951,0.0,0.2003807714672378,0.0,0.0,inf,2.5,50.0,10
2978.7665564444446,13.390438916309035,0.8127352133354823,0.2261517638747661,0.0783006953315466,0.0,0.21727802355061504,0.0,0.0,inf,2.5,50.0,10
2952.8283448888888,13.42842159766143,0.8135993542922964,0.23682129420076992,0.09207473044539882,0.0,0.19812618471853993,0.0,0.0,inf,2.5,50.0,10
3102.6472035555557,13.21347965322344,0.8016558013459579,0.22863734107096312,0.07893910002199439,0.0,0.2164783846135157,0.0,0.0,inf,2.5,50.0,10
3105.8719786666666,13.208968103461006,0.8060378524032357,0.24191679792949067,0.08168631510597474,0.0,0.22008206969951727,0.0,0.0,inf,2.5,50.0,10
2951.6692835555555,13.430126650248106,0.817568383651002,0.2480384025286525,0.07235427182235438,0.0,0.18005465697661072,0.0,0.0,inf,2.5,50.0,10
3014.8119466666667,13.338201333045351,0.8122896292344584,0.23819664206151558,0.07494418282411669,0.0,0.19723117090489503,0.0,0.0,inf,2.5,50.0,10
3039.6260551111113,13.302602023219855,0.8130234671544456,0.2302685588550239,0.083616686681515,0.0,0.19677476259856783,0.0,0.0,inf,2.5,50.0,10
3009.231424,13.34624772562398,0.8142463347737362,0.24491529201363565,0.08205363832665657,0.0,0.21625251587175592,0.0,0.0,inf,2.5,50.0,10
3062.9509333333335,13.269403211469594,0.8090609141707713,0.25319196695870183,0.08262789093212203,0.0,0.20678928486729747,0.0,0.0,inf,2.5,50.0,10
2971.1396977777777,13.40157288819311,0.8116147757614215,0.2423156929123334,0.07540128822217945,0.0,0.2145310692056602,0.0,0.0,inf,2.5,50.0,10
3025.4948977777776,13.32283935997026,0.8044676469021941,0.24257520819089895,0.07326485890812573,0.0,0.21324546325571497,0.0,0.0,inf,2.5,50.0,10
3046.380423111111,13.292962250518361,0.8056787016979969,0.23790863627044406,0.07595929159973203,0.0,0.2168957992660682,0.0,0.0,inf,2.5,50.0,10
2936.5791075555558,13.452386562126538,0.8117251101088534,0.24058555515046953,0.07914082222276764,0.0,0.21395751057198262,0.0,0.0,inf,2.5,50.0,10
3023.9068728888888,13.325119487785726,0.8080210884381495,0.24254647910211558,0.07654768922062105,0.0,0.20863023696363847,0.0,0.0,inf,2.5,50.0,10
2936.1635555555554,13.45300117084072,0.8182139685932189,0.24833800502137549,0.08754642501314042,0.0,0.18660792618119101,0.0,0.0,inf,2.5,50.0,10
2811.8515413333334,13.640879735676867,0.8435752640946262,0.252042964369419,0.08944015169044617,0.0,0.0,0.0,0.0047236181247415415,inf,2.5,50.0,10
3169.3102577777777,13.121156045916724,0.8227307514201379,0.24906998808351943,0.08603388138456547,0.0,0.0,0.0,-0.008191329634207734,inf,2.5,50.0,10
2945.930055111111,13.43857929644358,0.8256942191392822,0.2421078730794447,0.09421762387402066,0.0,0.0,0.0,-0.007630936156526486,inf,2.5,50.0,10
2736.5193102222224,13.758818437837345,0.8508771210555506,0.25627792338852284,0.09308790407425416,0.0,0.0,0.0,0.0008132221958642669,inf,2.5,50.0,10
3065.3717973333332,13.265972034694048,0.8026149468365874,0.24355849882284186,0.08153020336999317,0.0,0.0,0.0,-0.012068378097471622,inf,2.5,50.0,10
3134.7285404444447,13.16880422875505,0.8162775987174254,0.23763201340388962,0.07195587125619507,0.0,0.0,0.0,-0.009685947874426644,inf,2.5,50.0,10
3039.602439111111,13.302635765325434,0.7026890629505368,0.17697024853320764,0.01381191472760851,0.0,0.0,0.0,0.022759125905503632,inf,2.5,50.0,10
3165.781063111111,13.125994839393302,0.7504132222154812,0.19203437482544278,0.06043671051728716,0.0,0.0,0.0,0.025060435082004284,inf,2.5,50.0,10
3264.8143644444444,12.992218683010437,0.7395132348321728,0.2149572758753887,0.07041914951886102,0.0,0.0,0.0,-0.021217215160347372,inf,2.5,50.0,10
3185.3050951111113,13.099293245804052,0.7574842452757219,0.2002924365910903,0.06258462838648937,0.0,0.0,0.0,-0.021036391893448275,inf,2.5,50.0,10
3000.487409777778,13.358885520872443,0.5390382502266916,0.16058310020829364,0.023979353912877477,0.0,0.0,0.0,-0.045237256877033234,inf,2.5,50.0,10
3131.591118222222,13.17315308213818,0.7740323753743069,0.24318839615906085,0.05811156642811133,0.0,0.0,0.0,-0.016634735986111555,inf,2.5,50.0,10
2732.8530915555557,13.764640746716301,0.8511263032531504,0.2527524872977561,0.09207615678622161,0.0,0.0,0.0,-0.0015868444552301758,inf,2.5,50.0,10
2978.2242488888887,13.391229655080403,0.8356743548597483,0.24592286942547326,0.0877626923938079,0.0,0.0,0.0,-0.005541799114576124,inf,2.5,50.0,10
3026.694968888889,13.321117060175444,0.62758167547969,0.16153567443749595,0.005421799343738709,0.0,0.0,0.0,0.033899468154435355,inf,2.5,50.0,10
3030.256248888889,13.316010053778562,0.590093334253093,0.19103316057211817,0.004389388418944595,0.0,0.0,0.0,-0.038921275741988635,inf,2.5,50.0,10
3112.0449635555556,13.200344977163915,0.7978673352322696,0.22290527176437008,0.06729178862966456,0.0,0.0,0.0,-0.01797886277704768,inf,2.5,50.0,10
3061.610062222222,13.27130484306156,0.8108600305947755,0.24563397211366605,0.07607938569948136,0.0,0.0,0.0,0.009417967853859184,inf,2.5,50.0,10
2996.2785422222223,13.364981767646826,0.8363849390809134,0.24528835997217563,0.08963346097780983,0.0,0.0,0.0,-0.006286225483474592,inf,2.5,50.0,10
3198.5553422222224,13.081264914751705,0.7284559585417351,0.22385934964808168,0.04041791597544342,0.0,0.0,0.0,-0.02457663196527299,inf,2.5,50.0,10
2753.747278222222,13.731562799614348,0.8502330464756723,0.2549979697836805,0.09237201463531491,0.0,0.0,0.0,-0.0011633044690850664,inf,2.5,50.0,10
2920.628096,13.476041021271687,0.8389153075739064,0.2552777295871551,0.09154841299091043,0.0,0.0,0.0,-0.0043283200290097495,inf,2.5,50.0,10
3120.5665066666666,13.188469180078734,0.7129124138231631,0.1998512213650434,0.04585423153636542,0.0,0.0,0.0,0.0310793515771173,inf,2.5,50.0,10
3156.4760391111113,13.138778639323444,0.7221180886912104,0.20554818904192373,0.03199143299501772,0.0,0.0,0.0,0.023767414997392287,inf,2.5,50.0,10
3165.702904888889,13.126102061285675,0.6487015866975799,0.18566105602655109,0.035444476259323954,0.0,0.0,0.0,0.030996880489690584,inf,2.5,50.0,10
2759.397184,13.722661441130576,0.850690142148527,0.25354013496095174,0.09186277905298912,0.0,0.0,0.0,0.0016384436201458408,inf,2.5,50.0,10
3186.020416,13.098318064374073,0.7334734119167151,0.20781397454674944,0.04345666924119512,0.0,0.0,0.0,0.024406188668663006,inf,2.5,50.0,10
3085.2662826666665,13.237877078626443,0.5660824403565652,0.11412735118874978,0.017486983489324814,0.0,0.0,0.0,0.040408327629001276,inf,2.5,50.0,10
3032.78272,13.31239063938462,0.6322388645934235,0.151518079071358,0.001910340499909402,0.0,0.0,0.0,0.03390533007409317,inf,2.5,50.0,10
3081.6520604444445,13.242967585293995,0.7524117984967078,0.21759495925564037,0.049372069099108684,0.0,0.0,0.0,0.02092298404318744,inf,2.5,50.0,10
3133.410410666667,13.170630788446292,0.7845453671234672,0.22315226456032322,0.0678453447163882,0.0,0.0,0.0,0.016264744329517543,inf,2.5,50.0,10
2998.9500657777776,13.36111126298017,0.5722054153184005,0.15419882963445436,0.0009641197685092417,0.0,0.0,0.0,0.04655030571100638,inf,2.5,50.0,10
3136.929144888889,13.165756516477865,0.6405565339280449,0.19496623931275592,0.027771768391837814,0.0,0.0,0.0,0.03437603479068124,inf,2.5,50.0,10
2852.6253226666668,13.578356277611743,0.8330534968209082,0.24534191055988097,0.092495771113424,0.0,0.0,0.0,0.006537121792874998,inf,2.5,50.0,10
2928.914176,13.463737148386505,0.8256821256139281,0.24513565694655498,0.08654665173555792,0.0,0.0,0.0,-0.006271327074928033,inf,2.5,50.0,10
3084.5846684444446,13.238836652201389,0.6717549711806342,0.1839300804036168,0.017894977350789154,0.0,0.0,0.0,0.028950910361214152,inf,2.5,50.0,10
3009.7745635555557,13.345463933373205,0.5814092586360473,0.1148583552947206,0.005824753225818768,0.0,0.0,0.0,0.05353735450444459,inf,2.5,50.0,10
3245.898289777778,13.017454537819873,0.8098145869959144,0.23801996541851977,0.07511938097787169,0.0,0.0,0.0,0.009966807528042443,inf,2.5,50.0,10
2994.767224888889,13.367172893596146,0.8138300607711996,0.2393008756211975,0.07912303532367515,0.0,0.0,0.0,0.011340212934282348,inf,2.5,50.0,10
2891.6799644444445,13.519301349587025,0.8358370340695921,0.24804305662570691,0.08752596695717807,0.0,0.0,0.0,0.00555324007702716,inf,2.5,50.0,10
3138.586424888889,13.163462688766984,0.6601565770679698,0.21224673815073197,0.028410317455554446,0.0,0.0,0.0,0.030991939618525748,inf,2.5,50.0,10
3133.794197333333,13.170098888046688,0.565201706813664,0.11797224686702068,0.007149612883334211,0.0,0.0,0.0,0.046478852424746364,inf,2.5,50.0,10
3009.151736888889,13.346362732168801,0.8157022492200583,0.2434276450042906,0.06892542842343846,0.0,0.0,0.0,0.01152920683970203,inf,2.5,50.0,10
3081.468679111111,13.243226030664578,0.49022229609134255,0.0874061147538509,0.042668714092249316,0.0,0.0,0.0,0.048322606477636094,inf,2.5,50.0,10
3102.349937777778,13.213895772309737,0.7769749592476106,0.22972596399158812,0.06499263284042861,0.0,0.0,0.0,0.013985645478333097,inf,2.5,50.0,10
3024.5991537777777,13.324125345529907,0.5259208499480595,0.09349216671200639,0.0345188895165327,0.0,0.0,0.0,0.04667633388231667,inf,2.5,50.0,10
2956.861297777778,13.422494080098845,0.6193153567181326,0.13667487690605712,0.0034393143303345086,0.0,0.0,0.0,0.048725539946898044,inf,2.5,50.0,10
3105.9615146666665,13.208842906960566,0.4944047569409647,0.1015826879596119,0.05145052699210223,0.0,0.0,0.0,0.05339927862640208,inf,2.5,50.0,10
3020.0041742222224,13.330728176324735,0.5931636285866481,0.14534639101874441,0.00894386094991334,0.0,0.0,0.0,0.047651720963276065,inf,2.5,50.0,10
3076.1485297777776,13.250730596131737,0.5400856230627222,0.149631903360603,0.011872442588561793,0.0,0.0,0.0,0.05695842007558415,inf,2.5,50.0,10
3226.2029866666667,13.043886719575992,0.7316619720496651,0.21770205605924792,0.05678245163953888,0.0,0.0,0.0,0.019935922605519688,inf,2.5,50.0,10
2913.6588942222224,13.486416538691437,0.5679300305543754,0.13786868812999536,0.0330151158263679,0.0,0.0,0.0,0.04879815443711959,inf,2.5,50.0,10
3270.1907982222224,12.985072686976167,0.4636110145842217,0.09983299070090407,0.00936811103545443,0.0,0.0,0.0,0.06438157523472687,inf,2.5,50.0,10
3069.484615111111,13.260148999195023,0.6730522459403103,0.197023199138271,0.02164874405345596,0.0,0.0,0.0,0.03444608072776895,inf,2.5,50.0,10
2995.8031075555555,13.365670939339537,0.519938408183582,0.11623280512756584,0.03403684887235864,0.0,0.0,0.0,0.055586156823525,inf,2.5,50.0,10
3061.800853333333,13.27103421112808,0.7147466687816664,0.17930832547979364,0.030758559306102384,0.0,0.0,0.0,0.025192966631065124,inf,2.5,50.0,10
3263.347982222222,12.9941697426942,0.7771285115412115,0.22136709323872827,0.06654850613180696,0.0,0.0,0.0,0.015241103068018357,inf,2.5,50.0,10
3107.3565582222222,13.206892709912012,0.4838199119493176,0.10280508199936356,0.0338563364274993,0.0,0.0,0.0,0.06783346966141587,inf,2.5,50.0,10
3113.1307946666666,13.19882993410993,0.62364445249788,0.167448413600148,0.022157815831215455,0.0,0.0,0.0,0.038259174733448684,inf,2.5,50.0,10
3071.5178026666667,13.257273240130802,0.6777777966676941,0.1678195927012192,0.004358464783211113,0.0,0.0,0.0,0.03063722967306346,inf,2.5,50.0,10
3073.8534115555553,13.253972082020713,0.5635614612307124,0.12418419728771207,0.01024820938764126,0.0,0.0,0.0,0.0528816822838492,inf,2.5,50.0,10
3549.6698524444446,12.628923987787836,0.3760667177455509,0.15818286893026823,0.007864910270272751,0.0,0.0,0.0,0.09248944104292953,inf,2.5,50.0,10
3088.048832,13.23396201555099,0.47168034766333766,0.10887279544652134,0.05571894107160247,0.0,0.0,0.0,0.06887047139861525,inf,2.5,50.0,10
3145.2493226666666,13.15425283370693,0.4647670709050841,0.11128593054774344,0.035544285927790464,0.0,0.0,0.0,0.06517382562852511,inf,2.5,50.0,10
3594.8547555555556,12.5739901277906,0.31635025906895853,0.02601534628231017,0.04929142423975269,0.0,0.0,0.0,0.09453820194224108,inf,2.5,50.0,10
3722.6786773333333,12.422248091199545,0.33813026209495545,0.15083430060339614,0.05301574262515718,0.0,0.0,0.0,0.09426587788809573,inf,2.5,50.0,10
3288.9325155555557,12.960253984288908,0.42297942883735223,0.09422089493574204,0.04894086047346835,0.0,0.0,0.0,0.07802973593618528,inf,2.5,50.0,10
3045.4825884444444,13.294242399607331,0.5157977424434099,0.117233820678731,0.0042581911660854455,0.0,0.0,0.0,0.054219554724206684,inf,2.5,50.0,10
2966.9862826666667,13.407648224297152,0.6580734702770483,0.18717217296924843,0.0032578033148414898,0.0,0.0,0.0,0.03883985814085353,inf,2.5,50.0,10
3054.0561137777777,13.282033485534786,0.4832710508388305,0.1048648885011989,0.052039770550545594,0.0,0.0,0.0,0.065342733520752,inf,2.5,50.0,10
2843.4848995555553,13.592294346124511,0.5791362954294389,0.11087595026369734,0.04019983884504735,0.0,0.0,0.0,0.053947845422976384,inf,2.5,50.0,10
3170.373041777778,13.119699944060624,0.5896828444365193,0.14415080136089742,0.022366473938261022,0.0,0.0,0.0,0.045501674191350316,inf,2.5,50.0,10
3306.9858275555557,12.936480271660631,0.4200447809730661,0.12257270343418186,0.0497654077368912,0.0,0.0,0.0,0.0773870482508908,inf,2.5,50.0,10
3468.170104888889,12.72979970505821,0.3869385296417593,0.13247171444554995,0.0366498952648025,0.0,0.0,0.0,0.08201829881515899,inf,2.5,50.0,10
3059.5324231111113,13.274253009153608,0.48078928328409637,0.129664382381245,0.016280824512224845,0.0,0.0,0.0,0.06741299537428314,inf,2.5,50.0,10
3804.3409351111113,12.328009305198345,0.3047925563785231,0.044241048587329745,0.030666885889439333,0.0,0.0,0.0,0.10872708854985619,inf,2.5,50.0,10
3920.811847111111,12.19704359098695,0.2480615621381075,0.016321396505178,0.04275031595152101,0.0,0.0,0.0,0.13846846124643092,inf,2.5,50.0,10
3159.214897777778,13.135011921502397,0.4654034382979468,0.09601320741322544,0.029246399148288527,0.0,0.0,0.0,0.08117762758747218,inf,2.5,50.0,10
3455.6314951111112,12.745529372962178,0.36127464470114184,0.1279974674793965,0.04407282668961976,0.0,0.0,0.0,0.07207732142492486,inf,2.5,50.0,10
3226.4660266666665,13.04353264339342,0.4198512834337636,0.0651354233031533,0.0370822307631864,0.0,0.0,0.0,0.06473839655335743,inf,2.5,50.0,10
3852.1772373333333,12.273741002178351,0.33167920195667283,0.0013242698637889183,0.032849368795163314,0.0,0.0,0.0,0.09691520144181984,inf,2.5,50.0,10
3602.267079111111,12.565044517502532,0.35722106823462857,0.06890892606852062,0.07397088030732507,0.0,0.0,0.0,0.10919080896029597,inf,2.5,50.0,10
3413.918414222222,12.798272227290513,0.39923000025843813,0.09779846660673025,0.06144172791991587,0.0,0.0,0.0,0.09253907931070263,inf,2.5,50.0,10
3107.7685475555554,13.206316938093146,0.5072791812002315,0.06967998132388065,0.053214383952373046,0.0,0.0,0.0,0.06904714449908234,inf,2.5,50.0,10
3561.8337564444446,12.614067153486836,0.35802803107843845,0.07721536978116378,0.0740237215764718,0.0,0.0,0.0,0.1105883635965978,inf,2.5,50.0,10
3623.742222222222,12.539230646468628,0.3648252700945421,0.12099037559416775,0.04695707929674259,0.0,0.0,0.0,0.1018454281232636,inf,2.5,50.0,10
3252.815296,13.008209573479334,0.43245272099444376,0.11246641304018151,0.03441988046427946,0.0,0.0,0.0,0.08062191782359263,inf,2.5,50.0,10
4132.373724444445,11.968807694326216,0.2542745855012161,0.07502572961585519,0.022236082477105956,0.0,0.0,0.0,0.1084337171357779,inf,2.5,50.0,10
3753.397944888889,12.38655748997505,0.32893572771440843,0.11675889834932474,0.050784311198920074,0.0,0.0,0.0,0.0996790113268681,inf,2.5,50.0,10
3271.954922666667,12.982730490507699,0.4343786261890119,0.11468345772144523,0.04157781357507462,0.0,0.0,0.0,0.08698110424975794,inf,2.5,50.0,10
3414.422087111111,12.79763153763339,0.43399061073167416,0.05452075114129906,0.06735418734160836,0.0,0.0,0.0,0.10233901549327787,inf,2.5,50.0,10
3299.662328888889,12.946108622638558,0.41551295633304514,0.12511179311917525,0.038903944864658424,0.0,0.0,0.0,0.06754284070276709,inf,2.5,50.0,10
4105.954232888889,11.996662566795584,0.2859441736178407,0.047760732465481015,0.01536001622801031,0.0,0.0,0.0,0.09826697318030997,inf,2.5,50.0,10
3394.4399715555555,12.823122280026453,0.4167453504126592,0.11676933318320892,0.019372718492659924,0.0,0.0,0.0,0.07619175023870829,inf,2.5,50.0,10
3752.017272888889,12.388155318263783,0.32950301559027084,0.023826970890538257,0.06061910208025961,0.0,0.0,0.0,0.09424864232128963,inf,2.5,50.0,10
3241.5298915555554,13.023303300924065,0.4225253202486795,0.04609270029883927,0.07509226712837491,0.0,0.0,0.0,0.09886263536802302,inf,2.5,50.0,10
3745.6342186666666,12.39554996950691,0.3259642301990977,0.03686135556530473,0.06783488540774069,0.0,0.0,0.0,0.10242279061440666,inf,2.5,50.0,10
3142.0502613333333,13.15867232982182,0.46201283451795405,0.09075379408522294,0.03784682220704161,0.0,0.0,0.0,0.07714886225752851,inf,2.5,50.0,10
3159.3821084444444,13.134782064558541,0.45539590742903885,0.06759170588467028,0.034534833222711336,0.0,0.0,0.0,0.08326122216128971,inf,2.5,50.0,10
3022.0891591111113,13.327730879136219,0.5304755342310575,0.1614643265457089,0.02848236668577836,0.0,0.0,0.0,0.05771089224547556,inf,2.5,50.0,10
4165.476586666667,11.934156631398846,0.258242336427162,0.10362681274506924,0.02106444950284725,0.0,0.0,0.0,0.13313323168854888,inf,2.5,50.0,10
3462.509077333333,12.736894402450488,0.3848271956312193,0.06602686098780597,0.00990209381167484,0.0,0.0,0.0,0.10803246270315663,inf,2.5,50.0,10
3203.448533333333,13.074626098676056,0.43441808586754277,0.11376744526040161,0.050211925650460676,0.0,0.0,0.0,0.07027810334525697,inf,2.5,50.0,10
3072.339392,13.256111716662147,0.47712734312348004,0.11945195561569694,0.0440091143750973,0.0,0.0,0.0,0.07199380476569273,inf,2.5,50.0,10
4023.3860124444445,12.084886591362489,0.30792009914507007,0.05821735819096313,0.0954225404592115,0.0,0.0,0.0,0.1314982400682477,inf,2.5,50.0,10
3463.602232888889,12.735523499187986,0.34724939121355897,0.05912957559984344,0.05215675705423861,0.0,0.0,0.0,0.07938997516282538,inf,2.5,50.0,10
3759.3986844444444,12.379619757572309,0.32273895353674603,0.07659232746556394,0.10034631223962559,0.0,0.0,0.0,0.14071769145287893,inf,2.5,50.0,10
3865.5500728888887,12.258690575367119,0.30013360164052416,0.046064554016599146,0.05281379537324543,0.0,0.0,0.0,0.13202499745249735,inf,2.5,50.0,10
3178.5593813333335,13.108500316062324,0.40254267775732194,0.04198331299393032,0.05213361796161553,0.0,0.0,0.0,0.09009034611157592,inf,2.5,50.0,10
4175.430705777778,11.923790802112142,0.24875642195076067,0.06755454954158785,0.030274415163959678,0.0,0.0,0.0,0.14051530393159115,inf,2.5,50.0,10
5456.943914666666,10.761308706500847,0.20510119872959454,0.004631740281029306,0.026450478634125307,0.0,0.0,0.0,0.15768393852459855,inf,2.5,50.0,10
3622.5946737777776,12.540606166178677,0.3660951398113895,0.03253074522159499,0.045309923837005384,0.0,0.0,0.0,0.10997970837896506,inf,2.5,50.0,10
4597.383587555556,11.505696197870138,0.21697561939186466,0.036705386868195744,0.04177263033982964,0.0,0.0,0.0,0.1289601501696083,inf,2.5,50.0,10
4101.2581404444445,12.001632554569593,0.29214073057068646,0.0014048115155482765,0.007858727843990831,0.0,0.0,0.0,0.12494809643747855,inf,2.5,50.0,10
4520.554353777778,11.578886654316614,0.22682742511083862,0.04669546659149376,0.028161981869504193,0.0,0.0,0.0,0.13187822337589383,inf,2.5,50.0,10
4478.273706666667,11.619697272608198,0.23226906323971808,0.11159542097113345,0.041986081898923666,0.0,0.0,0.0,0.13610095488992938,inf,2.5,50.0,10
3943.956032,12.171482961723214,0.3133959776069779,0.10018647254213853,0.05353847297510467,0.0,0.0,0.0,0.12342510620728023,inf,2.5,50.0,10
3083.5760284444445,13.24025700037861,0.5449183789968053,0.14308040438956365,0.014839023469541579,0.0,0.0,0.0,0.07095939491982198,inf,2.5,50.0,10
3349.0642915555554,12.88156876152825,0.38722309041721975,0.07633454480513774,0.0406613698466618,0.0,0.0,0.0,0.11859056114027175,inf,2.5,50.0,10
3829.711054222222,12.29914352510426,0.311526740947832,0.07279114485943294,0.06784013934260441,0.0,0.0,0.0,0.1206523757181615,inf,2.5,50.0,10
4025.269489777778,12.082853993924662,0.283029565973419,0.021801281585140775,0.057907352143838575,0.0,0.0,0.0,0.1277743620823537,inf,2.5,50.0,10
3514.1483875555555,12.672602649106985,0.3772722068922119,0.07065003415830984,0.05103883681992327,0.0,0.0,0.0,0.12732817404420818,inf,2.5,50.0,10
4527.131946666666,11.572572083487678,0.26677866663131394,0.051148723863887524,0.056572558550692376,0.0,0.0,0.0,0.1405518905469375,inf,2.5,50.0,10
4739.139377777778,11.37380879408502,0.2288763071091688,0.0075129125255344875,0.017151267084424826,0.0,0.0,0.0,0.1659312444745397,inf,2.5,50.0,10
3238.460487111111,13.027417583306447,0.3765452631552575,0.09380180342076766,0.061715092972969454,0.0,0.0,0.0,0.10748441377032752,inf,2.5,50.0,10
4551.526705777777,11.5492326559947,0.24323469149711646,0.016593068776712683,0.03292009670572177,0.0,0.0,0.0,0.1353374598806929,inf,2.5,50.0,10
4459.759978666667,11.637688749686872,0.23532457680117325,0.0136426090660825,0.019167522603734055,0.0,0.0,0.0,0.12533777886866185,inf,2.5,50.0,10
4312.574236444444,11.783437767980153,0.23725066856878216,0.12506262252610945,0.032041892058747856,0.0,0.0,0.0,0.1348990115815224,inf,2.5,50.0,10
4294.385315555555,11.801793517616257,0.27292932208566856,0.08139202831285586,0.06200687756707435,0.0,0.0,0.0,0.13900889058780613,inf,2.5,50.0,10
4371.124152888889,11.724872189518518,0.2639931771297109,0.03808799271182861,0.052546499976845795,0.0,0.0,0.0,0.14698153222282084,inf,2.5,50.0,10
3981.948551111111,12.129847164554981,0.2781728607047222,0.017513295136728835,0.016687671314594366,0.0,0.0,0.0,0.12622904991026807,inf,2.5,50.0,10
4650.847715555556,11.455482413900755,0.18853431508731833,0.06043073010373051,0.015230543807727814,0.0,0.0,0.0,0.14400140194325878,inf,2.5,50.0,10
4277.938133333333,11.81845861264993,0.2829138586631163,0.04677128298120392,0.05118318521092685,0.0,0.0,0.0,0.1220055656265651,inf,2.5,50.0,10
4306.070321777778,11.78999242925572,0.24818504355755103,0.0011278813403677312,0.023731305741063358,0.0,0.0,0.0,0.10978572257984716,inf,2.5,50.0,10
3898.881713777778,12.221403013231276,0.2400183134652771,0.08594620421256671,0.06420159583549007,0.0,0.0,0.0,0.128148633802982,inf,2.5,50.0,10
4345.8502755555555,11.7500560106015,0.22749199715556348,0.09564655127036498,0.035714917071759944,0.0,0.0,0.0,0.146581397981516,inf,2.5,50.0,10
3748.432839111111,12.392306268955274,0.3020640999448666,0.06852594643550664,0.07795871279884786,0.0,0.0,0.0,0.16376506866486773,inf,2.5,50.0,10
4517.178112,11.582131457694944,0.22911776583586346,0.0783526849178443,0.07964581112266311,0.0,0.0,0.0,0.15673033621428034,inf,2.5,50.0,10
4238.604472888889,11.85857468776261,0.25714426278979363,0.03545401121445746,0.05142276064980539,0.0,0.0,0.0,0.12970184032652904,inf,2.5,50.0,10
4206.924679111111,11.891156244010086,0.23613458971534193,0.08817591424604082,0.05298594429067466,0.0,0.0,0.0,0.14368554120494126,inf,2.5,50.0,10
4519.478961777778,11.579919917795591,0.24628686718642284,0.05235025429600032,0.0419999300727516,0.0,0.0,0.0,0.17500777680193202,inf,2.5,50.0,10
6119.88032,10.2633743167526,0.156484564368561,0.01116193542336752,0.014267816569439207,0.0,0.0,0.0,0.20150042083428557,inf,2.5,50.0,10
4707.933496888889,11.40250041390263,0.22018250127577285,0.045996827018513375,0.04273972953980942,0.0,0.0,0.0,0.15381653299961578,inf,2.5,50.0,10
5167.704042666666,10.997827274592966,0.20396319532655083,0.037335520126557165,0.033170163147717535,0.0,0.0,0.0,0.15197236780581616,inf,2.5,50.0,10
4936.753031111111,11.196389593742165,0.18554054088635494,0.07981026466316016,0.01295066752959706,0.0,0.0,0.0,0.16074189145656198,inf,2.5,50.0,10
3688.7012622222223,12.462068765334715,0.3516013295626142,0.03282886209066338,0.046656712691174884,0.0,0.0,0.0,0.1403014465367354,inf,2.5,50.0,10
4377.912732444444,11.718132606016358,0.24416085288653783,0.06906562668208044,0.035820242091392396,0.0,0.0,0.0,0.1509424116509763,inf,2.5,50.0,10
3937.681166222222,12.178398124370766,0.30034138091752566,0.10077533694524576,0.05728277649080166,0.0,0.0,0.0,0.14457404161546855,inf,2.5,50.0,10
4496.058922666667,11.602483666651553,0.22259197686948162,0.07630334943621919,0.04030823645088316,0.0,0.0,0.0,0.16446019725113512,inf,2.5,50.0,10
4558.255374222223,11.542817081875071,0.19983703005944897,0.04288435087164544,0.033832731126920756,0.0,0.0,0.0,0.14482680850627003,inf,2.5,50.0,10
4937.933233777778,11.195351473655403,0.21040585951023474,0.05248449349754758,0.03809484425958998,0.0,0.0,0.0,0.1708761704399249,inf,2.5,50.0,10
4088.6595768888888,12.014994083065462,0.27483551316066823,0.0504995355608952,0.06442205979090265,0.0,0.0,0.0,0.1399396435121174,inf,2.5,50.0,10
4612.036814222222,11.491875956039316,0.2394390954098132,0.07771943656308605,0.04027956007660588,0.0,0.0,0.0,0.17321908517498624,inf,2.5,50.0,10
4821.356792888889,11.299110892792788,0.20951974256425437,0.030988872917335764,0.045124996777049675,0.0,0.0,0.0,0.15998027706282694,inf,2.5,50.0,10
4305.168213333333,11.79090235811052,0.2257639048852061,0.010512177979704829,0.0416019657008187,0.0,0.0,0.0,0.16630133796336238,inf,2.5,50.0,10
4532.571008,11.567357443185637,0.238690731998953,0.0343234796321672,0.0024568923353351924,0.0,0.0,0.0,0.14282631754585706,inf,2.5,50.0,10
4200.349909333333,11.897948901455326,0.23312503165038373,0.08433990994161894,0.07104964221650856,0.0,0.0,0.0,0.14963495521931794,inf,2.5,50.0,10
3889.8435626666665,12.231482251557699,0.2857168005357262,0.07735386615737921,0.04243051606110554,0.0,0.0,0.0,0.12936885570465567,inf,2.5,50.0,10
4332.677461333334,11.763240009304408,0.24742963009908833,0.07001394596222277,0.024636942274597284,0.0,0.0,0.0,0.16207170749300087,inf,2.5,50.0,10
4113.341112888889,11.988856345091051,0.27436999816765884,0.04608558635168375,0.07777290908867052,0.0,0.0,0.0,0.146117305331316,inf,2.5,50.0,10
4880.875264,11.24582651930648,0.20094814152900514,0.05387247274000567,0.02468936952659606,0.0,0.0,0.0,0.16856064422691236,inf,2.5,50.0,10
5345.437909333334,10.850970715631899,0.12606583518906359,0.014645336960443955,0.01909051097386605,0.0,0.0,0.0,0.19488731262509476,inf,2.5,50.0,10
4666.883491555555,11.440534019810645,0.20648602907715527,0.04432396550145923,0.02216501255044817,0.0,0.0,0.0,0.18938359761810525,inf,2.5,50.0,10
4285.224824888889,11.811067486933513,0.2258885677716465,0.07458095714994822,0.05705367157381214,0.0,0.0,0.0,0.15314978178271338,inf,2.5,50.0,10
4646.740259555556,11.459319636191704,0.15601011414922658,0.014463628463836586,0.017427830691278456,0.0,0.0,0.0,0.18435920843849396,inf,2.5,50.0,10
4372.380963555555,11.723623660618905,0.21404818307113233,0.03910992996804491,0.05872000176733516,0.0,0.0,0.0,0.18521972637787712,inf,2.5,50.0,10
4516.546474666667,11.58273877443622,0.21449801700851964,0.006496634144219138,0.04040215923769214,0.0,0.0,0.0,0.1689428107114541,inf,2.5,50.0,10
4946.194638222222,11.188091585388154,0.18088287292907806,0.019247007729172816,0.0601610532066415,0.0,0.0,0.0,0.17922401184541326,inf,2.5,50.0,10
5255.855189333333,10.924369699440081,0.17756314928071576,0.0038764371920695373,0.03268356645902132,0.0,0.0,0.0,0.15585929640707696,inf,2.5,50.0,10
4196.963000888889,11.901452202436536,0.2157413347338773,0.023410433967885336,0.02190066388796813,0.0,0.0,0.0,0.19479068632844254,inf,2.5,50.0,10
4739.732522666666,11.373265270435255,0.22978651132657363,0.009594209252912322,0.05098416342504836,0.0,0.0,0.0,0.15086462885197002,inf,2.5,50.0,10
4570.700074666666,11.530976366669181,0.20020295193745566,0.06145624545077588,0.018400916113339494,0.0,0.0,0.0,0.1725204761915036,inf,2.5,50.0,10
4540.294968888889,11.559962923281084,0.23031396675268415,0.05277792977032092,0.08165144257252993,0.0,0.0,0.0,0.17909763801189305,inf,2.5,50.0,10
4261.287310222222,11.835395440958631,0.28912135823289575,0.048490182348622846,0.0483338356035769,0.0,0.0,0.0,0.17139485831498405,inf,2.5,50.0,10
4820.343502222222,11.30002373292108,0.23936859184322065,0.07536611591896764,0.026552765169055026,0.0,0.0,0.0,0.16258737012900992,inf,2.5,50.0,10
4820.344419555556,11.300022906438969,0.1972913715161703,0.0029328153556836267,0.025585301175418962,0.0,0.0,0.0,0.20210745997652332,inf,2.5,50.0,10
4616.023445333333,11.488123548811897,0.23032648816470602,0.00784780086279152,0.0490176745393468,0.0,0.0,0.0,0.13596375828886054,inf,2.5,50.0,10
5329.679203555555,10.863792914883232,0.1820556357915645,0.00904624285056893,0.022698664786546474,0.0,0.0,0.0,0.2157542844095705,inf,2.5,50.0,10
4810.279893333333,11.309100136845863,0.25180079719569387,0.007084826298727809,0.022311357328265335,0.0,0.0,0.0,0.170099833412931,inf,2.5,50.0,10
4581.052131555555,11.521151268700219,0.20325535109210127,0.010461288985850525,0.00526058807006885,0.0,0.0,0.0,0.15190699693449305,inf,2.5,50.0,10
4933.032981333334,11.199663417846075,0.19601729877561422,0.04274681902107741,0.03618903321187522,0.0,0.0,0.0,0.1752110969728768,inf,2.5,50.0,10
4889.465464888889,11.238189778870717,0.18366178531281885,0.034183524590583436,0.03634532695279197,0.0,0.0,0.0,0.22236515791701583,inf,2.5,50.0,10
6096.079082666667,10.280297685234117,0.1559953321886068,0.026373810205376214,0.00250365880801362,0.0,0.0,0.0,0.2365894326804195,inf,2.5,50.0,10
5574.843150222222,10.668477079730467,0.1815783331162613,0.07156152616651668,0.022534554970276732,0.0,0.0,0.0,0.176348639240543,inf,2.5,50.0,10
5865.910449777778,10.447449322036402,0.2117675329666434,0.04715188932861625,0.05129626174861679,0.0,0.0,0.0,0.1862039284023308,inf,2.5,50.0,10
5547.352462222222,10.689946003369734,0.1319060201961817,0.0949211222112395,0.014129397427338541,0.0,0.0,0.0,0.19934396755253495,inf,2.5,50.0,10
4661.405404444445,11.445634855138017,0.23513936944442046,0.02961327468722169,0.04495236720148188,0.0,0.0,0.0,0.17508760678172175,inf,2.5,50.0,10
4891.080490666666,11.236755509673513,0.21763578635262004,0.07064359783183555,0.09379111126825523,0.0,0.0,0.0,0.21474941413588933,inf,2.5,50.0,10
5506.574392888889,10.721988500235977,0.14696438858484567,0.023944174959728726,0.0013065306589729597,0.0,0.0,0.0,0.24337141190713243,inf,2.5,50.0,10
4882.719509333333,11.24418584166743,0.22875556422291998,0.06131175632681479,0.024877693417526825,0.0,0.0,0.0,0.1946231307884932,inf,2.5,50.0,10
5486.786844444445,10.737622722008462,0.1333428458674416,0.06972878712922659,0.010463014808195448,0.0,0.0,0.0,0.22647153163501188,inf,2.5,50.0,10
6230.872270222222,10.185315123424438,0.14863321852882896,0.013147169661177294,0.026662137102535677,0.0,0.0,0.0,0.20751521480375107,inf,2.5,50.0,10
4541.718862222222,11.558601134950763,0.24842482306200978,0.04831969747667364,0.03467934684852575,0.0,0.0,0.0,0.20771038435312608,inf,2.5,50.0,10
5183.7902648888885,10.984329391172697,0.15316763968951985,0.012800342960681388,0.046302230621309504,0.0,0.0,0.0,0.20350689024829935,inf,2.5,50.0,10
5434.033763555555,10.779580283538866,0.18184175934920196,0.043386345806020576,0.043886332112026694,0.0,0.0,0.0,0.23288379565775102,inf,2.5,50.0,10
4996.065116444444,11.144522707318231,0.17689915249516144,0.11777250956402363,0.030976173784169836,0.0,0.0,0.0,0.15792512749489696,inf,2.5,50.0,10
4861.801500444444,11.262831375455926,0.17109204596327401,0.0586179954268618,0.02626621215217234,0.0,0.0,0.0,0.22640080763022885,inf,2.5,50.0,10
5889.785806222222,10.429808597764305,0.1842333257740169,0.02791019848732934,0.033593867195626737,0.0,0.0,0.0,0.19038919128917434,inf,2.5,50.0,10
5522.928384,10.709109491190238,0.17420457069392542,0.04751996660876101,0.030372208360497477,0.0,0.0,0.0,0.2067090462503127,inf,2.5,50.0,10
3866.685639111111,12.257414954276243,0.2686598679009839,0.04201218134340734,0.06821767400515155,0.0,0.0,0.0,0.1652855307956994,inf,2.5,50.0,10
2750.943751111111,13.735986504607071,0.8511369228200958,0.2548779142155304,0.09313844840053076,0.0,0.0,0.0,0.0,1.1093556721536801,2.5,50.0,10
2751.7604835555558,13.734697311580181,0.8511312973275083,0.254870364063666,0.09314089740775916,0.0,0.0,0.0,0.0,-0.881524661831892,2.5,50.0,10
2751.6322275555553,13.73489973534314,0.8511305421948191,0.25486666013305803,0.09315210708272126,0.0,0.0,0.0,0.0,-0.6227424775916207,2.5,50.0,10
2751.4380017777776,13.735206295790498,0.8511309167777494,0.2548664202490296,0.09314290582425888,0.0,0.0,0.0,0.0,0.8520614934271303,2.5,50.0,10
2751.315448888889,13.735399740922546,0.8511305948425978,0.25487899790809965,0.09314870874301373,0.0,0.0,0.0,0.0,-0.1776389532897724,2.5,50.0,10
2751.7251271111113,13.734753112975183,0.8511287880862066,0.2548680823905377,0.09315624654809657,0.0,0.0,0.0,0.0,-0.8226455644342698,2.5,50.0,10
2751.421184,13.73523284151097,0.8511320492360877,0.25487768390090326,0.09314657469342297,0.0,0.0,0.0,0.0,-0.001579595570529016,2.5,50.0,10
2751.4379804444443,13.735206329463612,0.8511347328567732,0.2548757817965638,0.09314932967309314,0.0,0.0,0.0,0.0,-0.673921428696064,2.5,50.0,10
2750.4991004444446,13.736688536188744,0.8511320350676294,0.2548724657286121,0.09314403403097793,0.0,0.0,0.0,0.0,0.5323836833326171,2.5,50.0,10
2750.511608888889,13.736668785823996,0.8511252253759496,0.25486738264872055,0.0931477660154355,0.0,0.0,0.0,0.0,-1.7693095948960633,2.5,50.0,10
2750.9451022222224,13.735984371593787,0.8511302132357416,0.25486265506988726,0.0931530011272137,0.0,0.0,0.0,0.0,-0.5753689506910021,2.5,50.0,10
2751.6763733333332,13.734830059920302,0.8511323906191564,0.2548783056435217,0.09315303951106141,0.0,0.0,0.0,0.0,-0.2821616885148158,2.5,50.0,10
2751.4470328888888,13.735192040861687,0.8511380509656415,0.25487276903621403,0.09314546880803298,0.0,0.0,0.0,0.0,0.748210697013219,2.5,50.0,10
2750.973383111111,13.73593972449834,0.8511331607068796,0.25486264466025715,0.09314071178032896,0.0,0.0,0.0,0.0,-0.26741636613591335,2.5,50.0,10
2750.517063111111,13.736660173839748,0.8511324583565075,0.2548806418250857,0.09314616989270613,0.0,0.0,0.0,0.0,0.29353110618459827,2.5,50.0,10
2751.4354773333334,13.735210280444319,0.8511312675342727,0.25485942435152653,0.093156213505795,0.0,0.0,0.0,0.0,-2.080511894946117,2.5,50.0,10
2751.3634275555555,13.73532400737294,0.8511299785842085,0.25486267594909323,0.0931481842265045,0.0,0.0,0.0,0.0,-0.18176310105013668,2.5,50.0,10
2750.4964622222224,13.736692701854178,0.8511303582467236,0.254855036336354,0.09312981479283383,0.0,0.0,0.0,0.0,-0.3016077763413947,2.5,50.0,10
2751.815544888889,13.734610412323732,0.8511310797070298,0.25488137906562924,0.09315076440636039,0.0,0.0,0.0,0.0,0.36282405380568916,2.5,50.0,10
2751.2982613333334,13.735426871522396,0.8511338733391796,0.2548725831453772,0.09314079678232634,0.0,0.0,0.0,0.0,0.7048385262697556,2.5,50.0,10
2751.397191111111,13.735270712938076,0.8511334439697754,0.254883175430437,0.09313777892483177,0.0,0.0,0.0,0.0,1.8965067837710334,2.5,50.0,10
2750.9463395555554,13.735982418203596,0.8511314940134568,0.254865924717702,0.0931513143128685,0.0,0.0,0.0,0.0,-0.02127293290608634,2.5,50.0,10
2751.866773333333,13.734529563795594,0.8511285101528755,0.25486490638560677,0.09314253682976775,0.0,0.0,0.0,0.0,1.1147115669189394,2.5,50.0,10
2751.222677333333,13.735546183068823,0.8511308308698683,0.25489271686584336,0.093148403292317,0.0,0.0,0.0,0.0,1.6625997402053547,2.5,50.0,10
2751.821568,13.734600906595556,0.8511252082752315,0.25487834750771,0.09314490920747293,0.0,0.0,0.0,0.0,1.1582028826540527,2.5,50.0,10
2751.2981262222224,13.735427084796296,0.8511331726423316,0.25487110618247555,0.09314305925824928,0.0,0.0,0.0,0.0,-0.024011587231003828,2.5,50.0,10
2751.0094222222224,13.735882830147188,0.851135692143553,0.2548713684491093,0.09314552113112562,0.0,0.0,0.0,0.0,1.8481096208378727,2.5,50.0,10
2750.9555413333333,13.735967891294905,0.8511273899489585,0.2548731648579588,0.09314341850244034,0.0,0.0,0.0,0.0,1.5975057479503445,2.5,50.0,10
2751.8478008888887,13.734559505856792,0.8511281564892256,0.2548656094433369,0.09314190211705631,0.0,0.0,0.0,0.0,1.3768866301534173,2.5,50.0,10
2751.7707235555554,13.73468115040901,0.8511370110318823,0.2548778136193756,0.0931420844207409,0.0,0.0,0.0,0.0,2.249807509911934,2.5,50.0,10
2751.6530915555554,13.734866805485627,0.8511304954645642,0.25486983422218334,0.0931448223414641,0.0,0.0,0.0,0.0,2.711729505718427,2.5,50.0,10
2751.0007395555554,13.735896537261898,0.8511333844276662,0.2548588453527232,0.09315324775907347,0.0,0.0,0.0,0.0,1.4654859926082962,2.5,50.0,10
2750.832384,13.736162324635512,0.8511258797215608,0.2548723359908689,0.09314281099930766,0.0,0.0,0.0,0.0,0.053257634154671996,2.5,50.0,10
2750.9460266666665,13.735982912164253,0.851130799725323,0.25485053129875346,0.09313731086647664,0.0,0.0,0.0,0.0,0.9306292012467635,2.5,50.0,10
2750.8638862222224,13.736112590006018,0.8511355920504706,0.25487001974688767,0.09314587509019001,0.0,0.0,0.0,0.0,1.4039201090379272,2.5,50.0,10
2750.959928888889,13.735960964648442,0.8511325018171747,0.25488357362853276,0.09313848793605006,0.0,0.0,0.0,0.0,-0.42715411831325323,2.5,50.0,10
2751.0421475555554,13.735831167848115,0.8511335298409392,0.25485302662736714,0.09313863982049897,0.0,0.0,0.0,0.0,0.5979928345504687,2.5,50.0,10
2750.9550222222224,13.735968710817826,0.8511316468699714,0.2548702420492548,0.09313775625987564,0.0,0.0,0.0,0.0,2.2981622472336447,2.5,50.0,10
2750.5131093333334,13.736666416684516,0.8511356772207271,0.25485394555595514,0.0931363488541368,0.0,0.0,0.0,0.0,0.2316010029564296,2.5,50.0,10
2751.41408,13.735244054741427,0.8511371319667249,0.25486125582750163,0.09314653420011232,0.0,0.0,0.0,0.0,0.9976419503514378,2.5,50.0,10
2750.4888604444445,13.736704704831638,0.8511302943270432,0.2548605847827543,0.09314528367119623,0.0,0.0,0.0,0.0,2.1797654646639253,2.5,50.0,10
2751.7816888888888,13.734663844554891,0.8511318388188334,0.2548789729819294,0.09314057262189035,0.0,0.0,0.0,0.0,3.018411952370215,2.5,50.0,10
2751.301681777778,13.735421472328696,0.8511335767742084,0.25486639747575307,0.09313376832484282,0.0,0.0,0.0,0.0,1.3821514680838516,2.5,50.0,10
2751.5183431111113,13.73507948468915,0.8511300890468992,0.2548594899848512,0.09314022441985281,0.0,0.0,0.0,0.0,0.08116932468692761,2.5,50.0,10
2751.657159111111,13.734860385651558,0.8511290038415633,0.25487503781539694,0.09315263090443954,0.0,0.0,0.0,0.0,1.7329756663127174,2.5,50.0,10
2751.4437262222223,13.735197260180584,0.8511309057723628,0.2548878309195086,0.09315253948287555,0.0,0.0,0.0,0.0,2.1031883689428974,2.5,50.0,10
2750.977870222222,13.73593264072931,0.8511276198058706,0.2548445301246064,0.09314597512553296,0.0,0.0,0.0,0.0,1.9349211683423915,2.5,50.0,10
2751.316586666667,13.735397944943431,0.8511353777566745,0.25484851614451487,0.09314296837844283,0.0,0.0,0.0,0.0,-0.5908684300359162,2.5,50.0,10
2751.7816888888888,13.734663844554891,0.8511265264586516,0.25487377117828247,0.0931472906535265,0.0,0.0,0.0,0.0,3.977521778319258,2.5,50.0,10
2751.8889244444445,13.734494605465857,0.8511307049186646,0.25485973975290177,0.09313741355378041,0.0,0.0,0.0,0.0,1.1668643074853857,2.5,50.0,10
2751.418808888889,13.735236590475688,0.8511308186926178,0.2548694121498822,0.09313635636286305,0.0,0.0,0.0,0.0,2.2131152563597314,2.5,50.0,10
2751.1362204444445,13.735682661806282,0.8511356200938431,0.2548763013114689,0.09315214545053863,0.0,0.0,0.0,0.0,0.22278920360284227,2.5,50.0,10
2751.3521066666667,13.735341877093967,0.8511354770423898,0.25486911746154495,0.09314019881954422,0.0,0.0,0.0,0.0,2.87443386458495,2.5,50.0,10
2750.9529244444443,13.735972022590113,0.8511271205372261,0.2548687923365607,0.09314522942810405,0.0,0.0,0.0,0.0,0.798361073909789,2.5,50.0,10
2751.4316657777777,13.735216296717299,0.8511343011898583,0.2548719815667168,0.09315074200488549,0.0,0.0,0.0,0.0,2.6495312471399295,2.5,50.0,10
2751.3738382222223,13.735307574478297,0.8511321825359758,0.2548737927183777,0.09314918788269322,0.0,0.0,0.0,0.0,2.3143722610637156,2.5,50.0,10
2751.4242275555557,13.735228037453124,0.8511335188933395,0.25487859914677885,0.09312967746050027,0.0,0.0,0.0,0.0,0.39349566284133397,2.5,50.0,10
2750.545088,13.736615924004838,0.8511372402058299,0.2548537939592076,0.09314143674756492,0.0,0.0,0.0,0.0,2.4517258791986514,2.5,50.0,10
2750.856689777778,13.736123951455836,0.851132200229722,0.2548695463679712,0.09314157407809581,0.0,0.0,0.0,0.0,2.9424457257675343,2.5,50.0,10
2750.983303111111,13.735924063883377,0.8511339819876083,0.254861835734605,0.0931518715340337,0.0,0.0,0.0,0.0,2.7930055448811353,2.5,50.0,10
2750.9542471111113,13.735969934489328,0.8511312734208403,0.25486016292177816,0.09313938729007254,0.0,0.0,0.0,0.0,4.169675389513963,2.5,50.0,10
2751.7582364444443,13.734700858067457,0.8511355134102836,0.2548658596079375,0.09314528813949252,0.0,0.0,0.0,0.0,3.7616822351584194,2.5,50.0,10
2751.315285333333,13.735399999094604,0.8511248606391649,0.2548655574543307,0.09314879233481582,0.0,0.0,0.0,0.0,2.226398319716738,2.5,50.0,10
2750.949653333333,13.735977186714655,0.8511300908912445,0.25486397937787214,0.09314735135623226,0.0,0.0,0.0,0.0,1.527673843712128,2.5,50.0,10
2750.9679288888888,13.735948335054072,0.8511272972606495,0.25488447694901883,0.09314135201500595,0.0,0.0,0.0,0.0,2.129078019423464,2.5,50.0,10
2750.955448888889,13.735968037237335,0.8511227597769143,0.2548727523708809,0.09314555326566154,0.0,0.0,0.0,0.0,3.6685127525543724,2.5,50.0,10
2751.3301688888887,13.735376505500103,0.8511364267718762,0.25484872472151754,0.09313901653278961,0.0,0.0,0.0,0.0,4.315353720138694,2.5,50.0,10
2750.9699271111112,13.735945180467786,0.851132359880401,0.2548748391063272,0.09312885182917408,0.0,0.0,0.0,0.0,3.37517265916699,2.5,50.0,10
2751.103416888889,13.735734445821898,0.8511288504542232,0.2548502010259349,0.09314273221844277,0.0,0.0,0.0,0.0,3.27557521184518,2.5,50.0,10
2750.9679075555555,13.73594836873294,0.851132474795924,0.25486932670142803,0.0931451551107097,0.0,0.0,0.0,0.0,4.8236207145697305,2.5,50.0,10
2751.425649777778,13.735225792568105,0.8511278373373664,0.2548559014720692,0.09314046805454013,0.0,0.0,0.0,0.0,2.1764959300574658,2.5,50.0,10
2751.784241777778,13.734659815510554,0.8511274798028473,0.25485901769056596,0.09315768035581523,0.0,0.0,0.0,0.0,3.877438850423437,2.5,50.0,10
2750.9085724444444,13.73604204190584,0.8511375945426515,0.25486179542316656,0.09314071219275549,0.0,0.0,0.0,0.0,3.9329953686709698,2.5,50.0,10
2751.319694222222,13.73539303967926,0.8511288885816112,0.25486387109070996,0.09314394801478543,0.0,0.0,0.0,0.0,2.9375224433163285,2.5,50.0,10
2752.1327146666667,13.734109880422007,0.8511334296176369,0.25485334977076013,0.09314614250864234,0.0,0.0,0.0,0.0,4.105747677778682,2.5,50.0,10
2750.8553884444445,13.736126005950428,0.8511313766429238,0.25487340942696607,0.09314417562150784,0.0,0.0,0.0,0.0,2.4939094004890547,2.5,50.0,10
2751.8247253333334,13.734595923671977,0.851132840087986,0.25486620447695996,0.09315266369651864,0.0,0.0,0.0,0.0,4.013374271630275,2.5,50.0,10
2750.8888746666667,13.736073139510857,0.8511290608631861,0.25484650351932825,0.09313810947492251,0.0,0.0,0.0,0.0,2.6470169347186836,2.5,50.0,10
2751.4294186666666,13.73521984362841,0.8511292108952355,0.25486964144696694,0.09314874977569376,0.0,0.0,0.0,0.0,2.2902575002159873,2.5,50.0,10
2751.407168,13.73525496493939,0.8511327723976972,0.2548717182356593,0.0931497985048681,0.0,0.0,0.0,0.0,3.764417770483863,2.5,50.0,10
2751.7283626666667,13.7347480064219,0.8511337693743708,0.2548699957201288,0.09315373933236537,0.0,0.0,0.0,0.0,4.032812339733724,2.5,50.0,10
2750.9705386666665,13.735944215007674,0.8511338151974309,0.25486598338391797,0.09314255484935091,0.0,0.0,0.0,0.0,5.073466144169036,2.5,50.0,10
2752.3062897777777,13.733835982526454,0.8511315026126214,0.254860577866013,0.0931526590904232,0.0,0.0,0.0,0.0,5.034502395597032,2.5,50.0,10
2750.5146737777777,13.736663946493067,0.8511340094451043,0.2548644426347024,0.09315248559091616,0.0,0.0,0.0,0.0,5.012604014163902,2.5,50.0,10
2750.1162026666666,13.737293160882992,0.8511335686314693,0.25484992166844045,0.09314679328306669,0.0,0.0,0.0,0.0,5.495068252997772,2.5,50.0,10
2751.423985777778,13.735228419083693,0.8511332838220432,0.2548665984870903,0.09314492252476719,0.0,0.0,0.0,0.0,3.9363545518915717,2.5,50.0,10
2751.825735111111,13.734594330035462,0.8511320636905333,0.25485140599817646,0.09315014792455623,0.0,0.0,0.0,0.0,6.016246960743851,2.5,50.0,10
2750.139320888889,13.737256653065128,0.851132568896749,0.25486922055493977,0.0931478612487287,0.0,0.0,0.0,0.0,5.595255586322967,2.5,50.0,10
2751.9929671111113,13.734330411695307,0.8511317438848127,0.25487278065326724,0.09315407874989662,0.0,0.0,0.0,0.0,4.6686169748819175,2.5,50.0,10
2750.0711964444445,13.737364234657555,0.8511317681875248,0.2548527404132169,0.0931462750931612,0.0,0.0,0.0,0.0,6.45413803985103,2.5,50.0,10
2750.9722595555554,13.735941498248971,0.8511348064386246,0.25487520369230265,0.09313625800396402,0.0,0.0,0.0,0.0,5.983095945191294,2.5,50.0,10
2752.3215146666666,13.73381195879418,0.8511340074103405,0.254869153950983,0.09314615801775467,0.0,0.0,0.0,0.0,1.8754405890300259,2.5,50.0,10
2750.963825777778,13.735954812628105,0.8511298262390372,0.2548716519291204,0.09313937896916707,0.0,0.0,0.0,0.0,3.3571798140254048,2.5,50.0,10
2751.730808888889,13.734744145647142,0.851128715395092,0.25487298062630903,0.09313737409871109,0.0,0.0,0.0,0.0,3.7513935058979078,2.5,50.0,10
2750.9460337777778,13.735982900937874,0.8511366425329997,0.2548688349544893,0.09314123797132706,0.0,0.0,0.0,0.0,3.7731518500298087,2.5,50.0,10
2751.367352888889,13.735317811356182,0.8511245681576523,0.2548658098655788,0.09314899699826162,0.0,0.0,0.0,0.0,5.55061093717416,2.5,50.0,10
2750.5483235555557,13.736610815260747,0.8511351978024696,0.2548712654636999,0.09315315543689873,0.0,0.0,0.0,0.0,3.0704621617426433,2.5,50.0,10
2751.739896888889,13.73472980245005,0.8511231716922973,0.25488101860993606,0.09312951395791047,0.0,0.0,0.0,0.0,4.372884731297477,2.5,50.0,10
2751.4256,13.735225871139061,0.8511332616399845,0.25487233714992485,0.09314334684774367,0.0,0.0,0.0,0.0,2.0052335951739453,2.5,50.0,10
2750.555072,13.736600159899545,0.8511330919921402,0.25485088218021645,0.0931537872790506,0.0,0.0,0.0,0.0,3.754552630125246,2.5,50.0,10
2751.3790364444444,13.735299369278906,0.8511349235782161,0.25485615364221614,0.09314708318333659,0.0,0.0,0.0,0.0,8.264932004057814,2.5,50.0,10
2750.9512462222224,13.735974672009764,0.8511263410065096,0.25487406420499037,0.09314383775524404,0.0,0.0,0.0,0.0,3.609784003384242,2.5,50.0,10
2751.4040035555554,13.735259959843695,0.8511315354115417,0.2548559628259083,0.09314588646930294,0.0,0.0,0.0,0.0,5.901513411982703,2.5,50.0,10
2750.8700444444444,13.736102867682247,0.851135614988818,0.25486320782831284,0.09315038150841004,0.0,0.0,0.0,0.0,7.4153608823059916,2.5,50.0,10
2750.497578666667,13.736690939024921,0.8511348069402305,0.2548707267633401,0.09314691401709374,0.0,0.0,0.0,0.0,8.058576850799426,2.5,50.0,10
2750.5346702222223,13.736632373078843,0.8511306375178161,0.2548603170586722,0.09315246652465625,0.0,0.0,0.0,0.0,5.490602074424414,2.5,50.0,10
2751.391936,13.735279007879805,0.851137725080591,0.25486477311716066,0.0931363896452092,0.0,0.0,0.0,0.0,4.593779003877973,2.5,50.0,10
2751.3763697777777,13.735303578510585,0.8511237638078827,0.2548652907850356,0.09313730561098132,0.0,0.0,0.0,0.0,5.355747922117095,2.5,50.0,10
2750.482311111111,13.736715046057714,0.8511323359663163,0.25486600289020256,0.09314312826816246,0.0,0.0,0.0,0.0,4.714959683312945,2.5,50.0,10
2751.693880888889,13.734802427998705,0.8511306120516001,0.25487871109235677,0.09314012016513928,0.0,0.0,0.0,0.0,4.901893494985484,2.5,50.0,10
2750.549447111111,13.73660904123673,0.8511383084792294,0.25487060834736874,0.09314093083140174,0.0,0.0,0.0,0.0,6.330567001903846,2.5,50.0,10
2751.6745244444446,13.734832978005144,0.8511281757557071,0.25485086978500093,0.09313452744910711,0.0,0.0,0.0,0.0,5.68587922678492,2.5,50.0,10
2752.407089777778,13.733676930162552,0.851127684767425,0.25487865986647057,0.09314765117650459,0.0,0.0,0.0,0.0,5.977778952971659,2.5,50.0,10
2751.8111217777778,13.734617392930756,0.8511335157831078,0.2548667764459044,0.09314634249433856,0.0,0.0,0.0,0.0,7.239981558877,2.5,50.0,10
2752.222279111111,13.733968547444595,0.8511315084262993,0.25485596427547047,0.09315956449166057,0.0,0.0,0.0,0.0,5.37437614739222,2.5,50.0,10
2750.91936,13.736025011290167,0.8511334736106708,0.2548510380376273,0.09314394786975799,0.0,0.0,0.0,0.0,7.028832327244144,2.5,50.0,10
2750.9590755555555,13.735962311807342,0.8511270393411722,0.2548760483454159,0.09314995610844751,0.0,0.0,0.0,0.0,7.386241607253614,2.5,50.0,10
2751.3018453333334,13.735421214155359,0.8511312076094344,0.2548634840275248,0.0931456939394269,0.0,0.0,0.0,0.0,6.07832855927692,2.5,50.0,10
2750.8541582222224,13.736127948178451,0.8511297314694524,0.25486059969218156,0.09314002779788944,0.0,0.0,0.0,0.0,6.157681351812092,2.5,50.0,10
2751.3186702222224,13.735394656058602,0.8511277415541978,0.25485943499060737,0.0931525862552059,0.0,0.0,0.0,0.0,5.44000780210055,2.5,50.0,10
2751.182869333333,13.735609022474568,0.8511257924961598,0.25485376712845986,0.09315033986668558,0.0,0.0,0.0,0.0,5.124388286152859,2.5,50.0,10
2751.3074915555558,13.735412301572236,0.8511295113075014,0.25486420303110513,0.09314111015087845,0.0,0.0,0.0,0.0,6.642023387293672,2.5,50.0,10
2750.7579235555554,13.736279882499097,0.851126203179534,0.2548577639061354,0.09315375639293727,0.0,0.0,0.0,0.0,6.903361595480136,2.5,50.0,10
2752.4014364444442,13.733685850405497,0.8511318630746778,0.2548715001721473,0.09314416781592105,0.0,0.0,0.0,0.0,6.622421357579763,2.5,50.0,10
2751.332551111111,13.735372745189803,0.851136192221268,0.2548838868476149,0.09315218340302822,0.0,0.0,0.0,0.0,6.2953606995502405,2.5,50.0,10
2750.9540337777776,13.73597027127971,0.8511305905515891,0.2548616626168783,0.09314280023380178,0.0,0.0,0.0,0.0,6.955121135488649,2.5,50.0,10
2751.3234275555556,13.735387146634661,0.8511320878461447,0.2548708918638184,0.09314435391950343,0.0,0.0,0.0,0.0,5.135608581001493,2.5,50.0,10
2750.5317902222223,13.736636920444765,0.8511315347685412,0.2548752723805007,0.09315737695112425,0.0,0.0,0.0,0.0,6.463968278257334,2.5,50.0,10
2751.03584,13.735841125309927,0.8511335985390565,0.25485943856485105,0.09314819081594722,0.0,0.0,0.0,0.0,7.361303862989025,2.5,50.0,10
2750.4988444444443,13.736688940404084,0.8511268040903244,0.2548647317568505,0.09315183374522257,0.0,0.0,0.0,0.0,7.347048932759498,2.5,50.0,10
2750.502897777778,13.736682540332305,0.8511348370207164,0.2548563761515096,0.0931406710084231,0.0,0.0,0.0,0.0,5.32119051015933,2.5,50.0,10
2751.3589546666667,13.73533106769991,0.8511291604933074,0.25486672083619366,0.09314645022355511,0.0,0.0,0.0,0.0,5.916743542948391,2.5,50.0,10
2750.9731982222224,13.735940016381306,0.8511331874220379,0.2548662075682051,0.09315304002909774,0.0,0.0,0.0,0.0,6.849852600770366,2.5,50.0,10
2751.200376888889,13.735581385596404,0.8511320046112886,0.254865918638906,0.09315009091399917,0.0,0.0,0.0,0.0,7.128469986335044,2.5,50.0,10
2750.0759537777776,13.73735672182723,0.851126215449666,0.25486444814511494,0.09313982453809416,0.0,0.0,0.0,0.0,6.542580381491933,2.5,50.0,10
2751.317361777778,13.735396721433084,0.8511297012780816,0.2548719125014658,0.09313899701942652,0.0,0.0,0.0,0.0,6.493819096858344,2.5,50.0,10
2751.445816888889,13.735193960223393,0.851131455192652,0.25486080369424724,0.0931483002826447,0.0,0.0,0.0,0.0,7.863838684589845,2.5,50.0,10
2751.0530062222224,13.735814025799923,0.8511281860369688,0.2548726422610428,0.09314094767024267,0.0,0.0,0.0,0.0,7.4020949740808,2.5,50.0,10
2750.565482666667,13.736583722175482,0.8511359854269586,0.2548735453705564,0.09316142563909086,0.0,0.0,0.0,0.0,5.8639250364035505,2.5,50.0,10
2750.9557973333335,13.73596748714667,0.851133806228067,0.2548650629089397,0.09315914197586705,0.0,0.0,0.0,0.0,6.572357208101975,2.5,50.0,10
2752.067128888889,13.734213377904627,0.8511322801635562,0.25486182171211313,0.09315513240553158,0.0,0.0,0.0,0.0,7.0138285743079765,2.5,50.0,10
2750.9190542222223,13.736025494029176,0.8511318187409348,0.2548503268177733,0.09313912482378461,0.0,0.0,0.0,0.0,5.23914258730904,2.5,50.0,10
2752.211633777778,13.733985345573513,0.8511293944840729,0.2548708062146722,0.0931488439350378,0.0,0.0,0.0,0.0,7.6185004298201795,2.5,50.0,10
2750.970993777778,13.735943496525868,0.8511281589959498,0.2548525785674441,0.09313960847902764,0.0,0.0,0.0,0.0,7.888017831010257,2.5,50.0,10
2750.965816888889,13.735951669263414,0.8511285779634167,0.254877992592069,0.09314457748709892,0.0,0.0,0.0,0.0,8.04244361723903,2.5,50.0,10
2751.6950755555554,13.734800542479999,0.8511294099533295,0.2548552995360054,0.09314920741957206,0.0,0.0,0.0,0.0,8.317013765243123,2.5,50.0,10
2750.8320355555556,13.73616287475085,0.8511331357623746,0.25487549494162026,0.09314557687560909,0.0,0.0,0.0,0.0,5.230155089900036,2.5,50.0,10
2750.9847893333335,13.735921717602558,0.8511316019214513,0.2548797279331283,0.09316107720961175,0.0,0.0,0.0,0.0,7.155904034129068,2.5,50.0,10
2751.8600533333333,13.734540169187213,0.8511362076581891,0.25487311979497684,0.09314114795037481,0.0,0.0,0.0,0.0,7.169936739852069,2.5,50.0,10
2750.9643448888887,13.735953993107808,0.8511273137545653,0.2548651097907976,0.09314347856454075,0.0,0.0,0.0,0.0,8.198092924236828,2.5,50.0,10
2750.9116302222224,13.736037214499756,0.8511316247961808,0.25486991211591536,0.09313547868592187,0.0,0.0,0.0,0.0,6.36947505108846,2.5,50.0,10
2751.3949724444446,13.735274214995439,0.851136843929435,0.25486272544492433,0.09314717104283116,0.0,0.0,0.0,0.0,6.138616122013698,2.5,50.0,10
2751.316394666667,13.735398248014853,0.8511356584386446,0.25487068412423575,0.09314776125767327,0.0,0.0,0.0,0.0,7.192113594014056,2.5,50.0,10
2750.987022222222,13.735918192570601,0.8511336308772425,0.25487684679555317,0.0931425945570154,0.0,0.0,0.0,0.0,7.4262752686583,2.5,50.0,10
2751.8169813333334,13.73460814531229,0.8511325200827109,0.2548610574625706,0.09314738262167588,0.0,0.0,0.0,0.0,8.157172706481633,2.5,50.0,10
2750.5026204444443,13.736682978231654,0.8511316308745409,0.2548817378081726,0.09314070402539293,0.0,0.0,0.0,0.0,9.852257863492724,2.5,50.0,10
2751.2930488888887,13.735435099412609,0.8511314042610106,0.25488107836005847,0.09314437680010124,0.0,0.0,0.0,0.0,6.761968446468439,2.5,50.0,10
2750.845496888889,13.736141622386453,0.8511276089349287,0.254871735454578,0.09314173243698548,0.0,0.0,0.0,0.0,7.238534167775538,2.5,50.0,10
2750.4988515555556,13.73668892917588,0.8511316929801228,0.25485778463189857,0.09314317678579587,0.0,0.0,0.0,0.0,7.448821052989104,2.5,50.0,10
2750.8528284444446,13.736130047581973,0.8511338940391433,0.25485946538637166,0.09313288140809173,0.0,0.0,0.0,0.0,8.539836313799505,2.5,50.0,10
2750.5259306666667,13.736646172384203,0.8511330104845432,0.25486518544520353,0.09314651736510865,0.0,0.0,0.0,0.0,8.7387668514666,2.5,50.0,10
2750.9635697777776,13.73595521677516,0.8511327132316827,0.25486540882902864,0.09315365018193672,0.0,0.0,0.0,0.0,6.869112711091979,2.5,50.0,10
2751.344696888889,13.735353573270281,0.8511313220113953,0.2548488599556693,0.09314160720675196,0.0,0.0,0.0,0.0,9.801779446525845,2.5,50.0,10
2751.4558364444442,13.73517814515722,0.8511341374863306,0.25487600140766176,0.0931391418484609,0.0,0.0,0.0,0.0,7.891131122945575,2.5,50.0,10
2751.3645155555555,13.735322289997844,0.851126388960482,0.2548604403314193,0.09314711625581534,0.0,0.0,0.0,0.0,9.273617692341592,2.5,50.0,10
2750.5679075555554,13.736579893452237,0.8511351191668218,0.2548728738082879,0.09314178475254042,0.0,0.0,0.0,0.0,7.840075089414348,2.5,50.0,10
2750.8917404444446,13.736068615188417,0.8511288405169006,0.2548738237078293,0.09315047000141535,0.0,0.0,0.0,0.0,9.515149634579501,2.5,50.0,10
2751.3345635555556,13.735369568571993,0.8511382280821825,0.25486634785044393,0.09314381311776371,0.0,0.0,0.0,0.0,8.351034588742856,2.5,50.0,10
2750.967936,13.735948323827781,0.8511315415583991,0.25485520490114094,0.09313935107434901,0.0,0.0,0.0,0.0,9.926616434846466,2.5,50.0,10
2750.9322097777776,13.736004725073748,0.8511275426307677,0.2548648654276941,0.09314132989622353,0.0,0.0,0.0,0.0,9.559567461331781,2.5,50.0,10
2752.0000213333333,13.734319279378127,0.851130454325647,0.25485449659393455,0.09314227183186596,0.0,0.0,0.0,0.0,8.363598554734386,2.5,50.0,10
2751.4181973333334,13.735237555778504,0.8511308176935519,0.25487181534231795,0.09313587944609425,0.0,0.0,0.0,0.0,8.315787918213239,2.5,50.0,10
2750.9441706666667,13.735985842250201,0.8511266233176534,0.2548792914434034,0.09314526806198448,0.0,0.0,0.0,0.0,9.38778520175152,2.5,50.0,10
2751.400440888889,13.735265583327102,0.8511209162578823,0.2548465636722993,0.09314380211358447,0.0,0.0,0.0,0.0,9.176313772172913,2.5,50.0,10
2750.1396124444445,13.73725619264859,0.8511276162885736,0.2548660260861526,0.09314538635810415,0.0,0.0,0.0,0.0,10.251429562366095,2.5,50.0,10
2751.2961564444445,13.735430194106472,0.8511292161562186,0.2548584691627093,0.09314268426016409,0.0,0.0,0.0,0.0,9.456582818140665,2.5,50.0,10
2752.6723413333334,13.73325841744743,0.8511354445017699,0.2548605965984401,0.09314276509282493,0.0,0.0,0.0,0.0,9.39938461431427,2.5,50.0,10
2750.9427128888888,13.735988143660094,0.8511326414765271,0.25486758457116193,0.09314840290115473,0.0,0.0,0.0,0.0,9.891687307539325,2.5,50.0,10
2751.5993457777777,13.734951633485002,0.8511297750807709,0.25487132868823703,0.0931410861853621,0.0,0.0,0.0,0.0,7.468016045505879,2.5,50.0,10
2751.410197333333,13.735250183306047,0.8511344368968669,0.254861061854156,0.09313684958372087,0.0,0.0,0.0,0.0,9.406385929402775,2.5,50.0,10
2751.842801777778,13.734567395422275,0.8511260662782575,0.2548643714438521,0.09314028492567578,0.0,0.0,0.0,0.0,10.426365594955952,2.5,50.0,10
2750.8214613333334,13.73617956910052,0.8511296586532197,0.2548633789661203,0.09314237918216228,0.0,0.0,0.0,0.0,9.984588992494777,2.5,50.0,10
2751.425088,13.735226679297547,0.8511308798755787,0.2548533070195403,0.0931561091949748,0.0,0.0,0.0,0.0,10.851923799587498,2.5,50.0,10
2751.4129991111113,13.73524576086111,0.851125219852477,0.25487233810064525,0.0931506501661174,0.0,0.0,0.0,0.0,9.594542654047974,2.5,50.0,10
2750.1102364444446,13.737302582667413,0.8511313484675758,0.2548720260066579,0.09313868053644819,0.0,0.0,0.0,0.0,8.591352985416238,2.5,50.0,10
2750.731712,13.736321265959559,0.8511318492950336,0.2548644560888943,0.09314739075857975,0.0,0.0,0.0,0.0,9.892222353910844,2.5,50.0,10
2752.2316444444446,13.733953769184502,0.8511297376708753,0.2548513443162289,0.09314696224959362,0.0,0.0,0.0,0.0,9.303177628339236,2.5,50.0,10
2750.944576,13.735985202346207,0.8511362772151196,0.25487379723458436,0.09314144996180751,0.0,0.0,0.0,0.0,8.230238641540591,2.5,50.0,10
2751.377984,13.735301030521853,0.8511260197931315,0.2548637045217397,0.09314768370640536,0.0,0.0,0.0,0.0,9.837525943024515,2.5,50.0,10
2750.9563875555555,13.73596655536061,0.8511342854504041,0.2548687688190641,0.09315737608209346,0.0,0.0,0.0,0.0,10.11616671423241,2.5,50.0,10
2751.160519111111,13.735644304090037,0.851134896473736,0.2548692902205518,0.09314443144970352,0.0,0.0,0.0,0.0,10.695342128954437,2.5,50.0,10
2751.405304888889,13.735257905758758,0.8511313061979991,0.25487497249752744,0.09315683977080813,0.0,0.0,0.0,0.0,9.325933281431162,2.5,50.0,10
2751.4370915555555,13.735207732510325,0.8511326540249127,0.25485872746158705,0.0931555545499767,0.0,0.0,0.0,0.0,10.109792407651742,2.5,50.0,10
2751.782641777778,13.734662340677183,0.8511332224593302,0.2548573369385986,0.09314199956814662,0.0,0.0,0.0,0.0,9.58729859557148,2.5,50.0,10
2751.2349582222223,13.735526797104837,0.8511287415338716,0.2548483934402177,0.09313708085596761,0.0,0.0,0.0,0.0,11.427322527534965,2.5,50.0,10
2751.40576,13.735257187390484,0.8511330138479742,0.2548710228657333,0.09314271612130737,0.0,0.0,0.0,0.0,10.768815601000911,2.5,50.0,10
2751.8613902222223,13.734538059329463,0.8511361949293268,0.25485905336374626,0.09313895797167188,0.0,0.0,0.0,0.0,11.003931155879636,2.5,50.0,10
2751.420992,13.73523314457087,0.8511316801710607,0.2548710148161183,0.09314381135703331,0.0,0.0,0.0,0.0,9.177117851021276,2.5,50.0,10
2750.8935253333334,13.736065797312554,0.8511344397740813,0.25488639050762024,0.09314431829281189,0.0,0.0,0.0,0.0,10.339781222491851,2.5,50.0,10
2750.969166222222,13.735946381680087,0.8511333326511465,0.25486886791349656,0.09314696165539676,0.0,0.0,0.0,0.0,11.217634866699932,2.5,50.0,10
3124.0729386666667,13.183591959409245,0.7913689066337385,0.23710486323503288,0.07777608269639957,0.0,0.0,0.01894028296274869,0.0,inf,2.5,50.0,10
3120.863552,13.188055796773863,0.8235715486426483,0.2516801444594007,0.0770138156575082,0.0,0.0,-0.014087895142150206,0.0,inf,2.5,50.0,10
2902.050567111111,13.503753852865277,0.8535174656155698,0.2737252468811445,0.09441421492596108,0.0,0.0,-0.005659420146549882,0.0,inf,2.5,50.0,10
3044.128839111111,13.29617331386032,0.789245331457756,0.21424448933574114,0.05717798777313571,0.0,0.0,-0.028159874185364253,0.0,inf,2.5,50.0,10
2683.3309795555556,13.844061161761571,0.8631199312140714,0.2828973809209538,0.0978776872886285,0.0,0.0,-0.003592498833062406,0.0,inf,2.5,50.0,10
2982.769856,13.384606154257659,0.6511210900061429,0.19319437450006305,0.005535767816345349,0.0,0.0,-0.048262692321185206,0.0,inf,2.5,50.0,10
3116.703032888889,13.193849372634519,0.7258452671629521,0.23135725608992502,0.03342422798872913,0.0,0.0,-0.02872384975568069,0.0,inf,2.5,50.0,10
3010.287616,13.344723689038705,0.8310876995330452,0.263564990742153,0.0888400583366798,0.0,0.0,-0.013180094298339913,0.0,inf,2.5,50.0,10
2790.3959395555557,13.674145295785605,0.8534920183823845,0.2802509806817274,0.09745816847180655,0.0,0.0,-0.007811978180764757,0.0,inf,2.5,50.0,10
2959.336078222222,13.418860720745444,0.7108627535589201,0.1808174267967686,0.016256424458194252,0.0,0.0,0.02914978080434526,0.0,inf,2.5,50.0,10
2710.500096,13.80030933869534,0.8621278557691167,0.2769081512482527,0.09807796529177476,0.0,0.0,0.003379586033750675,0.0,inf,2.5,50.0,10
2934.0758186666667,13.456090287283635,0.8348563021411016,0.2638971970550006,0.08490837141242091,0.0,0.0,-0.011783860189403647,0.0,inf,2.5,50.0,10
3122.1912604444447,13.186208571410594,0.8028296170308279,0.23213195280865656,0.06325283992034342,0.0,0.0,-0.01753014009433456,0.0,inf,2.5,50.0,10
2735.080021333333,13.761103236847102,0.8622247966868504,0.2796563200461938,0.09837345679417703,0.0,0.0,-0.0037898243848120067,0.0,inf,2.5,50.0,10
3111.993912888889,13.200416220365545,0.7813639856640862,0.22425570602738748,0.059705499156895936,0.0,0.0,-0.021390285946605372,0.0,inf,2.5,50.0,10
3009.4285226666666,13.34596328070065,0.8169646297142468,0.2567363509139157,0.08122430380989692,0.0,0.0,-0.015512550298310808,0.0,inf,2.5,50.0,10
2883.708344888889,13.531290266688192,0.8466394273504478,0.26923196121829274,0.0937558057983221,0.0,0.0,0.007404947807091827,0.0,inf,2.5,50.0,10
3100.902272,13.215922816347545,0.8073418266954118,0.2538620854418262,0.08628154843054214,0.0,0.0,0.01912964437938398,0.0,inf,2.5,50.0,10
3071.9159182222224,13.256710364719314,0.8227221082102242,0.25788032863646876,0.08419375659534956,0.0,0.0,-0.014365379816503168,0.0,inf,2.5,50.0,10
2941.5195306666665,13.445086245705536,0.657860577122872,0.18409161065861418,0.013604110534652158,0.0,0.0,0.04350150882170141,0.0,inf,2.5,50.0,10
2890.7655537777778,13.520674898231057,0.8386191850940095,0.2756657722206457,0.09675051970688803,0.0,0.0,0.010939696618046968,0.0,inf,2.5,50.0,10
3083.802801777778,13.239937621887146,0.8014978049859178,0.23584520124801478,0.07199100050804502,0.0,0.0,0.01815574838725173,0.0,inf,2.5,50.0,10
3028.7349617777777,13.318190900684119,0.8345649138336583,0.26881337537821137,0.07988782044024695,0.0,0.0,0.015811754599781125,0.0,inf,2.5,50.0,10
3024.3392284444444,13.324498581727436,0.7417542580526943,0.19147703097510455,0.04924763282035932,0.0,0.0,0.041140722520868096,0.0,inf,2.5,50.0,10
3087.0211342222224,13.235407581287138,0.47596898327106,0.12094827917936107,0.02093912241189344,0.0,0.0,0.07003834268627132,0.0,inf,2.5,50.0,10
3044.7451164444446,13.295294183012626,0.6523731036720322,0.15495828311024262,0.028919631160323755,0.0,0.0,0.04645422316989441,0.0,inf,2.5,50.0,10
3047.739456,13.291025234162063,0.701336719958167,0.20140737976897377,0.03593712903458535,0.0,0.0,0.038935697997364155,0.0,inf,2.5,50.0,10
3043.6095786666665,13.296914186515366,0.823835274626238,0.2521690860063406,0.0811691509676381,0.0,0.0,0.016865896475131405,0.0,inf,2.5,50.0,10
3174.3972835555555,13.114190820348721,0.7079360630874572,0.21726541389343373,0.05448684533054998,0.0,0.0,0.030852880096332545,0.0,inf,2.5,50.0,10
3120.672952888889,13.188321039610052,0.6328489622275707,0.19720366304318965,0.046819431644159915,0.0,0.0,0.04502487535297592,0.0,inf,2.5,50.0,10
2745.2175217777776,13.745035986883567,0.8622525785222551,0.2748946076296097,0.1017129546691618,0.0,0.0,0.004021282742537834,0.0,inf,2.5,50.0,10
3187.9324942222224,13.095712444102055,0.7404930733575283,0.2055351331104605,0.05343859902965464,0.0,0.0,0.028634759097294717,0.0,inf,2.5,50.0,10
3134.209272888889,13.16952369684116,0.7595879575819654,0.24856886985798443,0.06924084813152126,0.0,0.0,0.023307639006000507,0.0,inf,2.5,50.0,10
3067.891776,13.262403256414927,0.628406379915422,0.16656767234830228,0.022907734504340305,0.0,0.0,0.0470566882634435,0.0,inf,2.5,50.0,10
3100.0241066666667,13.217152898234428,0.7927116312954442,0.238446504886069,0.06755503706218541,0.0,0.0,0.027174405188487148,0.0,inf,2.5,50.0,10
2715.1937635555555,13.792795334107062,0.8644192379847068,0.2796628412604466,0.10136804017566242,0.0,0.0,0.0031423685847945977,0.0,inf,2.5,50.0,10
2685.9402737777777,13.839840096674285,0.8638872888323972,0.27721912273395233,0.10021435909749887,0.0,0.0,0.002908598168185058,0.0,inf,2.5,50.0,10
3132.7327715555557,13.171570106043308,0.8147359415564224,0.2576705366305712,0.06996010935418906,0.0,0.0,0.017749759232583172,0.0,inf,2.5,50.0,10
3044.7585777777776,13.295274982161196,0.8042796972236266,0.26562647603863265,0.08046155275067202,0.0,0.0,0.02541102854218756,0.0,inf,2.5,50.0,10
2819.5327928888887,13.629032108040208,0.8582527354263487,0.2729566494894075,0.10089690408155638,0.0,0.0,0.006321494702712063,0.0,inf,2.5,50.0,10
2887.0893795555558,13.526201317336703,0.6550220037371044,0.18955427829054278,0.007374338296759542,0.0,0.0,0.04157882853915019,0.0,inf,2.5,50.0,10
3065.608704,13.265636404012826,0.6402080569411426,0.15416623878998975,0.03689596607903323,0.0,0.0,0.045932945514342294,0.0,inf,2.5,50.0,10
2983.512149333333,13.38352550168376,0.554572320006871,0.10563117293928359,0.012386896420441551,0.0,0.0,0.07514848246262162,0.0,inf,2.5,50.0,10
2915.1585564444445,13.48418179709003,0.5420412591567517,0.17730598983216778,0.04951798570691468,0.0,0.0,0.06596498216193328,0.0,inf,2.5,50.0,10
3110.875008,13.20197798948019,0.5009961232041094,0.14860608606448722,0.03522963546639879,0.0,0.0,0.07801496287805093,0.0,inf,2.5,50.0,10
3048.5103502222223,13.289926870022573,0.7834629394784767,0.2112636842910373,0.05323653109061266,0.0,0.0,0.01873716070524012,0.0,inf,2.5,50.0,10
3112.1204124444444,13.200239687429045,0.783992410049994,0.21562778190654774,0.05903538124087604,0.0,0.0,0.02268002858328777,0.0,inf,2.5,50.0,10
3001.148622222222,13.357928578746602,0.5402611477630715,0.1671326332384674,0.025549628642602074,0.0,0.0,0.06085724366061551,0.0,inf,2.5,50.0,10
3075.3789653333333,13.251817212728021,0.7732811672510054,0.2329576802102714,0.06851390671463842,0.0,0.0,0.019275019197906244,0.0,inf,2.5,50.0,10
2973.9955626666665,13.39740044668128,0.5071197221192789,0.09614213548642592,0.02383902827253026,0.0,0.0,0.06583430057380414,0.0,inf,2.5,50.0,10
3072.0293546666667,13.256549996032138,0.7629558475029199,0.21097714885089208,0.05725482085541289,0.0,0.0,0.021257270894341613,0.0,inf,2.5,50.0,10
2919.6430151111113,13.477506073801582,0.6591112510079293,0.16107957743653878,0.0008558200221664425,0.0,0.0,0.044284802394536985,0.0,inf,2.5,50.0,10
3041.796600888889,13.299501906200016,0.6417954150960715,0.16673055256490038,0.009402110134362207,0.0,0.0,0.05966469593022709,0.0,inf,2.5,50.0,10
3081.0810311111113,13.243772406419613,0.6990678836318787,0.20084070076676264,0.030128826778806406,0.0,0.0,0.032251686807197234,0.0,inf,2.5,50.0,10
2985.029994666667,13.381316614317445,0.6181823312726737,0.17901682836784694,0.0007116776987547979,0.0,0.0,0.06059312397161015,0.0,inf,2.5,50.0,10
2917.6263395555557,13.48050689849271,0.5773003842225578,0.14088618114847573,0.04409933294042695,0.0,0.0,0.05361670433792983,0.0,inf,2.5,50.0,10
3128.544888888889,13.177379701793075,0.7403268423169451,0.24303932927926314,0.04892877911622384,0.0,0.0,0.03128530662001449,0.0,inf,2.5,50.0,10
2923.518016,13.471745863733224,0.6370864017526529,0.18840706231226967,0.004060903695431883,0.0,0.0,0.054938160190256526,0.0,inf,2.5,50.0,10
3156.0010808888887,13.139432175903504,0.7063995208912983,0.19934884467756991,0.055613942592357635,0.0,0.0,0.03358114237509807,0.0,inf,2.5,50.0,10
2926.8454826666666,13.466805655938597,0.5632332668105159,0.12843417635187981,0.04952184610742577,0.0,0.0,0.0876971304898522,0.0,inf,2.5,50.0,10
2931.3757155555554,13.460088751707787,0.5881499263588783,0.15119474504401653,0.0044308695677992005,0.0,0.0,0.055716949464143795,0.0,inf,2.5,50.0,10
3022.364608,13.327335058646286,0.5381350678857979,0.15936400203901807,0.0177990663095558,0.0,0.0,0.05832229586914485,0.0,inf,2.5,50.0,10
2986.036280888889,13.379852806891783,0.6547892623362611,0.17540235142604704,0.004031394849097869,0.0,0.0,0.04688579515591851,0.0,inf,2.5,50.0,10
2946.5812906666665,13.43761933898995,0.5619304993889722,0.09035013066940012,0.025253873594313803,0.0,0.0,0.07833088876518235,0.0,inf,2.5,50.0,10
3029.9277795555554,13.31648083954484,0.48685470367699163,0.05765412833015049,0.029282532828797503,0.0,0.0,0.08345471508948063,0.0,inf,2.5,50.0,10
2968.0976213333333,13.406021799923353,0.5186382285891992,0.14936922202509056,0.023286493290736232,0.0,0.0,0.0698782251114744,0.0,inf,2.5,50.0,10
3095.3513813333334,13.223704040183613,0.4626110588399905,0.09836263811646817,0.024338896783141106,0.0,0.0,0.08090363599614465,0.0,inf,2.5,50.0,10
3205.8756906666667,13.071336824955065,0.4447306420383114,0.08093197262198826,0.02507310747504088,0.0,0.0,0.10046336762260263,0.0,inf,2.5,50.0,10
2913.1917226666665,13.487112935570146,0.5789681697456266,0.12458046385543564,0.017528234137332566,0.0,0.0,0.05701408911231678,0.0,inf,2.5,50.0,10
3020.508920888889,13.330002381382647,0.6125149925936758,0.14487845783821918,0.013666628506054879,0.0,0.0,0.07334594130614364,0.0,inf,2.5,50.0,10
2999.8941724444444,13.359744265262727,0.5442735147278457,0.14273860949207667,0.024417112270607277,0.0,0.0,0.07300362922329849,0.0,inf,2.5,50.0,10
2927.714929777778,13.465515734718771,0.5938402353387392,0.13343466955778793,0.008852533654998385,0.0,0.0,0.05487363640891031,0.0,inf,2.5,50.0,10
2939.2637155555553,13.448418074348021,0.5416827507204434,0.1021471224560469,0.03889787148971102,0.0,0.0,0.06541357277828273,0.0,inf,2.5,50.0,10
3092.0873955555558,13.228286004369124,0.493586286180411,0.16472690204227675,0.013081561519810658,0.0,0.0,0.0719117846985126,0.0,inf,2.5,50.0,10
3015.388878222222,13.33737032194289,0.4907998314221139,0.11036626457325094,0.00969503103679542,0.0,0.0,0.09793226993551171,0.0,inf,2.5,50.0,10
2897.453831111111,13.510638363542535,0.5677475481372762,0.1328727320958774,0.00995544495042,0.0,0.0,0.06986444418913809,0.0,inf,2.5,50.0,10
2988.331192888889,13.376516327602726,0.614924853062979,0.1566513758790689,0.010311369118827685,0.0,0.0,0.060851477313418875,0.0,inf,2.5,50.0,10
2959.214129777778,13.419039688684027,0.6210669802663815,0.17426377932785486,0.0031223545302415667,0.0,0.0,0.04994833665202771,0.0,inf,2.5,50.0,10
3077.9870364444446,13.24813574486323,0.4702438804583207,0.09342703005750191,0.020960065727486488,0.0,0.0,0.09052251485182455,0.0,inf,2.5,50.0,10
3212.714552888889,13.062082203186645,0.462782602814085,0.12335731282490198,0.0131798552416455,0.0,0.0,0.08664474820832622,0.0,inf,2.5,50.0,10
2989.721607111111,13.374496107121704,0.5200722348701665,0.12810860247359462,0.02622788923933378,0.0,0.0,0.0809319835905174,0.0,inf,2.5,50.0,10
3284.8602311111113,12.965634655561475,0.4136261106758495,0.06309679437877846,0.027965217819940102,0.0,0.0,0.11664803903067653,0.0,inf,2.5,50.0,10
3665.6883057777777,12.48924826819927,0.3386005180387356,0.06354590926995668,0.06326176201066636,0.0,0.0,0.11335782958262305,0.0,inf,2.5,50.0,10
3537.216263111111,12.644187477581134,0.3421122384966247,0.10791498177036202,0.04792584410846379,0.0,0.0,0.09914415144680704,0.0,inf,2.5,50.0,10
3130.588714666667,13.174543455293065,0.4630887260284455,0.12564956937403765,0.011928696527410632,0.0,0.0,0.08503280577614333,0.0,inf,2.5,50.0,10
3322.836814222222,12.91571347432422,0.4095658004443183,0.03848683742047132,0.012635631028683203,0.0,0.0,0.09529187383079542,0.0,inf,2.5,50.0,10
3092.92,13.227116739742943,0.438193841187018,0.08743483482826131,0.051510798615399866,0.0,0.0,0.1082963245562428,0.0,inf,2.5,50.0,10
3487.791352888889,12.70529864251686,0.3487172850383259,0.11827073469958282,0.02887105268591378,0.0,0.0,0.132773061373919,0.0,inf,2.5,50.0,10
3239.106133333333,13.026551824267809,0.3904242885672353,0.11285091962497817,0.06632672877078966,0.0,0.0,0.11236109235153073,0.0,inf,2.5,50.0,10
3136.6084835555557,13.16620048113065,0.48555861067150335,0.017820214022901792,0.016928511880482444,0.0,0.0,0.09689846732711055,0.0,inf,2.5,50.0,10
2946.200583111111,13.4381804973507,0.5672247683018377,0.14724665276864518,0.0011480479849148573,0.0,0.0,0.06684323649349153,0.0,inf,2.5,50.0,10
2914.6429084444444,13.484950067100382,0.5539388120169851,0.13973460405104204,0.013146854305985334,0.0,0.0,0.08949499777008756,0.0,inf,2.5,50.0,10
3052.436544,13.284337165481547,0.5137465271391495,0.15154645258391303,0.007016653825420216,0.0,0.0,0.09566888281275053,0.0,inf,2.5,50.0,10
2925.833464888889,13.46830757922807,0.5250124023093354,0.12559134807108463,0.03865955594832693,0.0,0.0,0.09221400562246036,0.0,inf,2.5,50.0,10
3050.4441244444442,13.287172865198995,0.4964706230288391,0.15312502747722845,0.03859018838748046,0.0,0.0,0.08030641081171504,0.0,inf,2.5,50.0,10
3450.045767111111,12.752555045563838,0.37854511692924414,0.011523933794711783,0.058425127908530106,0.0,0.0,0.09367411249064904,0.0,inf,2.5,50.0,10
3558.811264,12.617754043832537,0.35260939401438607,0.13083799525697992,0.04073198530510258,0.0,0.0,0.07619671610664368,0.0,inf,2.5,50.0,10
3372.8411235555554,12.850844764792399,0.4125920695612748,0.08564758644953441,0.05829062584607775,0.0,0.0,0.08788783158754021,0.0,inf,2.5,50.0,10
3350.3552924444443,12.879894961097968,0.3835308606765846,0.06177696712795,0.038609467172630085,0.0,0.0,0.0930226710048126,0.0,inf,2.5,50.0,10
3560.722368,12.61542248116459,0.33956778151921024,0.05828017544414149,0.04393895239817297,0.0,0.0,0.1305598041462736,0.0,inf,2.5,50.0,10
3578.3628657777776,12.593959825419752,0.3302889435669472,0.029377963200991175,0.062184889989227055,0.0,0.0,0.13539917795787434,0.0,inf,2.5,50.0,10
3114.056334222222,13.197538960460346,0.467961071829046,0.1213321274685138,0.02328996630218544,0.0,0.0,0.10149586464411586,0.0,inf,2.5,50.0,10
3051.389070222222,13.285827745700722,0.4724482637789763,0.08821572900862551,0.031144890737508868,0.0,0.0,0.09894990472598993,0.0,inf,2.5,50.0,10
3114.5302044444443,13.196878138870186,0.49017597531139256,0.11235994656872633,0.048983606977158256,0.0,0.0,0.07426176506370856,0.0,inf,2.5,50.0,10
3103.9248853333333,13.211691580369022,0.4905819348554615,0.14052978732197902,0.010137013628457925,0.0,0.0,0.08920185092886197,0.0,inf,2.5,50.0,10
3237.875576888889,13.028202049338166,0.4306030164440573,0.11728247034007294,0.029943545429188978,0.0,0.0,0.10900124143165188,0.0,inf,2.5,50.0,10
3191.131242666667,13.091356949402034,0.4401747488012776,0.09629020309815933,0.015987836198714578,0.0,0.0,0.09901615589788915,0.0,inf,2.5,50.0,10
3742.2960142222223,12.399422238132932,0.3370650396710031,0.116162114477807,0.06987648556681902,0.0,0.0,0.14027781083220545,0.0,inf,2.5,50.0,10
3312.0891164444442,12.92978347290277,0.43919611698173366,0.17602477496596625,0.030538111530702794,0.0,0.0,0.0911191087499815,0.0,inf,2.5,50.0,10
3363.7125404444446,12.862614865342586,0.37611290461661434,0.09595075187668062,0.014692951841150437,0.0,0.0,0.11776465403980409,0.0,inf,2.5,50.0,10
3510.1914666666667,12.677495547585153,0.3719134880915137,0.04310097792238843,0.04431072791180868,0.0,0.0,0.1256615904742923,0.0,inf,2.5,50.0,10
2956.339648,13.42326033046862,0.5873034972813492,0.15446767538095163,0.012949599291504299,0.0,0.0,0.07266581656992549,0.0,inf,2.5,50.0,10
3163.3950008888887,13.129269368953558,0.4098942124608909,0.06623120306242447,0.06401544742849047,0.0,0.0,0.09653478302005591,0.0,inf,2.5,50.0,10
3505.980807111111,12.682708265740679,0.36361571080792743,0.03793165377387786,0.04486742955380274,0.0,0.0,0.10240985060746446,0.0,inf,2.5,50.0,10
2979.8145422222224,13.388911255822224,0.5347349687222465,0.09520445429741836,0.01931085941073224,0.0,0.0,0.08438142614520086,0.0,inf,2.5,50.0,10
3148.9574044444444,13.1491357483913,0.4445014577102098,0.08423933578563592,0.04195084547274386,0.0,0.0,0.11225977947260685,0.0,inf,2.5,50.0,10
3061.263815111111,13.271796028125644,0.49765054413161214,0.1366302084646997,0.02821561788964322,0.0,0.0,0.08781866049270592,0.0,inf,2.5,50.0,10
3413.581816888889,12.798700443649821,0.36458425318916143,0.0967635843817315,0.054603141803802324,0.0,0.0,0.11227914236236211,0.0,inf,2.5,50.0,10
3158.1430542222224,13.136485625381916,0.4456080315969571,0.09149517801995083,0.058885237704559557,0.0,0.0,0.1102709483813976,0.0,inf,2.5,50.0,10
3059.886734222222,13.273750100767538,0.4662252100430725,0.13220618719965743,0.044141969269130055,0.0,0.0,0.08476613017203681,0.0,inf,2.5,50.0,10
3560.949248,12.61514576879311,0.36253693154025035,0.1467863658355092,0.07772867650321202,0.0,0.0,0.14203032002765253,0.0,inf,2.5,50.0,10
4082.0465777777777,12.022024049865209,0.2891387490700205,0.0639066563896949,0.05760267134674296,0.0,0.0,0.1363546210855372,0.0,inf,2.5,50.0,10
3777.505088,12.358753028962026,0.31340768347376136,0.08769792375633145,0.06213845376237981,0.0,0.0,0.15763225720162782,0.0,inf,2.5,50.0,10
3833.0026666666668,12.295412394694893,0.2802179620522791,0.056345395679194166,0.05523607673276787,0.0,0.0,0.15014192926374453,0.0,inf,2.5,50.0,10
3415.6815786666666,12.796029833572813,0.39091335518200004,0.10532236794887279,0.04508512201688858,0.0,0.0,0.1306202260268076,0.0,inf,2.5,50.0,10
4199.402965333334,11.898928103014587,0.27393719416551,0.05489245388140068,0.04507104709821663,0.0,0.0,0.14754713334218036,0.0,inf,2.5,50.0,10
3696.988288,12.452322861306243,0.2963754651085477,0.06925660176653803,0.0482380687712507,0.0,0.0,0.14123500255349308,0.0,inf,2.5,50.0,10
3477.867249777778,12.717673599088851,0.36744832995235505,0.12387983031375421,0.06368384820529094,0.0,0.0,0.11672984979694886,0.0,inf,2.5,50.0,10
3459.552888888889,12.740603864784708,0.3242686635161071,0.07161949126436923,0.048797168423072745,0.0,0.0,0.16873447333118838,0.0,inf,2.5,50.0,10
3585.0788195555556,12.585816526013998,0.3761362306708332,0.08581245390401548,0.07145024644604403,0.0,0.0,0.12127553544551929,0.0,inf,2.5,50.0,10
3335.559914666667,12.899116148373594,0.403803931838594,0.06768200400997237,0.06123889068827837,0.0,0.0,0.15262960934641837,0.0,inf,2.5,50.0,10
3912.633735111111,12.206111657311238,0.2889482380491875,0.09649551296895753,0.06152980993541651,0.0,0.0,0.1631277611248735,0.0,inf,2.5,50.0,10
3559.160440888889,12.617327951674653,0.34591552745999243,0.05441837594058774,0.0805675638443627,0.0,0.0,0.1507567248085471,0.0,inf,2.5,50.0,10
4119.863175111112,11.981975679612217,0.2858821669588084,0.04546829220181997,0.05953986180291404,0.0,0.0,0.15593713857046426,0.0,inf,2.5,50.0,10
3472.1838933333333,12.724776427087846,0.3409003861071831,0.10689790911326691,0.07256551039824533,0.0,0.0,0.111492183078547,0.0,inf,2.5,50.0,10
3248.6483484444443,13.013776574008828,0.45493283905678866,0.090358459781406,0.045365075897852825,0.0,0.0,0.10774273019339722,0.0,inf,2.5,50.0,10
3896.2855537777777,12.224295826086028,0.303117341688189,0.03851822767379609,0.06185824152349556,0.0,0.0,0.15822132514088394,0.0,inf,2.5,50.0,10
4226.4253653333335,11.87107156717505,0.26146497726322765,0.04345539889860156,0.003844941211685493,0.0,0.0,0.13510678640088847,0.0,inf,2.5,50.0,10
3589.74112,12.580172310108779,0.2994371810317788,0.0728425109325489,0.0401955617531814,0.0,0.0,0.12131245010958616,0.0,inf,2.5,50.0,10
3568.1269333333335,12.606400652014694,0.3242779108015721,0.1035047049201352,0.06771755322115586,0.0,0.0,0.14860763060261636,0.0,inf,2.5,50.0,10
3110.6579555555554,13.202281016658526,0.44218904155384114,0.08453618163569548,0.031051367547357267,0.0,0.0,0.1457265660520953,0.0,inf,2.5,50.0,10
3870.9206755555556,12.252660891928413,0.26494261427042065,0.016548148602341384,0.004254654580482131,0.0,0.0,0.1580089390142265,0.0,inf,2.5,50.0,10
3883.009621333333,12.239118942243097,0.2773181725453964,0.07167978014834653,0.048174554049296936,0.0,0.0,0.17722596687092285,0.0,inf,2.5,50.0,10
3717.5312853333335,12.428257288008966,0.3264050580671302,0.031953867356113386,0.026490848493059216,0.0,0.0,0.1591624369458125,0.0,inf,2.5,50.0,10
3670.5229795555556,12.48352413522166,0.30407209205483254,0.03056617313397847,0.05518858131465504,0.0,0.0,0.13846537965614425,0.0,inf,2.5,50.0,10
4077.6112995555554,12.026745368028989,0.24420596124262223,0.05836176441188884,0.07056019783515888,0.0,0.0,0.19232844067857607,0.0,inf,2.5,50.0,10
3405.6496995555553,12.808803858772313,0.4005788710492333,0.11870943558437386,0.03185380237803359,0.0,0.0,0.11028202841580362,0.0,inf,2.5,50.0,10
4110.471338666666,11.991887365477156,0.29937290434208796,0.05186322287658596,0.0658514631663561,0.0,0.0,0.15308497945911168,0.0,inf,2.5,50.0,10
3422.4536462222222,12.787427861148359,0.3335320100097892,0.07052741265271051,0.06620462844698083,0.0,0.0,0.15807748225394175,0.0,inf,2.5,50.0,10
3762.4593635555557,12.376085428384734,0.30864536045353486,0.004949463452330882,0.05860725833189434,0.0,0.0,0.1432184793119184,0.0,inf,2.5,50.0,10
3138.897102222222,13.163032817621813,0.43397227055002296,0.12708817116740156,0.0399909066693695,0.0,0.0,0.12175792631034008,0.0,inf,2.5,50.0,10
3504.901767111111,12.684045104908908,0.3635440297776375,0.08410313714515782,0.02977420928734431,0.0,0.0,0.1309416326619309,0.0,inf,2.5,50.0,10
3781.1193315555556,12.354599770207699,0.3233472456606441,0.0274935325167871,0.05711627268588054,0.0,0.0,0.14604303033722044,0.0,inf,2.5,50.0,10
3386.960448,12.832702357661333,0.32771302481116565,0.07779149553091697,0.04375304002515762,0.0,0.0,0.15065228723499766,0.0,inf,2.5,50.0,10
3767.0833706666667,12.370751290320907,0.27967696096412775,0.06112388512996447,0.028861009873713706,0.0,0.0,0.14786568584812312,0.0,inf,2.5,50.0,10
3969.4370275555557,12.143514443222493,0.3045475892117999,0.016483227857494898,0.05706358769882752,0.0,0.0,0.1455390576431511,0.0,inf,2.5,50.0,10
4513.845376,11.585336828430757,0.24842358166248746,0.06887978302280934,0.06785438587708309,0.0,0.0,0.1519065852366765,0.0,inf,2.5,50.0,10
4379.183331555556,11.716872338497293,0.2568796014409072,0.026226379433194058,0.0726521956174872,0.0,0.0,0.18234628861429433,0.0,inf,2.5,50.0,10
3757.157632,12.38220944545102,0.34349355675834375,0.01034129854426058,0.06810189649747256,0.0,0.0,0.1466287886292102,0.0,inf,2.5,50.0,10
4025.771143111111,12.08231278370176,0.25000558361890424,0.03243652216543513,0.022101534075661955,0.0,0.0,0.16778144142862172,0.0,inf,2.5,50.0,10
4347.722453333334,11.748185487363346,0.24014899078289212,0.09414029809255853,0.025365466619284127,0.0,0.0,0.18164501358222812,0.0,inf,2.5,50.0,10
3620.4273777777776,12.543205204852985,0.3329553252024492,0.057984052365115835,0.06722494052112787,0.0,0.0,0.14531643108313522,0.0,inf,2.5,50.0,10
4230.438172444445,11.866950086183174,0.2595411572416711,0.08627405180171216,0.015033903786492997,0.0,0.0,0.17821849272793164,0.0,inf,2.5,50.0,10
4768.388942222222,11.347086886802447,0.18874109134398068,0.05989529153844053,0.0397571761032115,0.0,0.0,0.17933014829138777,0.0,inf,2.5,50.0,10
4345.577393777778,11.750328718503697,0.24661809313325622,0.09486946075820474,0.04515322460712301,0.0,0.0,0.18902830959249287,0.0,inf,2.5,50.0,10
4032.5742293333333,12.074979904874677,0.2795267471794749,0.0588573736562808,0.04483011383898122,0.0,0.0,0.17656357891420923,0.0,inf,2.5,50.0,10
3743.965162666667,12.397485618627456,0.3347469321738441,0.06845351392784943,0.07183428158425503,0.0,0.0,0.16302410143246265,0.0,inf,2.5,50.0,10
3929.536504888889,12.187390331998921,0.2992802187958547,0.06118386064728848,0.04009372453168941,0.0,0.0,0.1995495474678996,0.0,inf,2.5,50.0,10
4188.689073777778,11.910022369722515,0.2574781124235775,0.04125561603852024,0.06915383596525804,0.0,0.0,0.20336713985996716,0.0,inf,2.5,50.0,10
4398.315335111111,11.697939981920776,0.22352573407101453,0.12974530113926275,0.04027277770145704,0.0,0.0,0.18452401789093362,0.0,inf,2.5,50.0,10
3923.895111111111,12.19362971047482,0.2580551678276008,0.02733773202423545,0.03797798038030559,0.0,0.0,0.1557826252245832,0.0,inf,2.5,50.0,10
4741.495331555556,11.371650335758677,0.22627549309911124,0.06700950592135663,0.03690610275720235,0.0,0.0,0.19823937811739833,0.0,inf,2.5,50.0,10
4565.9780337777775,11.535465430330207,0.24695817879732218,0.06990795807296918,0.05037052762203653,0.0,0.0,0.1830689427531717,0.0,inf,2.5,50.0,10
4198.786410666667,11.899565779251732,0.24931297752823595,0.044429206001053045,0.041910442633417144,0.0,0.0,0.18074526859053283,0.0,inf,2.5,50.0,10
3871.6824675555554,12.251806290299193,0.28302742519148305,0.09298828061394726,0.005567705220259123,0.0,0.0,0.16440454384909972,0.0,inf,2.5,50.0,10
3639.6162773333335,12.520247622246899,0.32056529039474424,0.01049471227964438,0.0191083328723603,0.0,0.0,0.16950640730831945,0.0,inf,2.5,50.0,10
3752.3047324444447,12.387822597736278,0.30308287665071043,0.12097138290654075,0.010544531361983578,0.0,0.0,0.19268870813516392,0.0,inf,2.5,50.0,10
4390.030464,11.706128268897544,0.23307650888439113,0.09662222120595038,0.06664005531597272,0.0,0.0,0.21207357963430418,0.0,inf,2.5,50.0,10
4578.591324444445,11.523484798340819,0.22938176209075978,0.060095290310965555,0.04727324701265778,0.0,0.0,0.19896233328825413,0.0,inf,2.5,50.0,10
3809.2535324444443,12.32240481912056,0.272686626577083,0.06706770185673316,0.04348223724658645,0.0,0.0,0.17560349159120867,0.0,inf,2.5,50.0,10
4594.646122666667,11.508282930002814,0.1931543078597486,0.03683091654422094,0.009797458333747844,0.0,0.0,0.20352557128045237,0.0,inf,2.5,50.0,10
4107.146737777778,11.995401415134655,0.27106555208278926,0.08242237978825295,0.02510478113643272,0.0,0.0,0.16693254034808983,0.0,inf,2.5,50.0,10
4691.963527111111,11.4172573339116,0.23386714437387346,0.03285015146146464,0.03338218908120277,0.0,0.0,0.21962798779344644,0.0,inf,2.5,50.0,10
4236.611555555555,11.860617144294228,0.22342291275069828,0.03817236263537971,0.04850405955888315,0.0,0.0,0.18395978979518895,0.0,inf,2.5,50.0,10
4515.440163555556,11.583802692779928,0.20448289518353233,0.051201948879361525,0.0385300351875959,0.0,0.0,0.18327821716051695,0.0,inf,2.5,50.0,10
4495.725468444444,11.602805776974591,0.2419205170221358,0.007832595043085866,0.0443763290412697,0.0,0.0,0.19026502995908434,0.0,inf,2.5,50.0,10
4352.120170666667,11.743794822805246,0.2279683057607573,0.02515096109097803,0.06895541978810049,0.0,0.0,0.1710868633410197,0.0,inf,2.5,50.0,10
4101.680561777778,12.001185263029505,0.2691819594807495,0.06016598668364631,0.05163807234965895,0.0,0.0,0.21786360701232105,0.0,inf,2.5,50.0,10
3754.222208,12.385603864418774,0.2854396873932298,0.05342168478207765,0.054146942367270245,0.0,0.0,0.19390014536218353,0.0,inf,2.5,50.0,10
4704.591715555555,11.405584213884074,0.22997557056573173,0.027334738976591222,0.04242227457453229,0.0,0.0,0.21891889243420656,0.0,inf,2.5,50.0,10
4765.686513777778,11.349548897509216,0.19821242108334083,0.010382865269253194,0.018419364571748753,0.0,0.0,0.20464830773002662,0.0,inf,2.5,50.0,10
3653.0244764444446,12.504277787328766,0.3131218182402661,0.046535233965489475,0.06604434713887386,0.0,0.0,0.17611996306068367,0.0,inf,2.5,50.0,10
3603.6388835555554,12.563390965233722,0.3267158708466318,0.015995111923482797,0.02205209701126193,0.0,0.0,0.1963851743655675,0.0,inf,2.5,50.0,10
3888.3876124444446,12.233108099750138,0.2871880932731261,0.09190700355485704,0.0401170121859773,0.0,0.0,0.18835452371120864,0.0,inf,2.5,50.0,10
5238.833016888889,10.93845804947062,0.1463815652912971,0.017291245375530895,0.028735350969863738,0.0,0.0,0.23748778062514625,0.0,inf,2.5,50.0,10
4142.6726471111115,11.957997440480508,0.259648321207231,0.021430671144819002,0.04223576401944723,0.0,0.0,0.2012441768904672,0.0,inf,2.5,50.0,10
4314.631566222222,11.781366443828817,0.25457850906556845,0.014813545167467967,0.05467401023352775,0.0,0.0,0.17351746765448695,0.0,inf,2.5,50.0,10
4588.494364444445,11.514101582245608,0.21653742541372814,0.0971809471331373,0.05745432358422059,0.0,0.0,0.18515694751187595,0.0,inf,2.5,50.0,10
4373.474688,11.72253743529723,0.2566531653783022,0.0032623291128681675,0.05533418689108871,0.0,0.0,0.1902944844713566,0.0,inf,2.5,50.0,10
5221.54304,10.952814987218575,0.19599592909961516,0.006430328034208899,0.015761688420131204,0.0,0.0,0.1806196821329771,0.0,inf,2.5,50.0,10
