mse,psnr,ssim,cvar,jitter_factor,charge_injection_factor,clock_feedthrough_factor,gain_error_factor,f0_mhz,fs_mhz,ch_compression
7706.888034063967,9.262013112813307,0.8900128072166735,0.0052862607828927785,0.0,0.0,0.0,inf,2.5,50.0,10
7682.106998274221,9.27600009036351,0.8908379851699554,-0.006460110381959269,0.0,0.0,0.0,inf,2.5,50.0,10
8457.347494395251,8.858461856747866,0.8797407651031951,0.023030308420838246,0.0,0.0,0.0,inf,2.5,50.0,10
7644.28530184997,9.297434733396075,0.8901338440415554,-0.007357178544568109,0.0,0.0,0.0,inf,2.5,50.0,10
7709.042273511717,9.260799336813703,0.890501795573894,-0.003831543754165581,0.0,0.0,0.0,inf,2.5,50.0,10
7760.987935678457,9.23163352534442,0.8885404587555338,0.013254565877522205,0.0,0.0,0.0,inf,2.5,50.0,10
7728.950484669602,9.249598358579622,0.8902368500127611,-0.0050336619919981946,0.0,0.0,0.0,inf,2.5,50.0,10
7686.427154400735,9.273558452146766,0.8902775110239338,0.00016350868819697787,0.0,0.0,0.0,inf,2.5,50.0,10
7884.53653973323,9.163041906794609,0.8893404847221763,-0.005209214212845152,0.0,0.0,0.0,inf,2.5,50.0,10
7700.665150562088,9.265521215730052,0.8885472707869964,-0.006252643540267207,0.0,0.0,0.0,inf,2.5,50.0,10
8002.003822518992,9.098816063644835,0.8874252025773418,0.014565513436705096,0.0,0.0,0.0,inf,2.5,50.0,10
8176.540184835729,9.005107853737787,0.8863126848846898,0.018843413286477213,0.0,0.0,0.0,inf,2.5,50.0,10
7944.465960226448,9.130156523165784,0.8881236602443258,0.011320365558819396,0.0,0.0,0.0,inf,2.5,50.0,10
7894.3495104917665,9.157640106455375,0.8893820390966048,-0.009421310824930456,0.0,0.0,0.0,inf,2.5,50.0,10
7669.779664844115,9.282974730228197,0.8904691365766755,-0.013075731912584645,0.0,0.0,0.0,inf,2.5,50.0,10
7702.029273721391,9.264751959201353,0.8908999065032244,0.0016390661103877799,0.0,0.0,0.0,inf,2.5,50.0,10
7624.0541120304515,9.30894390804163,0.8908871687062402,-0.0022666320129584574,0.0,0.0,0.0,inf,2.5,50.0,10
7735.144965403784,9.246119035843046,0.8877701435499868,0.009869890700083466,0.0,0.0,0.0,inf,2.5,50.0,10
7743.015644908953,9.241702241033117,0.8898494810044756,-0.006988008400977137,0.0,0.0,0.0,inf,2.5,50.0,10
7651.744520249674,9.293198996822895,0.8912157037054527,0.011473288500465915,0.0,0.0,0.0,inf,2.5,50.0,10
8322.930355962,8.928041002789298,0.8771470070210691,0.02531393948961061,0.0,0.0,0.0,inf,2.5,50.0,10
8501.30899501621,8.835945592073397,0.8778567930992344,0.014915359924570685,0.0,0.0,0.0,inf,2.5,50.0,10
8077.73474621377,9.057907730078282,0.8779486752286318,0.02515996019072802,0.0,0.0,0.0,inf,2.5,50.0,10
7875.173835905873,9.168202117216468,0.8836924595101519,0.013406537785320683,0.0,0.0,0.0,inf,2.5,50.0,10
7812.8712923985095,9.202696909755261,0.8883555431295891,0.011191144745059839,0.0,0.0,0.0,inf,2.5,50.0,10
8046.582700279027,9.074688816815545,0.883964179734198,0.014315715499652519,0.0,0.0,0.0,inf,2.5,50.0,10
8221.786051837873,8.981141895322095,0.884595297896893,0.018673773863840677,0.0,0.0,0.0,inf,2.5,50.0,10
7848.069466621506,9.183175223526854,0.8863892812405019,0.012148871691200427,0.0,0.0,0.0,inf,2.5,50.0,10
7753.333220431929,9.235919115191919,0.8860042563574962,0.02313318611960946,0.0,0.0,0.0,inf,2.5,50.0,10
7732.404799922582,9.247657791209594,0.8894014562618747,-0.0030404600374884846,0.0,0.0,0.0,inf,2.5,50.0,10
7718.8028418896465,9.255304127961624,0.8901024650793055,0.0006102023404775635,0.0,0.0,0.0,inf,2.5,50.0,10
7728.921372235932,9.249614717065985,0.8901889366502386,0.003867374277167745,0.0,0.0,0.0,inf,2.5,50.0,10
8670.529652747537,8.75034733029565,0.8720987591528784,0.029285887456138512,0.0,0.0,0.0,inf,2.5,50.0,10
7714.024128643086,9.25799367909036,0.8901296739327698,0.002857395314399191,0.0,0.0,0.0,inf,2.5,50.0,10
8253.243189625973,8.964557186718608,0.8792806698757002,0.01908600930224426,0.0,0.0,0.0,inf,2.5,50.0,10
7731.058257124885,9.24841414973809,0.8878785227935304,0.010794274188212015,0.0,0.0,0.0,inf,2.5,50.0,10
7749.537717133595,9.238045645404398,0.88946064663488,0.0023913383260480564,0.0,0.0,0.0,inf,2.5,50.0,10
8042.796019419042,9.076733065585167,0.8852378031097341,0.019739165717054932,0.0,0.0,0.0,inf,2.5,50.0,10
8111.7892775922965,9.039637005314518,0.8841915258324399,0.016829297464310538,0.0,0.0,0.0,inf,2.5,50.0,10
7948.023096401671,9.128212403987762,0.8837514160399116,0.019279297791679095,0.0,0.0,0.0,inf,2.5,50.0,10
8045.112304640248,9.07548249916376,0.88350005898979,0.01939615732088422,0.0,0.0,0.0,inf,2.5,50.0,10
8205.83029305979,8.989578299028466,0.8857778274130806,0.0188389232352709,0.0,0.0,0.0,inf,2.5,50.0,10
7687.229883388977,9.27310492209921,0.890064437003747,0.005276167420668335,0.0,0.0,0.0,inf,2.5,50.0,10
7945.814277189078,9.129419510842045,0.8849794711677621,0.01159983370644321,0.0,0.0,0.0,inf,2.5,50.0,10
8015.2728504378965,9.091620499703062,0.882076732259152,0.019854202392026503,0.0,0.0,0.0,inf,2.5,50.0,10
8327.554587829229,8.925628726580658,0.8779120197104617,0.019045231951594403,0.0,0.0,0.0,inf,2.5,50.0,10
8930.135578458412,8.622223084150434,0.8518368035099665,0.0447404114002429,0.0,0.0,0.0,inf,2.5,50.0,10
8130.543878324544,9.02960762942379,0.8811332600627482,0.023968937722480786,0.0,0.0,0.0,inf,2.5,50.0,10
9331.198867760197,8.431429155989905,0.8475459966586047,0.04385307263616081,0.0,0.0,0.0,inf,2.5,50.0,10
7695.1907066015065,9.268609736336932,0.8902680354421665,0.00020569132845616248,0.0,0.0,0.0,inf,2.5,50.0,10
7845.609280495476,9.184536848528817,0.8868251300914181,0.01730814962749154,0.0,0.0,0.0,inf,2.5,50.0,10
8565.007193432364,8.803526288183752,0.8764833426773634,0.018703500170353403,0.0,0.0,0.0,inf,2.5,50.0,10
7689.807309559524,9.271649034388437,0.8899353607573807,0.004100427496094319,0.0,0.0,0.0,inf,2.5,50.0,10
8189.077369719843,8.99845386556931,0.8766723552973925,0.023981140829168957,0.0,0.0,0.0,inf,2.5,50.0,10
8942.649263721552,8.616141630818916,0.8613681353471682,0.03456803662702706,0.0,0.0,0.0,inf,2.5,50.0,10
7949.617409396623,9.127341329644116,0.8808939784781806,0.019352906250081285,0.0,0.0,0.0,inf,2.5,50.0,10
7939.342478347124,9.132958244168774,0.8813388729488504,0.018332509917996665,0.0,0.0,0.0,inf,2.5,50.0,10
8413.750133062369,8.880907504347968,0.8598193936120392,0.0344206358773379,0.0,0.0,0.0,inf,2.5,50.0,10
7767.265705391848,9.228121989589349,0.8846492412304919,0.02927608798669889,0.0,0.0,0.0,inf,2.5,50.0,10
8515.13022370607,8.828890667601888,0.8776962134162574,0.024534185081998693,0.0,0.0,0.0,inf,2.5,50.0,10
8032.012435283302,9.082559886851513,0.876620884043979,0.021360284244469174,0.0,0.0,0.0,inf,2.5,50.0,10
8977.708101482234,8.599148800936996,0.8556910192475706,0.04440485026513278,0.0,0.0,0.0,inf,2.5,50.0,10
9066.981000306447,8.556176551932028,0.8688480046687531,0.033232798982556266,0.0,0.0,0.0,inf,2.5,50.0,10
9105.934323639942,8.537558472242727,0.8556139760789202,0.038502514791508374,0.0,0.0,0.0,inf,2.5,50.0,10
9048.292188835663,8.565137444202167,0.8676815720770485,0.03220833383385709,0.0,0.0,0.0,inf,2.5,50.0,10
8902.897646812147,8.635489803795819,0.8657068804492991,0.04475219500676157,0.0,0.0,0.0,inf,2.5,50.0,10
9614.424331865615,8.301570750993129,0.8475637725509836,0.046804525498040386,0.0,0.0,0.0,inf,2.5,50.0,10
9091.399380655152,8.5444962434328,0.8654189975686251,0.026835215885391932,0.0,0.0,0.0,inf,2.5,50.0,10
10035.244044450896,8.115524224231187,0.84670145596063,0.042401443757794484,0.0,0.0,0.0,inf,2.5,50.0,10
10372.27462460283,7.972063538918196,0.8463920262298463,0.04499918878255138,0.0,0.0,0.0,inf,2.5,50.0,10
8393.750262092546,8.891243172943936,0.8755790698087208,0.02771405134203517,0.0,0.0,0.0,inf,2.5,50.0,10
8339.32659150659,8.919493785036188,0.8786736062746889,0.028046323776105404,0.0,0.0,0.0,inf,2.5,50.0,10
8292.921678682602,8.943727970985861,0.8697063625575979,0.02955194463748326,0.0,0.0,0.0,inf,2.5,50.0,10
9118.526136675215,8.531557135961213,0.8611859364954224,0.03900854207996862,0.0,0.0,0.0,inf,2.5,50.0,10
10088.405977322946,8.092578100860454,0.8293393617618625,0.05953221560699522,0.0,0.0,0.0,inf,2.5,50.0,10
8416.259673231078,8.87961234235103,0.8616617568283842,0.03694344846017555,0.0,0.0,0.0,inf,2.5,50.0,10
9534.617264237673,8.33777096455549,0.8343531041122635,0.04339431986882804,0.0,0.0,0.0,inf,2.5,50.0,10
9502.898920985146,8.352242510172772,0.8519304677335802,0.057570884261643376,0.0,0.0,0.0,inf,2.5,50.0,10
7837.377413267528,9.189095999041394,0.8850061531246538,0.014705325896683774,0.0,0.0,0.0,inf,2.5,50.0,10
8965.379751939485,8.60511670909601,0.8577532956919413,0.03801494051310192,0.0,0.0,0.0,inf,2.5,50.0,10
9684.645037983259,8.269966533006718,0.8334370235651744,0.04666213294494549,0.0,0.0,0.0,inf,2.5,50.0,10
10566.418412606248,7.891525568368637,0.820855799260472,0.06327231647283064,0.0,0.0,0.0,inf,2.5,50.0,10
8640.402364477992,8.765463937821067,0.8562538161254356,0.03784069305114046,0.0,0.0,0.0,inf,2.5,50.0,10
9322.464540894502,8.435496207222714,0.8575898568680269,0.049019966164247974,0.0,0.0,0.0,inf,2.5,50.0,10
8844.318156158772,8.664160038292966,0.852021387345357,0.03787077277033626,0.0,0.0,0.0,inf,2.5,50.0,10
8887.326010870793,8.643092493251226,0.8650624581744344,0.03813540878491723,0.0,0.0,0.0,inf,2.5,50.0,10
10330.246560539346,7.989696735589575,0.8206321244249225,0.0654648449643239,0.0,0.0,0.0,inf,2.5,50.0,10
9774.799551620135,8.229725006330355,0.8519338129238293,0.03311009464248664,0.0,0.0,0.0,inf,2.5,50.0,10
9102.445137981646,8.539222908223397,0.8579203801006409,0.044971355097563115,0.0,0.0,0.0,inf,2.5,50.0,10
8210.263786067966,8.987232501561007,0.8720114629460776,0.04022862304857584,0.0,0.0,0.0,inf,2.5,50.0,10
9484.550878211641,8.360635902960956,0.8410330378475729,0.041585287099544406,0.0,0.0,0.0,inf,2.5,50.0,10
9048.503669295656,8.565035940270166,0.8663101468958823,0.045425164441662634,0.0,0.0,0.0,inf,2.5,50.0,10
9778.217915840067,8.228206492131259,0.8479565140305699,0.05143242255478391,0.0,0.0,0.0,inf,2.5,50.0,10
8150.055918452928,9.019197723742856,0.8729022076594647,0.03105278815624115,0.0,0.0,0.0,inf,2.5,50.0,10
12028.165577974549,7.328809629637304,0.7988945805537626,0.0583916149612104,0.0,0.0,0.0,inf,2.5,50.0,10
8917.461089337268,8.628391378643009,0.8708096575248783,0.036117128445583735,0.0,0.0,0.0,inf,2.5,50.0,10
9873.857324881857,8.18593513401067,0.841064669555299,0.038159608874635514,0.0,0.0,0.0,inf,2.5,50.0,10
9298.054289446944,8.446882832563334,0.847816707849462,0.0411940814106665,0.0,0.0,0.0,inf,2.5,50.0,10
8723.742762213513,8.72377509852845,0.8611698757589139,0.04250628908818928,0.0,0.0,0.0,inf,2.5,50.0,10
8568.550442734795,8.801730031183698,0.8412155934800644,0.05839633115614871,0.0,0.0,0.0,inf,2.5,50.0,10
8941.283898646796,8.61680476293143,0.8568638775456249,0.04011663011074566,0.0,0.0,0.0,inf,2.5,50.0,10
9191.93225915711,8.496735457515056,0.8408506788833379,0.059220541372510455,0.0,0.0,0.0,inf,2.5,50.0,10
10878.70624667344,7.765031110332875,0.828521787342154,0.05680014490034433,0.0,0.0,0.0,inf,2.5,50.0,10
10622.648344381541,7.868475561784715,0.8186120745887984,0.05626194966871831,0.0,0.0,0.0,inf,2.5,50.0,10
9994.9176303608,8.133011414860292,0.8334771755562885,0.060660879775590405,0.0,0.0,0.0,inf,2.5,50.0,10
8290.791180787406,8.944843841107975,0.8657917069926523,0.045665789719115085,0.0,0.0,0.0,inf,2.5,50.0,10
8673.911936904244,8.748653522678362,0.852780901150737,0.04881167660629164,0.0,0.0,0.0,inf,2.5,50.0,10
8456.37094562991,8.858963354679348,0.8678185581472371,0.03518806333451693,0.0,0.0,0.0,inf,2.5,50.0,10
10528.307446654086,7.9072180218581725,0.8049000205127338,0.06365099618166319,0.0,0.0,0.0,inf,2.5,50.0,10
9307.562410283705,8.442444038796072,0.8476813629492826,0.05129343722464391,0.0,0.0,0.0,inf,2.5,50.0,10
10240.481427718907,8.027599866024158,0.8143941281962097,0.05587418150026021,0.0,0.0,0.0,inf,2.5,50.0,10
9409.502991887228,8.395136761846768,0.8464230127628508,0.048352545611544076,0.0,0.0,0.0,inf,2.5,50.0,10
9954.970532733343,8.150403820384094,0.824392243564475,0.06679295949292571,0.0,0.0,0.0,inf,2.5,50.0,10
9925.746971823035,8.163171609457208,0.8411486320752398,0.0485767543583838,0.0,0.0,0.0,inf,2.5,50.0,10
9288.454637828421,8.451368963996774,0.8315389000278921,0.060920332325565055,0.0,0.0,0.0,inf,2.5,50.0,10
8723.575055241045,8.723858588969197,0.8379674369878567,0.056397776204924255,0.0,0.0,0.0,inf,2.5,50.0,10
10562.046079901937,7.89332302979259,0.8423436483617663,0.04811954353802626,0.0,0.0,0.0,inf,2.5,50.0,10
8617.471750455637,8.777004924770859,0.8565812491310637,0.036035861563449095,0.0,0.0,0.0,inf,2.5,50.0,10
9273.960661924808,8.45815111484663,0.8260926873728205,0.06876392566071951,0.0,0.0,0.0,inf,2.5,50.0,10
9997.26785051854,8.13199032824478,0.8420668919375701,0.04831360065193755,0.0,0.0,0.0,inf,2.5,50.0,10
9642.934533313979,8.28871142557892,0.8297772314737104,0.06221957686686568,0.0,0.0,0.0,inf,2.5,50.0,10
10408.029402751568,7.957118504278776,0.8077879651361336,0.06528088344081674,0.0,0.0,0.0,inf,2.5,50.0,10
10664.044289608231,7.851584207587582,0.7912476853997145,0.07721831187852238,0.0,0.0,0.0,inf,2.5,50.0,10
10835.691875937486,7.7822371394224295,0.8034622793728405,0.07739723464838337,0.0,0.0,0.0,inf,2.5,50.0,10
9550.21627070531,8.33067154298781,0.8492552108629395,0.04869275177793082,0.0,0.0,0.0,inf,2.5,50.0,10
10106.428605990226,8.084826484747667,0.8138593613666544,0.06377370829647175,0.0,0.0,0.0,inf,2.5,50.0,10
11036.00579022919,7.702684412006749,0.7982880272385504,0.0676883949483325,0.0,0.0,0.0,inf,2.5,50.0,10
10242.068966629571,8.026926649674813,0.8101230652750903,0.07858076621839805,0.0,0.0,0.0,inf,2.5,50.0,10
10072.374510088546,8.099484955710171,0.8196900164636204,0.0724659315217147,0.0,0.0,0.0,inf,2.5,50.0,10
9760.702440283221,8.235992875699282,0.8201155778839205,0.07226570608960922,0.0,0.0,0.0,inf,2.5,50.0,10
11654.773003661232,7.465765415456238,0.7885960814420845,0.0744464491371788,0.0,0.0,0.0,inf,2.5,50.0,10
9828.454879760004,8.205951126123608,0.8290409608300151,0.06528902171206911,0.0,0.0,0.0,inf,2.5,50.0,10
10175.666795696843,8.055174833929193,0.8124485370478484,0.0741795131970263,0.0,0.0,0.0,inf,2.5,50.0,10
11709.672827857616,7.445355999578922,0.8056600584983474,0.07634421891469777,0.0,0.0,0.0,inf,2.5,50.0,10
10277.171803680585,8.012067441702154,0.8214241380331605,0.07816479189262387,0.0,0.0,0.0,inf,2.5,50.0,10
9301.086288930825,8.445466873959122,0.8335721129402239,0.07168912770703159,0.0,0.0,0.0,inf,2.5,50.0,10
10612.672440767084,7.872556008936239,0.7899224946801917,0.07183967169093454,0.0,0.0,0.0,inf,2.5,50.0,10
10593.420848050839,7.880441348935023,0.784835513523222,0.07753152473774613,0.0,0.0,0.0,inf,2.5,50.0,10
9725.289834034935,8.25177807790846,0.8029555088633312,0.07507663829666407,0.0,0.0,0.0,inf,2.5,50.0,10
9721.422041579974,8.253505630569528,0.810871679741876,0.07334269676388998,0.0,0.0,0.0,inf,2.5,50.0,10
10999.174481056758,7.7172026950744215,0.7789674096159632,0.09218397651997608,0.0,0.0,0.0,inf,2.5,50.0,10
11656.866921501267,7.464985224127913,0.7604071403903137,0.09703292902128141,0.0,0.0,0.0,inf,2.5,50.0,10
12754.89629199529,7.074034290861374,0.7538577467294976,0.08652845986344632,0.0,0.0,0.0,inf,2.5,50.0,10
12360.679634199449,7.210380104008841,0.7875687118026073,0.07882530400984779,0.0,0.0,0.0,inf,2.5,50.0,10
9869.609135336526,8.187804071575211,0.8057990088869408,0.08891608681906989,0.0,0.0,0.0,inf,2.5,50.0,10
10945.500411283689,7.738447392406878,0.7888301971386112,0.07685512064873401,0.0,0.0,0.0,inf,2.5,50.0,10
11172.963452202384,7.649119827170177,0.7996641768210585,0.07619435063704892,0.0,0.0,0.0,inf,2.5,50.0,10
11524.604619280333,7.5145432612164935,0.7893543405701497,0.08128094846371947,0.0,0.0,0.0,inf,2.5,50.0,10
10376.356429735004,7.970354794410345,0.7984899137369371,0.07203511344010606,0.0,0.0,0.0,inf,2.5,50.0,10
11020.483088982435,7.708797283956232,0.7884119810354046,0.08096579443494546,0.0,0.0,0.0,inf,2.5,50.0,10
10731.723665747326,7.824108794981036,0.7927899066561287,0.07200825410698358,0.0,0.0,0.0,inf,2.5,50.0,10
10709.266511830454,7.833206342725835,0.799220815525234,0.08402618242532285,0.0,0.0,0.0,inf,2.5,50.0,10
9274.270173061725,8.458006174900545,0.8260485402412907,0.06667452941939706,0.0,0.0,0.0,inf,2.5,50.0,10
11076.947065369914,7.686602805621049,0.7817826605243215,0.08031283731060007,0.0,0.0,0.0,inf,2.5,50.0,10
9949.560861921582,8.152764479063993,0.8168447273754477,0.07121352276174539,0.0,0.0,0.0,inf,2.5,50.0,10
9209.42955758778,8.488476305260406,0.7907320655595828,0.08740829388909538,0.0,0.0,0.0,inf,2.5,50.0,10
10457.881953516879,7.9363662557599195,0.8046577294333579,0.07919702783072852,0.0,0.0,0.0,inf,2.5,50.0,10
10781.144965403784,7.804154751793769,0.7826221583861475,0.08451838569707791,0.0,0.0,0.0,inf,2.5,50.0,10
11604.222318994855,7.484643202454027,0.7717880576865533,0.0842125942712119,0.0,0.0,0.0,inf,2.5,50.0,10
11227.930307575683,7.627806525885552,0.7704290662141611,0.08694147756278497,0.0,0.0,0.0,inf,2.5,50.0,10
10344.48602441896,7.983714436625759,0.8084872254566998,0.09063851199802497,0.0,0.0,0.0,inf,2.5,50.0,10
11859.85948613732,7.3900081726603215,0.7823109301642764,0.08371605678497669,0.0,0.0,0.0,inf,2.5,50.0,10
11356.311527233433,7.578430632502021,0.7924808770415899,0.08027641405802886,0.0,0.0,0.0,inf,2.5,50.0,10
10458.561571587556,7.93608403342356,0.7798926177672882,0.09182147666776096,0.0,0.0,0.0,inf,2.5,50.0,10
12817.63240915469,7.052725483682515,0.7773950889095957,0.0749644849184974,0.0,0.0,0.0,inf,2.5,50.0,10
10905.801083853486,7.754227887506147,0.8099513432787059,0.07396046958899351,0.0,0.0,0.0,inf,2.5,50.0,10
10853.59552265286,7.775067280314044,0.7946516100035796,0.08671851244595245,0.0,0.0,0.0,inf,2.5,50.0,10
14304.362655441042,6.576118487015588,0.7256467726687503,0.0995330509587588,0.0,0.0,0.0,inf,2.5,50.0,10
10711.906872469799,7.832135725312738,0.7912250248309329,0.08394141117084418,0.0,0.0,0.0,inf,2.5,50.0,10
9996.127433428494,8.132485768706774,0.7991247532704234,0.08027873193579553,0.0,0.0,0.0,inf,2.5,50.0,10
12736.501588684054,7.080302067597922,0.7402490194292961,0.0940822498281135,0.0,0.0,0.0,inf,2.5,50.0,10
10845.22707698263,7.778417111799313,0.817456720330536,0.07436830441461359,0.0,0.0,0.0,inf,2.5,50.0,10
10740.178368090837,7.820688668754769,0.7816150873246499,0.08960133089543929,0.0,0.0,0.0,inf,2.5,50.0,10
12468.333091401752,7.172719649351132,0.7223719820461098,0.10923576059148102,0.0,0.0,0.0,inf,2.5,50.0,10
10752.28110836922,7.81579750785237,0.7814154381678274,0.09012856834873798,0.0,0.0,0.0,inf,2.5,50.0,10
12573.592909791778,7.1362096560553745,0.7550266235465047,0.09288908010176254,0.0,0.0,0.0,inf,2.5,50.0,10
11413.27478589055,7.556700874063368,0.7664480049010813,0.09981969725524685,0.0,0.0,0.0,inf,2.5,50.0,10
11960.88463089305,7.353170594673911,0.755954482731676,0.09484536828701816,0.0,0.0,0.0,inf,2.5,50.0,10
11696.046579893873,7.450412716584861,0.7700072445888158,0.09137477720334364,0.0,0.0,0.0,inf,2.5,50.0,10
11266.42841244496,7.612940993561768,0.7699501504587098,0.08871691091705335,0.0,0.0,0.0,inf,2.5,50.0,10
12195.345478298737,7.268862530452599,0.7530135105738491,0.10196334121874417,0.0,0.0,0.0,inf,2.5,50.0,10
12277.700698375833,7.239633187781971,0.7430906059806848,0.10234914788411935,0.0,0.0,0.0,inf,2.5,50.0,10
12309.331752713666,7.228458842149421,0.7443566477978351,0.1004935933127097,0.0,0.0,0.0,inf,2.5,50.0,10
11359.224754439445,7.577316682568064,0.7804428046600076,0.09637954404686533,0.0,0.0,0.0,inf,2.5,50.0,10
9426.539765487654,8.387280569463837,0.806581803101112,0.09320973346795984,0.0,0.0,0.0,inf,2.5,50.0,10
10512.767116659408,7.913633170258048,0.7803604222972704,0.09171086504101694,0.0,0.0,0.0,inf,2.5,50.0,10
13133.185238947759,6.947102909907105,0.7463629961066837,0.10191154944312315,0.0,0.0,0.0,inf,2.5,50.0,10
12702.066127965678,7.092059914873837,0.7042731548604999,0.11265874950901023,0.0,0.0,0.0,inf,2.5,50.0,10
9910.36501024177,8.16990710518404,0.7917759596457831,0.08303666804051978,0.0,0.0,0.0,inf,2.5,50.0,10
13266.394300091933,6.903274597335863,0.7254082880415859,0.12525476122542456,0.0,0.0,0.0,inf,2.5,50.0,10
12242.410541765455,7.2521342166016005,0.7432072208254303,0.11903263963941424,0.0,0.0,0.0,inf,2.5,50.0,10
12337.09472427864,7.218674616056472,0.7770244723417203,0.10169259864816677,0.0,0.0,0.0,inf,2.5,50.0,10
11945.070644021871,7.358916383250731,0.7194119551023074,0.10361225778389625,0.0,0.0,0.0,inf,2.5,50.0,10
12145.49013725585,7.28665315204701,0.769476670725995,0.10313121749583305,0.0,0.0,0.0,inf,2.5,50.0,10
11707.738842921888,7.446073345286797,0.754823467024566,0.08797715659558396,0.0,0.0,0.0,inf,2.5,50.0,10
11726.810454670085,7.439004553421732,0.7732697850346213,0.08399939522463344,0.0,0.0,0.0,inf,2.5,50.0,10
10065.210948210513,8.102574795385415,0.7957125278737495,0.079268779149129,0.0,0.0,0.0,inf,2.5,50.0,10
11953.000387090531,7.356034272992094,0.7382215018655552,0.10260215093225027,0.0,0.0,0.0,inf,2.5,50.0,10
12032.979855163627,7.3270717123371645,0.7214265392654639,0.10239537093258706,0.0,0.0,0.0,inf,2.5,50.0,10
11002.77605199916,7.715780873497202,0.7783553462868195,0.09628733777774831,0.0,0.0,0.0,inf,2.5,50.0,10
7949.851986258286,9.127213180164311,0.8868759747643883,0.0,0.018805971599157336,0.0,0.0,inf,2.5,50.0,10
7881.526749568556,9.164700069967111,0.8865274511399849,0.0,-0.016789413982794217,0.0,0.0,inf,2.5,50.0,10
7733.40333220432,9.24709699664023,0.8902909869836189,0.0,0.005004202755724504,0.0,0.0,inf,2.5,50.0,10
7694.787245367011,9.268837444249693,0.8902385452832489,0.0,0.00036480139978520493,0.0,0.0,inf,2.5,50.0,10
7809.471637554233,9.204587088928989,0.8891173179380578,0.0,0.01034714578613823,0.0,0.0,inf,2.5,50.0,10
7686.8466153771715,9.273321456969013,0.8902432679086529,0.0,-0.0001802650387326205,0.0,0.0,inf,2.5,50.0,10
7686.570119836777,9.273477675315977,0.8892221876506397,0.0,0.00815475033831536,0.0,0.0,inf,2.5,50.0,10
7701.077014886857,9.265288942781106,0.89017304523302,0.0,0.00048335906131284086,0.0,0.0,inf,2.5,50.0,10
8170.833163981226,9.008140179131015,0.8782582182832077,0.0,-0.043262534491453224,0.0,0.0,inf,2.5,50.0,10
7742.747794390413,9.241852477090442,0.8881165258905802,0.0,0.01147766323539227,0.0,0.0,inf,2.5,50.0,10
7775.49439525169,9.223523482103976,0.8885783946807212,0.0,-0.01250241967168614,0.0,0.0,inf,2.5,50.0,10
7761.44852502379,9.2313757933683,0.890193496506031,0.0,0.009496457576155307,0.0,0.0,inf,2.5,50.0,10
8273.281737391333,8.954025468740284,0.8807388550132791,0.0,-0.030395341217160143,0.0,0.0,inf,2.5,50.0,10
7705.732762374801,9.262664174209382,0.890066047629589,0.0,-0.0068829505424041915,0.0,0.0,inf,2.5,50.0,10
7889.852502378993,9.160114765433642,0.8870035623087843,0.0,-0.017365546594312182,0.0,0.0,inf,2.5,50.0,10
7715.164819922259,9.257351524884257,0.8900795827539618,0.0,-0.0015270479454489029,0.0,0.0,inf,2.5,50.0,10
7709.100046773439,9.260766789950084,0.8901508131120754,0.0,0.001207370561364805,0.0,0.0,inf,2.5,50.0,10
7706.785390558217,9.262070954324443,0.8899696713560873,0.0,0.007205304966326481,0.0,0.0,inf,2.5,50.0,10
8286.55878130998,8.947061454637758,0.876776383971529,0.0,0.036356627566755756,0.0,0.0,inf,2.5,50.0,10
7698.701714488476,9.266628676139863,0.8908551014377336,0.0,0.004814528349075571,0.0,0.0,inf,2.5,50.0,10
7929.000774181061,9.138619006123823,0.8883884528572555,0.0,0.01730061880859337,0.0,0.0,inf,2.5,50.0,10
8064.221883518007,9.065178921804243,0.8850707480615353,0.0,-0.028665323411157646,0.0,0.0,inf,2.5,50.0,10
7965.693811390139,9.118567520634116,0.8864014639029316,0.0,0.02832562856421225,0.0,0.0,inf,2.5,50.0,10
7718.503588651796,9.255472504524583,0.8898766803810881,0.0,0.00915926306391728,0.0,0.0,inf,2.5,50.0,10
7752.185271205303,9.236562174004572,0.8896307475853202,0.0,0.011101813705001592,0.0,0.0,inf,2.5,50.0,10
7869.679618070676,9.171233086786335,0.8846087195603897,0.0,0.020219002226658584,0.0,0.0,inf,2.5,50.0,10
8289.276947146014,8.94563711084791,0.8775134382447358,0.0,0.036060003964236,0.0,0.0,inf,2.5,50.0,10
7899.570458540991,9.15476883825202,0.8878599644933971,0.0,0.015005453970220248,0.0,0.0,inf,2.5,50.0,10
7935.9362268350515,9.134821916972058,0.8847685723884742,0.0,0.03828723990923958,0.0,0.0,inf,2.5,50.0,10
7750.507604716053,9.237502141412081,0.890494252372256,0.0,-0.007824229732925351,0.0,0.0,inf,2.5,50.0,10
8351.706262802212,8.91305149477857,0.8769496675341948,0.0,0.03854469542989286,0.0,0.0,inf,2.5,50.0,10
7700.547765358623,9.265587417978407,0.8903231125122117,0.0,-0.005463720889021261,0.0,0.0,inf,2.5,50.0,10
7697.177190690472,9.2674887664007,0.890397773319682,0.0,-0.0015058214944393723,0.0,0.0,inf,2.5,50.0,10
8761.290463057048,8.705122821303467,0.8690411524633908,0.0,0.051525936561008984,0.0,0.0,inf,2.5,50.0,10
7803.570587571168,9.207869977081291,0.8875886482299947,0.0,0.020318444053091436,0.0,0.0,inf,2.5,50.0,10
7983.429186626022,9.108908834353818,0.8840138823690387,0.0,0.037046804366264924,0.0,0.0,inf,2.5,50.0,10
7830.450154029773,9.192936315313423,0.8877880500355059,0.0,0.011042720944676418,0.0,0.0,inf,2.5,50.0,10
7889.845550878212,9.160118591867356,0.8875114208950996,0.0,0.01919753041295156,0.0,0.0,inf,2.5,50.0,10
8349.591071111756,8.914151548344325,0.881461107680756,0.0,0.03723960375990836,0.0,0.0,inf,2.5,50.0,10
7675.917969065015,9.27950035994259,0.8898595007680911,0.0,0.009321440510014775,0.0,0.0,inf,2.5,50.0,10
8165.867308591797,9.01078042299617,0.8808982484074804,0.0,0.03961548190776587,0.0,0.0,inf,2.5,50.0,10
8408.951404009613,8.883385182026188,0.8808854089450953,0.0,0.04756305281093497,0.0,0.0,inf,2.5,50.0,10
8999.971984322834,8.588392033255785,0.8595978991133763,0.0,0.06907551794891556,0.0,0.0,inf,2.5,50.0,10
8177.549555652328,9.004571762541815,0.8818970038675209,0.0,0.03286511252461667,0.0,0.0,inf,2.5,50.0,10
8925.276834244609,8.624586654147413,0.8603566899543015,0.0,0.05375525127855936,0.0,0.0,inf,2.5,50.0,10
8340.238754213642,8.919018775978753,0.8770873666729339,0.0,0.040455281496602845,0.0,0.0,inf,2.5,50.0,10
8192.65160239351,8.99655874258872,0.8715200303142558,0.0,0.04910846329530798,0.0,0.0,inf,2.5,50.0,10
7933.715133626877,9.136037581397812,0.8845318818902379,0.0,0.0363234310421857,0.0,0.0,inf,2.5,50.0,10
8474.661021596427,8.849580250127758,0.8676351493994734,0.0,0.05640532756965427,0.0,0.0,inf,2.5,50.0,10
9297.34389767907,8.44721465576155,0.8617897496224378,0.0,0.056812786710506186,0.0,0.0,inf,2.5,50.0,10
8667.570023064143,8.75183001972124,0.8749478192764175,0.0,0.050468233118712166,0.0,0.0,inf,2.5,50.0,10
8016.297237141336,9.091065487947116,0.8859530230178749,0.0,0.023225403668651095,0.0,0.0,inf,2.5,50.0,10
7821.275656844245,9.198027682241767,0.8895218865922796,0.0,0.024392879470562602,0.0,0.0,inf,2.5,50.0,10
7704.554394283963,9.263328352307163,0.8903757699216429,0.0,0.006137881906430338,0.0,0.0,inf,2.5,50.0,10
7774.320252899147,9.22417934014111,0.8898748756827894,0.0,0.016852161469744307,0.0,0.0,inf,2.5,50.0,10
9579.374784277674,8.317431959019853,0.8532028479619077,0.0,0.06887517900641854,0.0,0.0,inf,2.5,50.0,10
8791.925227012467,8.689963749959214,0.871143759368045,0.0,0.05163001996164346,0.0,0.0,inf,2.5,50.0,10
8427.732359155498,8.873696256721805,0.8711764019267632,0.0,0.04757432215123351,0.0,0.0,inf,2.5,50.0,10
9240.204496701666,8.47398778088676,0.858309081137423,0.0,0.07252217466136908,0.0,0.0,inf,2.5,50.0,10
7709.308043418655,9.260649615991854,0.8897414456976227,0.0,-0.00613781393482854,0.0,0.0,inf,2.5,50.0,10
8241.363719940002,8.970812793842624,0.8698668147709239,0.0,0.055254148107273596,0.0,0.0,inf,2.5,50.0,10
9833.254092675925,8.203830993299773,0.8478011229459367,0.0,0.07660775219723381,0.0,0.0,inf,2.5,50.0,10
8211.44737988097,8.986606466603384,0.8781557032733638,0.0,0.045338428395630154,0.0,0.0,inf,2.5,50.0,10
8942.056579732585,8.616429473837714,0.8606458472402774,0.0,0.06769108731680379,0.0,0.0,inf,2.5,50.0,10
8631.656134578474,8.769862301464512,0.8689768344652178,0.0,0.04496444338326913,0.0,0.0,inf,2.5,50.0,10
8695.438218738407,8.737888871014324,0.8642852652634393,0.0,0.0676421985869704,0.0,0.0,inf,2.5,50.0,10
9280.743633167207,8.454975847738242,0.8596377610682706,0.0,0.06676693341302438,0.0,0.0,inf,2.5,50.0,10
8296.479072918179,8.941865388083345,0.8789368453896574,0.0,0.038881410321925415,0.0,0.0,inf,2.5,50.0,10
9842.05699908066,8.199944849986917,0.8553934385636495,0.0,0.0741228879281862,0.0,0.0,inf,2.5,50.0,10
9584.443589619523,8.315134552314996,0.8547745738844276,0.0,0.06802259323770271,0.0,0.0,inf,2.5,50.0,10
9584.097062950597,8.315291574826926,0.8356310462194578,0.0,0.0981486383765412,0.0,0.0,inf,2.5,50.0,10
9622.628183416396,8.297866558085175,0.8479278721616984,0.0,0.08618659066308687,0.0,0.0,inf,2.5,50.0,10
9231.763181239012,8.477957056975313,0.8489991626545897,0.0,0.08187113067638918,0.0,0.0,inf,2.5,50.0,10
8941.943258979694,8.61648451138872,0.8661436367879439,0.0,0.06431690494058993,0.0,0.0,inf,2.5,50.0,10
8785.03390267899,8.693369190299949,0.8687166094314746,0.0,0.060634168935876746,0.0,0.0,inf,2.5,50.0,10
8548.744471863358,8.811780249678844,0.8747318834166707,0.0,0.052837359478413684,0.0,0.0,inf,2.5,50.0,10
8398.567265044112,8.888751559912944,0.8737166743363529,0.0,0.048679771173310196,0.0,0.0,inf,2.5,50.0,10
8388.369816615861,8.894027919864836,0.8700641483030561,0.0,0.052649475200650754,0.0,0.0,inf,2.5,50.0,10
9010.94879114853,8.583098392488639,0.8618437806780296,0.0,0.06955261084300234,0.0,0.0,inf,2.5,50.0,10
9350.186126030225,8.422601047864815,0.8597427857287926,0.0,0.07989786191300102,0.0,0.0,inf,2.5,50.0,10
10236.733165594103,8.029189779113452,0.8317330097078093,0.0,0.09262829653010939,0.0,0.0,inf,2.5,50.0,10
9384.221657715198,8.406821034925695,0.8505849925785958,0.0,0.0733417917658652,0.0,0.0,inf,2.5,50.0,10
10246.37513911066,8.02510108696781,0.8287991837814503,0.0,0.10137787544970045,0.0,0.0,inf,2.5,50.0,10
8692.123465750552,8.73954474315449,0.8617298434329242,0.0,0.05943714983278904,0.0,0.0,inf,2.5,50.0,10
9371.715294914598,8.412612742555833,0.840652933380515,0.0,0.08368421648663876,0.0,0.0,inf,2.5,50.0,10
9760.808132126902,8.235945849231403,0.8335584896283664,0.0,0.09181032024913699,0.0,0.0,inf,2.5,50.0,10
10152.473185916357,8.065085097360196,0.8268754554666042,0.0,0.10274194283785607,0.0,0.0,inf,2.5,50.0,10
8592.033112369156,8.789844188053191,0.8598611915573152,0.0,0.0632459068247729,0.0,0.0,inf,2.5,50.0,10
11058.170142417057,7.693970931034631,0.8065053576068025,0.0,0.11706825560677865,0.0,0.0,inf,2.5,50.0,10
9000.830405961195,8.587977820852487,0.8685318456255273,0.0,0.059948540519957016,0.0,0.0,inf,2.5,50.0,10
10556.137094562991,7.895753390181193,0.8207489805005508,0.0,0.0950953578772923,0.0,0.0,inf,2.5,50.0,10
9691.499346784729,8.266893900438756,0.8446301930680978,0.0,0.09107535675622001,0.0,0.0,inf,2.5,50.0,10
9634.035273624619,8.292721287802484,0.8323387207901188,0.0,0.08996495104175495,0.0,0.0,inf,2.5,50.0,10
9928.596925856034,8.1619248099406,0.842753296845206,0.0,0.09088144751650898,0.0,0.0,inf,2.5,50.0,10
8669.47581490621,8.75087521474266,0.8725072668419825,0.0,0.05166721515317706,0.0,0.0,inf,2.5,50.0,10
9315.02803180594,8.43896194707005,0.8486305613206696,0.0,0.08851221005318151,0.0,0.0,inf,2.5,50.0,10
9449.369461782875,8.376775310257909,0.8480440332474383,0.0,0.0931481102708943,0.0,0.0,inf,2.5,50.0,10
8645.842905759584,8.762730206928973,0.8719330372995533,0.0,0.05191892259584526,0.0,0.0,inf,2.5,50.0,10
8883.452734633313,8.64498564891711,0.8628481874806172,0.0,0.05738865703321851,0.0,0.0,inf,2.5,50.0,10
9517.394283963162,8.34562299352762,0.8507832271772156,0.0,0.07299833995674285,0.0,0.0,inf,2.5,50.0,10
9803.85156691021,8.216836335795698,0.8361518662861933,0.0,0.09884364415883631,0.0,0.0,inf,2.5,50.0,10
9409.03528975339,8.395352634570676,0.8359196035601766,0.0,0.10484448989099972,0.0,0.0,inf,2.5,50.0,10
10296.072450444348,8.004087709578382,0.8097731077241711,0.0,0.11849729919468403,0.0,0.0,inf,2.5,50.0,10
10197.852615280399,8.045716298429449,0.811343426095302,0.0,0.11474473962506675,0.0,0.0,inf,2.5,50.0,10
10733.712988500185,7.823303824729853,0.8076904894054551,0.0,0.1259952240191509,0.0,0.0,inf,2.5,50.0,10
11690.0669827906,7.452633612396033,0.7955416651244497,0.0,0.129566203147802,0.0,0.0,inf,2.5,50.0,10
9582.190142094483,8.316155764327071,0.8393007443745116,0.0,0.09524364269343119,0.0,0.0,inf,2.5,50.0,10
10186.144578313253,8.050705247711202,0.8114218013942859,0.0,0.11305712688691337,0.0,0.0,inf,2.5,50.0,10
9150.502733826874,8.516354057600351,0.8437581404818886,0.0,0.08737839834952167,0.0,0.0,inf,2.5,50.0,10
9433.636231673683,8.384012353672517,0.8427988860816885,0.0,0.08266891865569348,0.0,0.0,inf,2.5,50.0,10
10318.48281479331,7.994645156699546,0.8276491478036281,0.0,0.10610115967895802,0.0,0.0,inf,2.5,50.0,10
11488.744987984064,7.528077712189697,0.7976654332291591,0.0,0.11863060107613146,0.0,0.0,inf,2.5,50.0,10
9806.73466556991,8.215559358317444,0.8474349613287767,0.0,0.08100597212722352,0.0,0.0,inf,2.5,50.0,10
10613.619651295947,7.87216840633059,0.8077366739442783,0.0,0.1234339921006911,0.0,0.0,inf,2.5,50.0,10
10309.823341559008,7.998291371404961,0.8218844652330546,0.0,0.09868739449582077,0.0,0.0,inf,2.5,50.0,10
11363.98719375494,7.575496252296042,0.7943011316747501,0.0,0.13157002509558846,0.0,0.0,inf,2.5,50.0,10
9753.136530055966,8.239360571037873,0.8356652099490859,0.0,0.10072857427161197,0.0,0.0,inf,2.5,50.0,10
9938.925339913872,8.15740932625198,0.812508580429929,0.0,0.12287182516013831,0.0,0.0,inf,2.5,50.0,10
10299.683408332123,8.002564853013302,0.8200814748248045,0.0,0.09337154591339275,0.0,0.0,inf,2.5,50.0,10
10385.945855712005,7.9663430667846615,0.8245247587479313,0.0,0.10570047093593958,0.0,0.0,inf,2.5,50.0,10
11719.291140465477,7.441790173679723,0.7730676854988522,0.0,0.14689478919781868,0.0,0.0,inf,2.5,50.0,10
11961.980129352753,7.352772842196452,0.7781190603101575,0.0,0.1488210141022914,0.0,0.0,inf,2.5,50.0,10
10500.084514765891,7.918875661647579,0.8167880694951093,0.0,0.11605190850900106,0.0,0.0,inf,2.5,50.0,10
10349.754262028031,7.981503225640739,0.8140488245998563,0.0,0.1282651573845659,0.0,0.0,inf,2.5,50.0,10
11443.83937355849,7.545086074762763,0.7895602414715017,0.0,0.1334167274479768,0.0,0.0,inf,2.5,50.0,10
10371.467363429621,7.972401558040647,0.7863341009924131,0.0,0.15074513045174442,0.0,0.0,inf,2.5,50.0,10
11202.241689650167,7.637754224808159,0.7940106584074595,0.0,0.14102835033929123,0.0,0.0,inf,2.5,50.0,10
10561.798954855567,7.893424644857278,0.8163133652132029,0.0,0.1257015538186218,0.0,0.0,inf,2.5,50.0,10
10942.333736552637,7.7397040442637834,0.8019823571823116,0.0,0.14118196625734444,0.0,0.0,inf,2.5,50.0,10
10899.222641570297,7.756848367360481,0.7835419867918387,0.0,0.1443552408350593,0.0,0.0,inf,2.5,50.0,10
10042.040805793455,8.112583790720716,0.8261031075340909,0.0,0.10708409346620393,0.0,0.0,inf,2.5,50.0,10
11317.38763890905,7.593341694341319,0.7904937810209149,0.0,0.14734872814697633,0.0,0.0,inf,2.5,50.0,10
11752.046241189659,7.429668692485766,0.7594812712867238,0.0,0.17049782661447918,0.0,0.0,inf,2.5,50.0,10
11162.10493379139,7.653342599106735,0.800466033596392,0.0,0.12326785136384708,0.0,0.0,inf,2.5,50.0,10
11327.803148336317,7.589346675149877,0.780791688868408,0.0,0.1562903377473031,0.0,0.0,inf,2.5,50.0,10
10946.05791842067,7.738226190910284,0.7870282374008248,0.0,0.13478295323971937,0.0,0.0,inf,2.5,50.0,10
11598.732407541815,7.4866983185569405,0.7655404145051529,0.0,0.15985663570191963,0.0,0.0,inf,2.5,50.0,10
11419.394090417896,7.554372998800658,0.7842686089856825,0.0,0.13146703753367273,0.0,0.0,inf,2.5,50.0,10
11509.81642231577,7.52011964033172,0.7701649174683707,0.0,0.14821366076088413,0.0,0.0,inf,2.5,50.0,10
10276.044547668585,8.012543825600252,0.8353333523683217,0.0,0.0801779685106756,0.0,0.0,inf,2.5,50.0,10
11947.528926952791,7.358022701747007,0.7601806731123477,0.0,0.1676215756377534,0.0,0.0,inf,2.5,50.0,10
10428.761536104257,7.948476238671958,0.8128041121422421,0.0,0.11696290947519528,0.0,0.0,inf,2.5,50.0,10
12358.846905695069,7.211024083881558,0.7378951520935205,0.0,0.18162108182992792,0.0,0.0,inf,2.5,50.0,10
12179.413590103386,7.2745398231761556,0.7537965278289371,0.0,0.16430061475371435,0.0,0.0,inf,2.5,50.0,10
11399.344784761535,7.562004713332167,0.7642674854425132,0.0,0.1620378545542217,0.0,0.0,inf,2.5,50.0,10
11482.891292075934,7.53029107466477,0.7701958396593145,0.0,0.16187372487393056,0.0,0.0,inf,2.5,50.0,10
11944.581022886729,7.359094401549372,0.7516082187623345,0.0,0.16689621850639036,0.0,0.0,inf,2.5,50.0,10
11130.882888985661,7.665507474220218,0.7947038734916761,0.0,0.1542862509279611,0.0,0.0,inf,2.5,50.0,10
11830.186787309882,7.400887590922574,0.7647269510546314,0.0,0.15229605846967115,0.0,0.0,inf,2.5,50.0,10
12126.133997838744,7.293579978430831,0.7523403727280916,0.0,0.180248543386572,0.0,0.0,inf,2.5,50.0,10
11087.228818890018,7.682573502513467,0.7731882530737926,0.0,0.15444126779473036,0.0,0.0,inf,2.5,50.0,10
11893.49539523556,7.377708521051513,0.7428221941952426,0.0,0.1847887189099237,0.0,0.0,inf,2.5,50.0,10
10592.43968645667,7.880843610684848,0.7993113819676126,0.0,0.13461744507382384,0.0,0.0,inf,2.5,50.0,10
11204.368348897598,7.636929828456159,0.7810686415603747,0.0,0.15009936392815915,0.0,0.0,inf,2.5,50.0,10
12305.694021064177,7.229742486382045,0.733766216171513,0.0,0.18938781959754636,0.0,0.0,inf,2.5,50.0,10
11033.966806986984,7.703486877138415,0.7888713224865354,0.0,0.14444319160737037,0.0,0.0,inf,2.5,50.0,10
12106.673682682538,7.300555240576805,0.763792887766924,0.0,0.1526421977492598,0.0,0.0,inf,2.5,50.0,10
12373.33780100321,7.205934912290006,0.7128972017663588,0.0,0.19443099522794655,0.0,0.0,inf,2.5,50.0,10
12583.089934033322,7.132930602577501,0.7586500970623417,0.0,0.16677377600053078,0.0,0.0,inf,2.5,50.0,10
11725.643812196577,7.439436633052504,0.7633943217954335,0.0,0.17359502013248193,0.0,0.0,inf,2.5,50.0,10
12328.52633022048,7.221691938344602,0.7496130821345605,0.0,0.16535702220147291,0.0,0.0,inf,2.5,50.0,10
11232.597829067274,7.626001511466649,0.7837066619520242,0.0,0.14496419389554652,0.0,0.0,inf,2.5,50.0,10
12926.626344736374,7.015951655343501,0.7196949508449099,0.0,0.19239479019048603,0.0,0.0,inf,2.5,50.0,10
12385.853357203916,7.201544270104532,0.7367238523440954,0.0,0.18741597369379276,0.0,0.0,inf,2.5,50.0,10
11467.664618312609,7.536053777223472,0.7688085010267783,0.0,0.15047647179244042,0.0,0.0,inf,2.5,50.0,10
11789.652505604749,7.415793562072911,0.7527109388869389,0.0,0.18065485610954288,0.0,0.0,inf,2.5,50.0,10
12005.22525443138,7.3371004771694635,0.7495561573275007,0.0,0.17291227209030324,0.0,0.0,inf,2.5,50.0,10
12150.850276608442,7.284736913682568,0.7688451389324512,0.0,0.16436432248839172,0.0,0.0,inf,2.5,50.0,10
12157.416864244125,7.282390524424988,0.7544874476997386,0.0,0.17628057159189894,0.0,0.0,inf,2.5,50.0,10
13271.603716069096,6.901569554897845,0.7201639532677941,0.0,0.1963296836454615,0.0,0.0,inf,2.5,50.0,10
10587.272721407719,7.88296260494714,0.7861867825569441,0.0,0.1519577030062269,0.0,0.0,inf,2.5,50.0,10
12545.183593813003,7.14603339442354,0.7546795964707218,0.0,0.16668599491973726,0.0,0.0,inf,2.5,50.0,10
12949.142126739891,7.008393632586728,0.7006017877888909,0.0,0.22157930920164345,0.0,0.0,inf,2.5,50.0,10
11916.56153933001,7.369294007587471,0.7449775044754358,0.0,0.18872369936924174,0.0,0.0,inf,2.5,50.0,10
13054.548345994419,6.973185099280565,0.7326502190656573,0.0,0.19243380240637278,0.0,0.0,inf,2.5,50.0,10
11736.37125207658,7.435465219466137,0.7539177050532591,0.0,0.18351198483673437,0.0,0.0,inf,2.5,50.0,10
11877.818664215094,7.383436701451181,0.7604840910894995,0.0,0.17468983077722325,0.0,0.0,inf,2.5,50.0,10
10987.914582022871,7.721650862297167,0.7916210335053484,0.0,0.13339536372676786,0.0,0.0,inf,2.5,50.0,10
11698.872518185191,7.449363523461394,0.7510494421399737,0.0,0.17056986359992443,0.0,0.0,inf,2.5,50.0,10
12005.613780422897,7.336959928399835,0.7443565671242198,0.0,0.18454791749245866,0.0,0.0,inf,2.5,50.0,10
11984.036289737262,7.344772453916263,0.7392537173884294,0.0,0.19030867683973351,0.0,0.0,inf,2.5,50.0,10
12678.49128239867,7.100127845077581,0.7270475540012394,0.0,0.19908762187450674,0.0,0.0,inf,2.5,50.0,10
12368.067111820777,7.207785277109993,0.7235209865155918,0.0,0.1936318253241446,0.0,0.0,inf,2.5,50.0,10
13015.72650441122,6.986119465439745,0.7062971833037328,0.0,0.22198172686255035,0.0,0.0,inf,2.5,50.0,10
13060.999225818938,6.97103957155576,0.734995532300201,0.0,0.176990525134477,0.0,0.0,inf,2.5,50.0,10
13039.704149933066,6.978126228085964,0.7238015780157867,0.0,0.20747417645872793,0.0,0.0,inf,2.5,50.0,10
12766.70882727698,7.070014074082309,0.7163084078242402,0.0,0.21810072985606774,0.0,0.0,inf,2.5,50.0,10
12564.927275366526,7.139203815882147,0.7225543338632023,0.0,0.18810171908012296,0.0,0.0,inf,2.5,50.0,10
13470.941678360026,6.836824049800473,0.7083765028576041,0.0,0.20846081698246047,0.0,0.0,inf,2.5,50.0,10
12482.46597635522,7.167799699021344,0.6852392846084586,0.0,0.22637430780378673,0.0,0.0,inf,2.5,50.0,10
12631.856341026758,7.116131829631545,0.7486448967313464,0.0,0.17350670958055933,0.0,0.0,inf,2.5,50.0,10
13330.627425364108,6.882297702716933,0.7049069793681816,0.0,0.21175892074907635,0.0,0.0,inf,2.5,50.0,10
12976.63971548846,6.999181138545224,0.6930322316541457,0.0,0.2223204651902541,0.0,0.0,inf,2.5,50.0,10
11198.921114175579,7.639041754057017,0.7436676147321616,0.0,0.18513371388580432,0.0,0.0,inf,2.5,50.0,10
12254.375993935582,7.247891594609804,0.7146092720834284,0.0,0.21727435721499497,0.0,0.0,inf,2.5,50.0,10
12530.327914065901,7.151179243984277,0.7502127006368314,0.0,0.17671344929067717,0.0,0.0,inf,2.5,50.0,10
13227.370461766746,6.916068437740309,0.7022182396350793,0.0,0.216008324163547,0.0,0.0,inf,2.5,50.0,10
12453.650779826132,7.1778367761974735,0.7161783905647406,0.0,0.22204181186374386,0.0,0.0,inf,2.5,50.0,10
12549.590942081579,7.144507907872696,0.719888294187244,0.0,0.2158545943692469,0.0,0.0,inf,2.5,50.0,10
12564.993080756762,7.139181070949052,0.7168783406249797,0.0,0.21324413716806723,0.0,0.0,inf,2.5,50.0,10
8036.629635005887,9.080064063734934,0.8802268605258332,0.0,0.0,-0.008176727862602625,0.0,inf,2.5,50.0,10
8820.00349994355,8.676116033998241,0.8757111886169237,0.0,0.0,-0.013070435575053019,0.0,inf,2.5,50.0,10
7720.2977048757275,9.254463132404767,0.8899679851284426,0.0,0.0,0.0007269917399079616,0.0,inf,2.5,50.0,10
7707.930662408671,9.261425616137043,0.8897620618105052,0.0,0.0,-0.0009761367434550459,0.0,inf,2.5,50.0,10
8796.624312511089,8.687643164118963,0.8735780635870146,0.0,0.0,0.016270958063263594,0.0,inf,2.5,50.0,10
10199.918904533797,8.044836419935894,0.8246911285349056,0.0,0.0,-0.031990965389289396,0.0,inf,2.5,50.0,10
9493.30922081902,8.356627337068703,0.8486880151983651,0.0,0.0,0.027590328785323477,0.0,inf,2.5,50.0,10
8760.00464508637,8.705760244104638,0.8650118896125669,0.0,0.0,-0.014540720899691658,0.0,inf,2.5,50.0,10
9584.479056789407,8.315118481306257,0.8470727033758382,0.0,0.0,-0.026359581716067663,0.0,inf,2.5,50.0,10
7741.861889324366,9.242349413971581,0.8891978313920627,0.0,0.0,-0.005187503166219105,0.0,inf,2.5,50.0,10
8827.329010822406,8.67251047023091,0.864783500013839,0.0,0.0,0.017072412902184357,0.0,inf,2.5,50.0,10
8449.73992354962,8.862370189602899,0.8727384446604147,0.0,0.0,-0.012166777868312969,0.0,inf,2.5,50.0,10
9703.24094772665,8.261635450938181,0.8312376384069106,0.0,0.0,-0.03090270543417226,0.0,inf,2.5,50.0,10
8411.626506024097,8.882003800174235,0.8708629054631976,0.0,0.0,-0.020229929173492752,0.0,inf,2.5,50.0,10
10008.45660553862,8.127132503593739,0.8458392571889427,0.0,0.0,-0.025875783157783012,0.0,inf,2.5,50.0,10
9539.931597877454,8.335351000810974,0.8289136840944804,0.0,0.0,0.030166339968721454,0.0,inf,2.5,50.0,10
9529.534926856019,8.340086547341643,0.8421818172680364,0.0,0.0,-0.026852547874753618,0.0,inf,2.5,50.0,10
10463.20704504766,7.934155416814061,0.8109716141467358,0.0,0.0,-0.035659976263217485,0.0,inf,2.5,50.0,10
9525.197464557023,8.342063731734221,0.8330317606573294,0.0,0.0,0.03337764568160789,0.0,inf,2.5,50.0,10
9423.6406186997,8.38861645425274,0.8387907181047247,0.0,0.0,-0.02383415501750304,0.0,inf,2.5,50.0,10
7769.082288995339,9.227106394111196,0.8897202916838269,0.0,0.0,-0.0017765647236360586,0.0,inf,2.5,50.0,10
7689.098385509911,9.272049429330911,0.8901854745063243,0.0,0.0,0.0009111116587015959,0.0,inf,2.5,50.0,10
10094.111288527605,8.09012272306284,0.8463959839862286,0.0,0.0,0.02566528519483484,0.0,inf,2.5,50.0,10
8435.504507991807,8.869692990186756,0.8766477037816425,0.0,0.0,0.009206906515079352,0.0,inf,2.5,50.0,10
11028.277092304963,7.705726913787511,0.7903086950579821,0.0,0.0,0.034416337824350204,0.0,inf,2.5,50.0,10
10858.895775874582,7.7729469609633455,0.7881678134930973,0.0,0.0,0.04099145178364022,0.0,inf,2.5,50.0,10
8004.399106466025,9.09751626054333,0.8846691156757004,0.0,0.0,0.007021997369698541,0.0,inf,2.5,50.0,10
8328.475992322705,8.925148226877443,0.8771654236520026,0.0,0.0,0.009520399583066216,0.0,inf,2.5,50.0,10
7956.103078982597,9.123799596755246,0.8844465020175957,0.0,0.0,0.006439110437999242,0.0,inf,2.5,50.0,10
7781.849744358962,9.219975198828084,0.889644190160493,0.0,0.0,-0.002641181987232861,0.0,inf,2.5,50.0,10
7691.43305753133,9.270730963597138,0.8890860428330668,0.0,0.0,0.003290447068642257,0.0,inf,2.5,50.0,10
9447.767068273093,8.377511835243794,0.8560055450953892,0.0,0.0,0.02297425896026533,0.0,inf,2.5,50.0,10
8399.134675247173,8.888458158921388,0.8794039725914387,0.0,0.0,0.007504757996699182,0.0,inf,2.5,50.0,10
7670.593022693182,9.2825141979671,0.890326789171955,0.0,0.0,0.0005744812167150365,0.0,inf,2.5,50.0,10
11221.66418283576,7.630230929114127,0.7596567585143529,0.0,0.0,0.04211197637060142,0.0,inf,2.5,50.0,10
7698.887437299399,9.266523908580272,0.8905277643210299,0.0,0.0,-0.0008750874944511468,0.0,inf,2.5,50.0,10
7772.316559410332,9.225298801592407,0.8896735508331716,0.0,0.0,-0.0016003759690643993,0.0,inf,2.5,50.0,10
7700.545055724908,9.265588946154343,0.8909409726174122,0.0,0.0,0.002552938080528668,0.0,inf,2.5,50.0,10
8504.271673037532,8.834432353855368,0.8766045882914091,0.0,0.0,0.01013156398316763,0.0,inf,2.5,50.0,10
7863.643215432009,9.174565601491457,0.8848416535095059,0.0,0.0,0.007313981131779489,0.0,inf,2.5,50.0,10
9960.111143368655,8.148161761909593,0.8307089107825071,0.0,0.0,0.023947394676354046,0.0,inf,2.5,50.0,10
12178.549055660393,7.274848110485424,0.7314567140334078,0.0,0.0,0.05261171585227291,0.0,inf,2.5,50.0,10
10599.905082176094,7.877783845155665,0.8200820635417507,0.0,0.0,0.028375706345936804,0.0,inf,2.5,50.0,10
13763.146739568716,6.74362620617326,0.6869166304271999,0.0,0.0,0.062377967483865135,0.0,inf,2.5,50.0,10
12673.05982161578,7.101988759601586,0.7228409202432395,0.0,0.0,0.05979509440490676,0.0,inf,2.5,50.0,10
14122.79866453767,6.631595930382939,0.6515389789180293,0.0,0.0,0.07310002228559899,0.0,inf,2.5,50.0,10
14468.716730375316,6.52650346793174,0.6825913583251432,0.0,0.0,0.06692979637093076,0.0,inf,2.5,50.0,10
11300.206141836423,7.599939947786977,0.7767282532737796,0.0,0.0,0.04329251196897004,0.0,inf,2.5,50.0,10
12547.594732343026,7.145198776472267,0.7470443641072823,0.0,0.0,0.056479193959753815,0.0,inf,2.5,50.0,10
9300.03024144772,8.445960000911242,0.8321005839922433,0.0,0.0,0.03261630261516246,0.0,inf,2.5,50.0,10
13439.510830470475,6.846968992552816,0.7101991964778074,0.0,0.0,0.07005190166849613,0.0,inf,2.5,50.0,10
11944.792213028823,7.359017615346203,0.7563453001692193,0.0,0.0,0.041378367507651816,0.0,inf,2.5,50.0,10
14118.890308220834,6.63279796726833,0.6591907187717203,0.0,0.0,0.077456867628858,0.0,inf,2.5,50.0,10
11184.994258157127,7.644445953812892,0.7827829354180248,0.0,0.0,0.044722409686901755,0.0,inf,2.5,50.0,10
11263.484911533686,7.614075792610603,0.781442578909811,0.0,0.0,0.04301535815868145,0.0,inf,2.5,50.0,10
10749.152513669134,7.817061359786928,0.7990857827551282,0.0,0.0,0.03669052047691934,0.0,inf,2.5,50.0,10
10732.126062482863,7.823945954964904,0.797041673022464,0.0,0.0,0.03198316189081344,0.0,inf,2.5,50.0,10
12008.016225544749,7.336090948022676,0.7560598014080526,0.0,0.0,0.048743369943084196,0.0,inf,2.5,50.0,10
11652.2203835422,7.466716708330532,0.7786083924634507,0.0,0.0,0.03763768295132414,0.0,inf,2.5,50.0,10
10582.93324301221,7.884743042559387,0.8135659788209486,0.0,0.0,0.03146654876829596,0.0,inf,2.5,50.0,10
12715.573103659619,7.0874442182626884,0.7137640608158738,0.0,0.0,0.07233378445000106,0.0,inf,2.5,50.0,10
11441.415348139546,7.546006091498585,0.765425287463273,0.0,0.0,0.04328136432479404,0.0,inf,2.5,50.0,10
14143.711553039468,6.625169701135521,0.637404541686306,0.0,0.0,0.07697950882575205,0.0,inf,2.5,50.0,10
12386.741133207528,7.201232993689903,0.7145375730033748,0.0,0.0,0.05208432274375481,0.0,inf,2.5,50.0,10
14260.20954500734,6.589544536149129,0.6910253641051258,0.0,0.0,0.0610065792202541,0.0,inf,2.5,50.0,10
13224.175658457121,6.917117514757265,0.721814647674997,0.0,0.0,0.0628416628270908,0.0,inf,2.5,50.0,10
11047.356591022726,7.698219883010818,0.7652864533373042,0.0,0.0,0.05342082634869116,0.0,inf,2.5,50.0,10
13063.424412509476,6.9702332416516875,0.6709138838194205,0.0,0.0,0.08516884759572535,0.0,inf,2.5,50.0,10
9227.43571877873,8.479993324217194,0.8486667292706485,0.0,0.0,0.022659499899479615,0.0,inf,2.5,50.0,10
13160.416880372897,6.938107142968121,0.6888169729415616,0.0,0.0,0.06577316807939765,0.0,inf,2.5,50.0,10
12691.378751955614,7.0957155580708875,0.7162753819213686,0.0,0.0,0.05881004339923168,0.0,inf,2.5,50.0,10
14803.345478298737,6.427204861097339,0.620137436348682,0.0,0.0,0.0789104739325666,0.0,inf,2.5,50.0,10
13883.862389316302,6.705700603814107,0.686281573167808,0.0,0.0,0.07097921402266362,0.0,inf,2.5,50.0,10
13860.952936242964,6.712872719539264,0.6981682389184755,0.0,0.0,0.06157037642510162,0.0,inf,2.5,50.0,10
12422.253657199077,7.188799677570328,0.6730160377477781,0.0,0.0,0.07204916082592962,0.0,inf,2.5,50.0,10
12306.922839954193,7.229308831345158,0.7277231870548583,0.0,0.0,0.06591436260235117,0.0,inf,2.5,50.0,10
14105.929775326204,6.636786434367581,0.6420347839580617,0.0,0.0,0.08648443254197719,0.0,inf,2.5,50.0,10
14851.975952000774,6.412961235134807,0.6104101157664146,0.0,0.0,0.0889841689582862,0.0,inf,2.5,50.0,10
12571.81642231577,7.136823301829914,0.7258413209136515,0.0,0.0,0.05791248697128226,0.0,inf,2.5,50.0,10
13031.378300349994,6.98090008349523,0.6750433687887627,0.0,0.0,0.08307635651969346,0.0,inf,2.5,50.0,10
13486.254173319785,6.831890203700883,0.6817873333636285,0.0,0.0,0.07879268029755106,0.0,inf,2.5,50.0,10
15986.67500524185,6.093222146347247,0.6179422582627337,0.0,0.0,0.08587697091265414,0.0,inf,2.5,50.0,10
14000.930501120949,6.6692346104157805,0.6653779182964771,0.0,0.0,0.07457669891557549,0.0,inf,2.5,50.0,10
13848.007225689908,6.716930793919337,0.633627951445907,0.0,0.0,0.09579853124416908,0.0,inf,2.5,50.0,10
15086.816164255415,6.34482762456523,0.6161043389258659,0.0,0.0,0.08199533660746904,0.0,inf,2.5,50.0,10
14283.644312188513,6.582413339073117,0.636543135207727,0.0,0.0,0.08189783418122933,0.0,inf,2.5,50.0,10
14870.967597296818,6.407411335365891,0.5988679949250384,0.0,0.0,0.10372408769227881,0.0,inf,2.5,50.0,10
13994.283188980822,6.671297027990553,0.6665846800936699,0.0,0.0,0.07334692065056134,0.0,inf,2.5,50.0,10
15676.159320010967,6.178406922158379,0.5092355808844754,0.0,0.0,0.13383080986594809,0.0,inf,2.5,50.0,10
12737.216448121804,7.08005831872013,0.655168948500573,0.0,0.0,0.0829869295367785,0.0,inf,2.5,50.0,10
16445.590748536313,5.970308823060638,0.5611041376321297,0.0,0.0,0.1090365994249071,0.0,inf,2.5,50.0,10
12393.421219012596,7.198891504209067,0.7341382949052809,0.0,0.0,0.06631941073338926,0.0,inf,2.5,50.0,10
14925.00890308221,6.391657620006194,0.6088913548091143,0.0,0.0,0.09317801062419966,0.0,inf,2.5,50.0,10
12551.021467395687,7.144012884691047,0.7034858627998012,0.0,0.0,0.07576442519992878,0.0,inf,2.5,50.0,10
14684.856389413075,6.46210657172211,0.6532504243445719,0.0,0.0,0.07917572521214078,0.0,inf,2.5,50.0,10
15093.435444589604,6.342922592753924,0.5393201264944134,0.0,0.0,0.13270731956747717,0.0,inf,2.5,50.0,10
15592.480734181707,6.201651447516832,0.573448698469949,0.0,0.0,0.10385405911513165,0.0,inf,2.5,50.0,10
14852.25107659554,6.412880785242453,0.5969123047946236,0.0,0.0,0.09396960648634727,0.0,inf,2.5,50.0,10
16012.105401525781,6.086319206320468,0.5557758950544411,0.0,0.0,0.10783520758652276,0.0,inf,2.5,50.0,10
14004.149610490153,6.668236190531763,0.6593513934155454,0.0,0.0,0.07931596146724393,0.0,inf,2.5,50.0,10
16131.006612796567,6.054188916350199,0.5360931226920691,0.0,0.0,0.11811220872824595,0.0,inf,2.5,50.0,10
15953.498717762617,6.102244191054278,0.5224759949543615,0.0,0.0,0.1043163024994346,0.0,inf,2.5,50.0,10
15665.78922920598,6.181280817105092,0.5641599746945459,0.0,0.0,0.10496324737121547,0.0,inf,2.5,50.0,10
15328.585071208528,6.275782923883913,0.6419527772398543,0.0,0.0,0.08506174900010673,0.0,inf,2.5,50.0,10
16251.104175739101,6.021974865598375,0.5380289548061209,0.0,0.0,0.13766441432779852,0.0,inf,2.5,50.0,10
14456.626344736374,6.530134047565129,0.6375648720475534,0.0,0.0,0.08986934181166369,0.0,inf,2.5,50.0,10
15028.943758971629,6.361519016229393,0.535582630093949,0.0,0.0,0.1321148338373091,0.0,inf,2.5,50.0,10
14991.781535781682,6.372271159325182,0.5703202575219051,0.0,0.0,0.11666832951557293,0.0,inf,2.5,50.0,10
16814.651408848244,5.873924926536468,0.5436741972027784,0.0,0.0,0.1139188528546384,0.0,inf,2.5,50.0,10
15397.763665102177,6.256227113581891,0.5802103037424227,0.0,0.0,0.11958952187812799,0.0,inf,2.5,50.0,10
15640.466556991016,6.188306568944312,0.589862281042439,0.0,0.0,0.10259023276870533,0.0,inf,2.5,50.0,10
16724.85011532072,5.897181264687559,0.4574829441931144,0.0,0.0,0.17270225962403285,0.0,inf,2.5,50.0,10
15745.74593958162,6.159171211242822,0.5612314506853534,0.0,0.0,0.12108398730291041,0.0,inf,2.5,50.0,10
14544.338462282867,6.503863883761955,0.6159046287662117,0.0,0.0,0.08212821621172287,0.0,inf,2.5,50.0,10
14096.597377461654,6.639660651292523,0.6638725034610926,0.0,0.0,0.07124664299716665,0.0,inf,2.5,50.0,10
14710.65389267915,6.454483832001573,0.6179731539182104,0.0,0.0,0.10230920354019268,0.0,inf,2.5,50.0,10
15459.715536846179,6.238788623538188,0.5708454306495108,0.0,0.0,0.13401434524193948,0.0,inf,2.5,50.0,10
16436.77040692892,5.972638720091056,0.5719859328563361,0.0,0.0,0.10869900026475914,0.0,inf,2.5,50.0,10
16586.776616506184,5.933183650593328,0.5576398528976393,0.0,0.0,0.12576088531071342,0.0,inf,2.5,50.0,10
15150.870114998144,6.326427857661477,0.5834731522747424,0.0,0.0,0.11507056207051629,0.0,inf,2.5,50.0,10
15982.311269173078,6.094407761987764,0.5302442179616482,0.0,0.0,0.1349669046962813,0.0,inf,2.5,50.0,10
16329.709682101902,6.00101897171164,0.4398746242127572,0.0,0.0,0.1689758634082868,0.0,inf,2.5,50.0,10
16390.62919952904,5.984847353853593,0.5343084704066476,0.0,0.0,0.14626774883633345,0.0,inf,2.5,50.0,10
15712.611812712697,6.16831979674526,0.5399152579742235,0.0,0.0,0.14289335927258837,0.0,inf,2.5,50.0,10
14189.666182803503,6.611081822301465,0.6183692825716678,0.0,0.0,0.10209499775730771,0.0,inf,2.5,50.0,10
16183.680295479106,6.040030703983335,0.5007846674798908,0.0,0.0,0.12573965668641401,0.0,inf,2.5,50.0,10
13868.684553474945,6.710450907289971,0.6411702844877842,0.0,0.0,0.08039361408924689,0.0,inf,2.5,50.0,10
17729.493282366413,5.643840374394065,0.43089758648429327,0.0,0.0,0.1595108467637908,0.0,inf,2.5,50.0,10
15552.650908856309,6.212759368319461,0.5789099039202014,0.0,0.0,0.10647846851237092,0.0,inf,2.5,50.0,10
16305.641650941114,6.007424672641122,0.4924756720787607,0.0,0.0,0.1435463416952948,0.0,inf,2.5,50.0,10
15537.227593103336,6.217068334321522,0.4993548003972599,0.0,0.0,0.13247990392640216,0.0,inf,2.5,50.0,10
16542.953984613152,5.944672991416993,0.5074190079076758,0.0,0.0,0.15023407901865182,0.0,inf,2.5,50.0,10
16803.47776648764,5.876811851845936,0.5003704002392467,0.0,0.0,0.13753634816974927,0.0,inf,2.5,50.0,10
16019.820180319672,6.084227239719512,0.5091465699204049,0.0,0.0,0.14439558870132885,0.0,inf,2.5,50.0,10
15222.249415332011,6.306015273240925,0.5511343863746714,0.0,0.0,0.12107554799145007,0.0,inf,2.5,50.0,10
16313.617264237673,6.005300918130008,0.5016587221083746,0.0,0.0,0.12189198437663411,0.0,inf,2.5,50.0,10
15741.728988242125,6.160279296165021,0.5008906172434477,0.0,0.0,0.13510059780950756,0.0,inf,2.5,50.0,10
17359.673440750954,5.735388096250068,0.45567236587881893,0.0,0.0,0.15782610426724988,0.0,inf,2.5,50.0,10
17209.84813148175,5.773033229604816,0.45872993604312773,0.0,0.0,0.14860867186840537,0.0,inf,2.5,50.0,10
17469.94285576039,5.707888764613117,0.48192351677233064,0.0,0.0,0.12825598105838742,0.0,inf,2.5,50.0,10
15447.95633941388,6.242093275420942,0.5664026213356655,0.0,0.0,0.11775113970246394,0.0,inf,2.5,50.0,10
19086.13906227319,5.323622770806722,0.37871206226214554,0.0,0.0,0.18918022411307905,0.0,inf,2.5,50.0,10
17490.014661053854,5.7029018734051355,0.4912532351847432,0.0,0.0,0.14505841964549082,0.0,inf,2.5,50.0,10
16331.898356478121,6.000436924921674,0.4602853501709272,0.0,0.0,0.16439557909560498,0.0,inf,2.5,50.0,10
17134.738584861534,5.7920287783988025,0.46292921839019324,0.0,0.0,0.16506324506523007,0.0,inf,2.5,50.0,10
17145.991048531476,5.789177682108003,0.3519374459418754,0.0,0.0,0.1951570715722572,0.0,inf,2.5,50.0,10
16988.82197061338,5.8291709555976325,0.47617806212937347,0.0,0.0,0.1364576327182876,0.0,inf,2.5,50.0,10
16782.415815873937,5.882258835179156,0.4395149345619291,0.0,0.0,0.18194221862157967,0.0,inf,2.5,50.0,10
16742.946404090257,5.892484738510887,0.4991024204639119,0.0,0.0,0.15188434161978848,0.0,inf,2.5,50.0,10
16777.17320688376,5.883615726750257,0.48254609488644135,0.0,0.0,0.15895861325697574,0.0,inf,2.5,50.0,10
15857.277963258657,6.128517218330395,0.5174791418011843,0.0,0.0,0.14399173903853862,0.0,inf,2.5,50.0,10
16418.957661973192,5.9773477787876335,0.531954018792376,0.0,0.0,0.12514049906081617,0.0,inf,2.5,50.0,10
16970.036934888147,5.833975733174322,0.4451152534906107,0.0,0.0,0.1636943439168404,0.0,inf,2.5,50.0,10
17645.730810793375,5.664407111771714,0.4638376910974722,0.0,0.0,0.1593612466830488,0.0,inf,2.5,50.0,10
17580.099708069225,5.680590269594253,0.44813902293242636,0.0,0.0,0.17026857443390309,0.0,inf,2.5,50.0,10
17111.627506007968,5.797890431290083,0.47242249968553746,0.0,0.0,0.14474049646615378,0.0,inf,2.5,50.0,10
17394.566990854986,5.726667386968013,0.5186895183939206,0.0,0.0,0.1364631647854893,0.0,inf,2.5,50.0,10
17715.099546781505,5.647367637529661,0.4330740797796159,0.0,0.0,0.19068117044142455,0.0,inf,2.5,50.0,10
17409.193206561184,5.723017157734022,0.46450654463566055,0.0,0.0,0.15148710162150172,0.0,inf,2.5,50.0,10
17705.01525781842,5.649840555075568,0.4460037338081975,0.0,0.0,0.15438276236010337,0.0,inf,2.5,50.0,10
16708.503798325833,5.901427991387084,0.49599040460342864,0.0,0.0,0.14761025302889866,0.0,inf,2.5,50.0,10
17559.188803406396,5.685759123013531,0.41940019754720137,0.0,0.0,0.15859076288796362,0.0,inf,2.5,50.0,10
17732.125675392334,5.643195601932423,0.4331336216269095,0.0,0.0,0.1690215419735482,0.0,inf,2.5,50.0,10
17063.484959920002,5.810126268677246,0.4410159137033873,0.0,0.0,0.16500276552851312,0.0,inf,2.5,50.0,10
16991.76835857486,5.82841781974918,0.43766431364513875,0.0,0.0,0.168959863616732,0.0,inf,2.5,50.0,10
18523.49697585523,5.453573820883008,0.35511684542843813,0.0,0.0,0.1942278931503122,0.0,inf,2.5,50.0,10
16618.760068385993,5.924817430772231,0.500220853566238,0.0,0.0,0.14002425497923615,0.0,inf,2.5,50.0,10
18408.404364445734,5.480642152617204,0.37135620825765503,0.0,0.0,0.18689425642673085,0.0,inf,2.5,50.0,10
17115.144207351495,5.796997981364534,0.4377769703136106,0.0,0.0,0.1793919859557562,0.0,inf,2.5,50.0,10
16875.882018031967,5.858138803690642,0.43839228883969533,0.0,0.0,0.18122857790477298,0.0,inf,2.5,50.0,10
18028.149304043483,5.5712921474977195,0.409851834693166,0.0,0.0,0.1928214398579492,0.0,inf,2.5,50.0,10
16467.83151884647,5.9644394575412,0.46648671337065806,0.0,0.0,0.17081458973047495,0.0,inf,2.5,50.0,10
17542.75211690134,5.689826341283797,0.413961889221813,0.0,0.0,0.16390449898355222,0.0,inf,2.5,50.0,10
17619.04107998258,5.670980927172352,0.3894011064628061,0.0,0.0,0.16678992374380697,0.0,inf,2.5,50.0,10
16483.83974452025,5.960219771949802,0.46549433598349454,0.0,0.0,0.16955318377890033,0.0,inf,2.5,50.0,10
17464.701004822502,5.709192059396056,0.4485703723035458,0.0,0.0,0.1601612736354543,0.0,inf,2.5,50.0,10
17649.54994274286,5.663467253579694,0.4351988631030613,0.0,0.0,0.16285323078495859,0.0,inf,2.5,50.0,10
16465.83487363107,5.964966050596519,0.45301047418034834,0.0,0.0,0.179065289334548,0.0,inf,2.5,50.0,10
16269.382413186884,6.017092934648984,0.5068266652163971,0.0,0.0,0.1415731301268723,0.0,inf,2.5,50.0,10
16901.298930662408,5.851602777488432,0.4824275192148349,0.0,0.0,0.1717756868461543,0.0,inf,2.5,50.0,10
18123.730972081095,5.548327539623854,0.3633562943761591,0.0,0.0,0.2206123386040223,0.0,inf,2.5,50.0,10
17596.360381284172,5.676575129279195,0.36851573752381567,0.0,0.0,0.21709206693756503,0.0,inf,2.5,50.0,10
17818.196254899114,5.622166227940201,0.42702794116580406,0.0,0.0,0.19050492128388605,0.0,inf,2.5,50.0,10
17080.05499911292,5.8059109605047485,0.4216941918390862,0.0,0.0,0.20138966585844983,0.0,inf,2.5,50.0,10
17526.242367058596,5.6939154769374,0.3829878213892814,0.0,0.0,0.20723447179237606,0.0,inf,2.5,50.0,10
18221.744165416687,5.524904160485933,0.3731921825638443,0.0,0.0,0.20832782145631357,0.0,inf,2.5,50.0,10
16843.381251915293,5.866510818013833,0.42290334898195386,0.0,0.0,0.1798047600369465,0.0,inf,2.5,50.0,10
17977.12841728359,5.583600401073374,0.3901889065342219,0.0,0.0,0.20186598512010798,0.0,inf,2.5,50.0,10
17239.168497282302,5.7656404634851945,0.4272264514621081,0.0,0.0,0.16750636172637928,0.0,inf,2.5,50.0,10
17755.62219964194,5.63744465242017,0.44775304896827456,0.0,0.0,0.17910548398783832,0.0,inf,2.5,50.0,10
16244.159965161853,6.023831032926454,0.46107496327185665,0.0,0.0,0.18072854999218937,0.0,inf,2.5,50.0,10
18381.066079579363,5.4870966453317,0.39728872892008443,0.0,0.0,0.18409450473923583,0.0,inf,2.5,50.0,10
17159.552055612006,5.785744143199722,0.36771886535457843,0.0,0.0,0.22125523554507298,0.0,inf,2.5,50.0,10
16988.812615925548,5.829173346987941,0.4050165080447809,0.0,0.0,0.18620783147421963,0.0,inf,2.5,50.0,10
16804.333881711584,5.876590590121664,0.4622245403718485,0.0,0.0,0.17112255916272423,0.0,inf,2.5,50.0,10
17198.01295140401,5.776020891982563,0.3725198581594105,0.0,0.0,0.1921661667682675,0.0,inf,2.5,50.0,10
17729.327252786246,5.6438810445175545,0.39676772341172567,0.0,0.0,0.20076444517592562,0.0,inf,2.5,50.0,10
17615.974113320754,5.671736974356364,0.37382739378255786,0.0,0.0,0.21039281956052377,0.0,inf,2.5,50.0,10
18264.628247931483,5.514695237130781,0.42482399678343963,0.0,0.0,0.17954870567915845,0.0,inf,2.5,50.0,10
18086.049805648297,5.557366383941158,0.3402378877257852,0.0,0.0,0.21019418066908793,0.0,inf,2.5,50.0,10
7693.27920517411,9.269688666901306,0.8902452597594416,0.0,0.0,0.0,-0.013189717620112862,inf,2.5,50.0,10
7693.252108836954,9.269703963123005,0.8902590840887887,0.0,0.0,0.0,0.0024473190123536826,inf,2.5,50.0,10
7692.216996500057,9.270288337344766,0.8902691144831103,0.0,0.0,0.0,0.00887017176581126,inf,2.5,50.0,10
7688.933178497121,9.272142742306283,0.8902673990974747,0.0,0.0,0.0,-0.009181018449727879,inf,2.5,50.0,10
7691.324381864809,9.270792327422804,0.890245637727514,0.0,0.0,0.0,0.013475779285643372,inf,2.5,50.0,10
7689.218415832002,9.271981634516669,0.8902651978678271,0.0,0.0,0.0,-0.0020479057657582424,inf,2.5,50.0,10
7695.259673231077,9.26857081372464,0.8902645502771608,0.0,0.0,0.0,-0.016543258541486725,inf,2.5,50.0,10
7695.359849034693,9.26851427825033,0.8902473034344004,0.0,0.0,0.0,0.019232163443066188,inf,2.5,50.0,10
7692.419396461348,9.270174065958576,0.8902738156621679,0.0,0.0,0.0,0.0019197862983198917,inf,2.5,50.0,10
7692.207028918889,9.27029396493991,0.8902492454162028,0.0,0.0,0.0,-0.011630279245557063,inf,2.5,50.0,10
7691.350881437396,9.270777364332247,0.8902538739829008,0.0,0.0,0.0,-0.025986804212699006,inf,2.5,50.0,10
7695.358139384849,9.268515243106542,0.8902355299788061,0.0,0.0,0.0,0.019428111823320895,inf,2.5,50.0,10
7693.272931081757,9.269692208700228,0.8902514082602264,0.0,0.0,0.0,0.027805387664817726,inf,2.5,50.0,10
7693.2382542217065,9.26971178424765,0.8902429536500945,0.0,0.0,0.0,-0.004011651066148951,inf,2.5,50.0,10
7692.230609183723,9.270280651773529,0.8902472483711185,0.0,0.0,0.0,0.015837179713704668,inf,2.5,50.0,10
7690.092288834051,9.271488090650664,0.8902572733947449,0.0,0.0,0.0,0.0329369164909193,inf,2.5,50.0,10
7692.252931404332,9.27026804892312,0.8902418407253712,0.0,0.0,0.0,-0.00664536296224621,inf,2.5,50.0,10
7695.324430251125,9.26853426720206,0.8902508198265693,0.0,0.0,0.0,-0.01405347599261937,inf,2.5,50.0,10
7694.355962000613,9.269080867790157,0.8902404653058602,0.0,0.0,0.0,-0.03481365344901169,inf,2.5,50.0,10
7693.291592071096,9.26968167436076,0.890251879353253,0.0,0.0,0.0,0.00807398551678537,inf,2.5,50.0,10
7691.17396493605,9.270877261925214,0.8902481883056081,0.0,0.0,0.0,-0.0055326331770141485,inf,2.5,50.0,10
7690.236173610103,9.271406833134709,0.8902649063275055,0.0,0.0,0.0,0.04379379752683167,inf,2.5,50.0,10
7693.227383429299,9.269717920972314,0.8902590590335336,0.0,0.0,0.0,0.00853768764065244,inf,2.5,50.0,10
7691.339817099724,9.270783611848877,0.8902672099398985,0.0,0.0,0.0,-0.0017039355911346032,inf,2.5,50.0,10
7691.254737826809,9.270831652455575,0.8902686512782914,0.0,0.0,0.0,0.056963832612243165,inf,2.5,50.0,10
7690.110482088999,9.271477816104419,0.8902327371465337,0.0,0.0,0.0,-0.025160868384569057,inf,2.5,50.0,10
7691.228028580184,9.270846734128153,0.8902529760389652,0.0,0.0,0.0,0.027372537491890447,inf,2.5,50.0,10
7696.415735230077,9.267918420356764,0.8902547001216872,0.0,0.0,0.0,0.03370229435109774,inf,2.5,50.0,10
7690.467863421558,9.271275991781291,0.8902542112412768,0.0,0.0,0.0,0.051395274086355094,inf,2.5,50.0,10
7695.001564490895,9.268716484028568,0.8902448622129279,0.0,0.0,0.0,-0.003766484121397188,inf,2.5,50.0,10
7696.320398058096,9.26797221768994,0.8902402100432808,0.0,0.0,0.0,0.013233262423844316,inf,2.5,50.0,10
7690.22830276931,9.271411278075535,0.8902448194630629,0.0,0.0,0.0,0.0012219770030243854,inf,2.5,50.0,10
7694.264592506573,9.269132440011248,0.8902591687464849,0.0,0.0,0.0,0.04263784134418057,inf,2.5,50.0,10
7687.0623699617745,9.273199560806324,0.8902576153487669,0.0,0.0,0.0,0.032448802999284695,inf,2.5,50.0,10
7693.109159529685,9.26978466068919,0.8902476156166925,0.0,0.0,0.0,0.03994172215828137,inf,2.5,50.0,10
7694.301333849454,9.2691117018053,0.8902667088124329,0.0,0.0,0.0,0.04522102727968577,inf,2.5,50.0,10
7693.295108143417,9.269679689501041,0.8902532050422979,0.0,0.0,0.0,0.04109466020218861,inf,2.5,50.0,10
7694.201512878824,9.269168044774016,0.8902533586657291,0.0,0.0,0.0,0.011250895518354058,inf,2.5,50.0,10
7691.330172093998,9.270789057942132,0.8902585538089697,0.0,0.0,0.0,0.07175451931815963,inf,2.5,50.0,10
7693.338155836196,9.269655388700325,0.8902445255660675,0.0,0.0,0.0,0.04383116512843195,inf,2.5,50.0,10
7695.676424573797,9.268335619702178,0.8902603019057046,0.0,0.0,0.0,0.07503849803348532,inf,2.5,50.0,10
7695.316333607522,9.268538836638372,0.890258707052498,0.0,0.0,0.0,0.05622136138678371,inf,2.5,50.0,10
7695.3022693182365,9.26854677399734,0.8902401178489656,0.0,0.0,0.0,0.09425721428451694,inf,2.5,50.0,10
7692.2223189948545,9.270285332321217,0.8902404595208232,0.0,0.0,0.0,0.04822130162760698,inf,2.5,50.0,10
7690.158836147804,9.271450508518988,0.8902517546062405,0.0,0.0,0.0,0.019481401939874663,inf,2.5,50.0,10
7694.455057176498,9.269024935609279,0.8902590482011398,0.0,0.0,0.0,0.05762751082744409,inf,2.5,50.0,10
7694.354865244109,9.269081486835251,0.8902320464382474,0.0,0.0,0.0,0.06791021584707016,inf,2.5,50.0,10
7689.119352913663,9.27203758657006,0.8902544189313893,0.0,0.0,0.0,0.01902351027669788,inf,2.5,50.0,10
7689.200899985484,9.271991527647206,0.8902552646769398,0.0,0.0,0.0,0.040865336957365474,inf,2.5,50.0,10
7688.169352107224,9.272574196263069,0.8902519466272779,0.0,0.0,0.0,0.036122336564842435,inf,2.5,50.0,10
7691.133739778391,9.270899975765479,0.8902564921690578,0.0,0.0,0.0,0.04987854666277196,inf,2.5,50.0,10
7692.283656715214,9.27025070185141,0.8902497772733112,0.0,0.0,0.0,0.043017979617306704,inf,2.5,50.0,10
7691.250447573426,9.270834074991239,0.8902452604855969,0.0,0.0,0.0,0.05075682347829685,inf,2.5,50.0,10
7691.2618344865405,9.270827645256693,0.8902502270737694,0.0,0.0,0.0,0.07167025002587063,inf,2.5,50.0,10
7694.306172481089,9.269108970705664,0.8902559798332146,0.0,0.0,0.0,0.039747430198211614,inf,2.5,50.0,10
7691.352252383026,9.270776590223669,0.8902534338394753,0.0,0.0,0.0,0.04873291629274856,inf,2.5,50.0,10
7694.342429960807,9.269088505720367,0.8902493003059074,0.0,0.0,0.0,-0.003680731943080072,inf,2.5,50.0,10
7694.342704149933,9.269088350958835,0.8902468284932028,0.0,0.0,0.0,0.050466155706314936,inf,2.5,50.0,10
7695.2575764907015,9.268571997054295,0.8902713343793415,0.0,0.0,0.0,0.06893318049218497,inf,2.5,50.0,10
7690.212464315092,9.27142022262189,0.8902596767197949,0.0,0.0,0.0,0.026586964508103623,inf,2.5,50.0,10
7692.374784277673,9.270199252938614,0.8902808702868766,0.0,0.0,0.0,0.08757481639237791,inf,2.5,50.0,10
7691.235722004484,9.270842389945354,0.8902509134649591,0.0,0.0,0.0,0.06344703179216002,inf,2.5,50.0,10
7693.315527168917,9.269668162764829,0.8902502113932903,0.0,0.0,0.0,0.06656038980039415,inf,2.5,50.0,10
7697.584748633087,9.267258817842517,0.8902373375036189,0.0,0.0,0.0,0.07226011551290196,inf,2.5,50.0,10
7691.197416170707,9.270864019829371,0.8902359470797996,0.0,0.0,0.0,0.05942502679914086,inf,2.5,50.0,10
7692.020451283044,9.270399306124968,0.8902333818827671,0.0,0.0,0.0,0.10018450767163778,inf,2.5,50.0,10
7691.433041402558,9.2707309727042,0.8902540793509984,0.0,0.0,0.0,0.03631958655055288,inf,2.5,50.0,10
7696.052837857454,9.268123201449164,0.8902490733350846,0.0,0.0,0.0,0.03720207705201496,inf,2.5,50.0,10
7690.908324059289,9.271027262900102,0.8902517872381347,0.0,0.0,0.0,0.029357381706111428,inf,2.5,50.0,10
7695.339075176207,9.268526002178074,0.8902599984566874,0.0,0.0,0.0,0.04832045827182005,inf,2.5,50.0,10
7691.21359332914,9.270854885174687,0.890256620629936,0.0,0.0,0.0,0.06098696299703055,inf,2.5,50.0,10
7690.938984855083,9.271009949226187,0.8902526899436304,0.0,0.0,0.0,0.06993993317458375,inf,2.5,50.0,10
7691.091675940711,9.270923727975706,0.8902572109429248,0.0,0.0,0.0,0.05321352715991089,inf,2.5,50.0,10
7694.501282237383,9.268998845095505,0.8902619653109372,0.0,0.0,0.0,0.05554816813591233,inf,2.5,50.0,10
7691.08054708795,9.270930012132812,0.890237315149273,0.0,0.0,0.0,0.058597722920335236,inf,2.5,50.0,10
7694.311607877292,9.269105902772452,0.8902489175675368,0.0,0.0,0.0,0.0584005640936457,inf,2.5,50.0,10
7690.345865389268,9.271344886799673,0.8902406405265729,0.0,0.0,0.0,0.06616567419884324,inf,2.5,50.0,10
7697.004887017952,9.267585985640816,0.8902533247346714,0.0,0.0,0.0,0.10292247020565518,inf,2.5,50.0,10
7696.085353462041,9.268104852669452,0.8902211758107248,0.0,0.0,0.0,0.0841000468605837,inf,2.5,50.0,10
7693.969210174029,9.269299168589377,0.8902377469031445,0.0,0.0,0.0,0.08159200295313555,inf,2.5,50.0,10
7690.16093288818,9.271449324404758,0.8902775765880024,0.0,0.0,0.0,0.1005622488114263,inf,2.5,50.0,10
7691.26373768165,9.27082657059944,0.8902370739323789,0.0,0.0,0.0,0.08597589682256915,inf,2.5,50.0,10
7690.056789406623,9.271508138837927,0.8902638002828567,0.0,0.0,0.0,0.08774485253570986,inf,2.5,50.0,10
7691.275802003193,9.27081975837151,0.8902646188780032,0.0,0.0,0.0,0.07760886267223832,inf,2.5,50.0,10
7693.093950097579,9.269793246787254,0.8902483386703346,0.0,0.0,0.0,0.11694921067985543,inf,2.5,50.0,10
7693.256205545072,9.269701650476504,0.8902715522788756,0.0,0.0,0.0,0.0982921958120726,inf,2.5,50.0,10
7687.018999693553,9.273224063692334,0.8902682858437815,0.0,0.0,0.0,0.04897922860993503,inf,2.5,50.0,10
7691.190093708166,9.27086815456473,0.890227861266612,0.0,0.0,0.0,0.10999317744269772,inf,2.5,50.0,10
7690.939484847018,9.2710096668891,0.8902902490491348,0.0,0.0,0.0,0.11989337005364335,inf,2.5,50.0,10
7694.383300269351,9.269065437209322,0.8902527442297189,0.0,0.0,0.0,0.1070962772715359,inf,2.5,50.0,10
7690.9354365252175,9.271011952909275,0.89026037426564,0.0,0.0,0.0,0.0877623179687018,inf,2.5,50.0,10
7692.25870550475,9.270264788943201,0.8902643641427348,0.0,0.0,0.0,0.09024521730660919,inf,2.5,50.0,10
7692.455428138256,9.270153723435634,0.8902792806806326,0.0,0.0,0.0,0.11212532596392692,inf,2.5,50.0,10
7688.341704166061,9.272476837964001,0.8902445897798514,0.0,0.0,0.0,0.08331824028362601,inf,2.5,50.0,10
7695.384171223045,9.268500551828557,0.8902303784465505,0.0,0.0,0.0,0.08487087211989378,inf,2.5,50.0,10
7698.364945726682,9.266818656242146,0.8902429358201799,0.0,0.0,0.0,0.10890776115298244,inf,2.5,50.0,10
7692.552636247802,9.270098842807172,0.8902715985587363,0.0,0.0,0.0,0.0881873630823923,inf,2.5,50.0,10
7694.63834454283,9.26892148482147,0.8902228659341462,0.0,0.0,0.0,0.11057275850522828,inf,2.5,50.0,10
7690.231947871808,9.271409219557293,0.8902578920645997,0.0,0.0,0.0,0.08111944911807457,inf,2.5,50.0,10
7690.216593280754,9.271417890844283,0.8902560844732376,0.0,0.0,0.0,0.07385358431235357,inf,2.5,50.0,10
7689.165642489637,9.272011441512374,0.8902529861640465,0.0,0.0,0.0,0.11697215916958889,inf,2.5,50.0,10
7689.226964081225,9.271976806385636,0.8902647227336085,0.0,0.0,0.0,0.1279825390138518,inf,2.5,50.0,10
7693.186932468831,9.26974075621977,0.890258887008033,0.0,0.0,0.0,0.07532127907266946,inf,2.5,50.0,10
7691.235931678521,9.270842271550498,0.8902336608876109,0.0,0.0,0.0,0.11485193226424922,inf,2.5,50.0,10
7690.442702537056,9.271290200606256,0.8902620521284497,0.0,0.0,0.0,0.11074542967730469,inf,2.5,50.0,10
7691.148368574701,9.270891715345511,0.8902365201664757,0.0,0.0,0.0,0.08942894323848,inf,2.5,50.0,10
7688.292204964436,9.272504798869166,0.8903045393962359,0.0,0.0,0.0,0.14537883751394204,inf,2.5,50.0,10
7692.931839809035,9.269884763082283,0.8902617360526265,0.0,0.0,0.0,0.13992100744924926,inf,2.5,50.0,10
7693.175174593958,9.269747393760392,0.890212862205254,0.0,0.0,0.0,0.09477560825833978,inf,2.5,50.0,10
7692.227383429299,9.27028247299771,0.8902333638289088,0.0,0.0,0.0,0.1295444513653879,inf,2.5,50.0,10
7694.346623441557,9.26908613877989,0.8902655056042899,0.0,0.0,0.0,0.09904603824078394,inf,2.5,50.0,10
7688.126304414445,9.272598513401409,0.8902610337476724,0.0,0.0,0.0,0.06990672531362913,inf,2.5,50.0,10
7688.989403396719,9.272110984878045,0.8902762141348565,0.0,0.0,0.0,0.10653891233947664,inf,2.5,50.0,10
7688.942081579329,9.272137713575837,0.8902398621457307,0.0,0.0,0.0,0.1204661233102894,inf,2.5,50.0,10
7695.030612409477,9.268700089844845,0.8901755588369114,0.0,0.0,0.0,0.1420711116974087,inf,2.5,50.0,10
7694.051450783052,9.269252747228926,0.8902519964892853,0.0,0.0,0.0,0.08226413899138851,inf,2.5,50.0,10
7691.025547975033,9.27096106875289,0.890252812814365,0.0,0.0,0.0,0.1230151798082125,inf,2.5,50.0,10
7696.45317011016,9.267897296598807,0.8902492992234605,0.0,0.0,0.0,0.10483339707330006,inf,2.5,50.0,10
7693.487621167401,9.269571015263566,0.8902737840802943,0.0,0.0,0.0,0.11576161248588408,inf,2.5,50.0,10
7688.7238109062755,9.272261001140462,0.8902334274963744,0.0,0.0,0.0,0.09268143034080012,inf,2.5,50.0,10
7689.007741810616,9.272100626868628,0.8902639511947934,0.0,0.0,0.0,0.1388445292734956,inf,2.5,50.0,10
7697.063079627748,9.267553151266721,0.890239174698902,0.0,0.0,0.0,0.1226761627253931,inf,2.5,50.0,10
7694.491782390606,9.269004207020117,0.8902879481682854,0.0,0.0,0.0,0.14899699223080862,inf,2.5,50.0,10
7696.011483685747,9.2681465380052,0.8902370926126664,0.0,0.0,0.0,0.1698973210591885,inf,2.5,50.0,10
7694.957726488283,9.268741225617902,0.8902068970386959,0.0,0.0,0.0,0.1568642322348753,inf,2.5,50.0,10
7688.725601199981,9.272259989900357,0.8902318928049292,0.0,0.0,0.0,0.1249892376629469,inf,2.5,50.0,10
7689.174981048693,9.272006166971035,0.8902557368420149,0.0,0.0,0.0,0.14873770017214238,inf,2.5,50.0,10
7695.255802325769,9.26857299833349,0.8902359151719231,0.0,0.0,0.0,0.12888006346028327,inf,2.5,50.0,10
7693.392009806294,9.269624987852593,0.8902657651169237,0.0,0.0,0.0,0.13767147523185627,inf,2.5,50.0,10
7686.001435460718,9.273798996294309,0.8902549043483238,0.0,0.0,0.0,0.16057002814408713,inf,2.5,50.0,10
7694.286479250335,9.269120086291917,0.8902995320349928,0.0,0.0,0.0,0.13497615776755142,inf,2.5,50.0,10
7700.531959161949,9.265596332345607,0.8902521686049759,0.0,0.0,0.0,0.1515066812405353,inf,2.5,50.0,10
7687.198190351769,9.273122827300115,0.8902595831706275,0.0,0.0,0.0,0.131464822145239,inf,2.5,50.0,10
7697.167400525798,9.267494290266258,0.8902606062067587,0.0,0.0,0.0,0.14542654380119518,inf,2.5,50.0,10
7697.076272963339,9.267545707144365,0.8902329935566956,0.0,0.0,0.0,0.1511060591792231,inf,2.5,50.0,10
7693.39739681618,9.269621946869051,0.8902500453714273,0.0,0.0,0.0,0.11612313689613464,inf,2.5,50.0,10
7694.816599732262,9.268820876651233,0.8902291134676983,0.0,0.0,0.0,0.1610711001706248,inf,2.5,50.0,10
7693.159610328866,9.2697561800952,0.8902622251237036,0.0,0.0,0.0,0.12311453919339366,inf,2.5,50.0,10
7682.809906291834,9.275602731789503,0.8902500538982085,0.0,0.0,0.0,0.1490493219129424,inf,2.5,50.0,10
7689.98666150546,9.271547743616157,0.8902544705039522,0.0,0.0,0.0,0.12011871851918396,inf,2.5,50.0,10
7695.349187916324,9.26852029495153,0.8902743101889656,0.0,0.0,0.0,0.1443366729380615,inf,2.5,50.0,10
7695.241512233673,9.268581063190673,0.8902551195809486,0.0,0.0,0.0,0.17466113458779567,inf,2.5,50.0,10
7691.158174868147,9.270886178049631,0.8902781273840916,0.0,0.0,0.0,0.16993039037036314,inf,2.5,50.0,10
7684.030741439654,9.274912671963568,0.8902630329383356,0.0,0.0,0.0,0.18475536321227307,inf,2.5,50.0,10
7691.950226609249,9.270438955431331,0.8902650892156369,0.0,0.0,0.0,0.16048058298187412,inf,2.5,50.0,10
7691.372364961855,9.270765233611339,0.8902816853945676,0.0,0.0,0.0,0.10930996305892467,inf,2.5,50.0,10
7701.498298414542,9.265051370676815,0.8901842669240032,0.0,0.0,0.0,0.1676718535998538,inf,2.5,50.0,10
7683.904840244512,9.27498383076564,0.890248874005965,0.0,0.0,0.0,0.15083645731920345,inf,2.5,50.0,10
7691.861099014532,9.270489277970722,0.8902758015693563,0.0,0.0,0.0,0.13776160550086536,inf,2.5,50.0,10
7688.878001967711,9.272173907810881,0.8902611747967699,0.0,0.0,0.0,0.1723033806187167,inf,2.5,50.0,10
7693.12062708666,9.269778186982787,0.8902773735018965,0.0,0.0,0.0,0.12079291159455498,inf,2.5,50.0,10
7693.876211674005,9.269351662924066,0.8902410157411365,0.0,0.0,0.0,0.15095519084636916,inf,2.5,50.0,10
7692.244947662134,9.270272556441284,0.890286688253063,0.0,0.0,0.0,0.1623454560581733,inf,2.5,50.0,10
7693.602103191884,9.269506391072245,0.8902265816131125,0.0,0.0,0.0,0.14962185946520215,inf,2.5,50.0,10
7689.143804132192,9.272023776129734,0.8902512415076363,0.0,0.0,0.0,0.12760798267641005,inf,2.5,50.0,10
7690.350268544055,9.27134240022064,0.8902636104100341,0.0,0.0,0.0,0.16882653704198752,inf,2.5,50.0,10
7691.922033515589,9.270454873536732,0.890222370963528,0.0,0.0,0.0,0.1536219673104475,inf,2.5,50.0,10
7688.8750665311845,9.2721755658475,0.8902451574889971,0.0,0.0,0.0,0.15385924696683692,inf,2.5,50.0,10
7692.274866534411,9.270255664654876,0.8902652489247104,0.0,0.0,0.0,0.18329330043953573,inf,2.5,50.0,10
7696.242899308076,9.268015949560764,0.8902487955871337,0.0,0.0,0.0,0.1693633631613623,inf,2.5,50.0,10
7691.809632102708,9.270518337089571,0.8902784002448442,0.0,0.0,0.0,0.20301798829963216,inf,2.5,50.0,10
7690.56366832793,9.271221889373283,0.8902370266856005,0.0,0.0,0.0,0.16888084950728316,inf,2.5,50.0,10
7697.91145304108,9.267074496506241,0.8902545773744532,0.0,0.0,0.0,0.13690654195184865,inf,2.5,50.0,10
7691.1655457170045,9.270882015974976,0.8902832996567838,0.0,0.0,0.0,0.12369785123395649,inf,2.5,50.0,10
7696.717359397429,9.2677482227619,0.8902385478525883,0.0,0.0,0.0,0.17697958355917326,inf,2.5,50.0,10
7695.315575555233,9.268539264454368,0.8902571143702337,0.0,0.0,0.0,0.18819008191686648,inf,2.5,50.0,10
7692.193013015919,9.27030187818879,0.8902771930106289,0.0,0.0,0.0,0.16502749763373795,inf,2.5,50.0,10
7691.321430299511,9.270793994039245,0.8902718950898232,0.0,0.0,0.0,0.21479574424857983,inf,2.5,50.0,10
7691.872840760633,9.270482648402687,0.8902217089037779,0.0,0.0,0.0,0.21536706194629185,inf,2.5,50.0,10
7692.194432347866,9.270301076846474,0.8902505700447465,0.0,0.0,0.0,0.14366696514427962,inf,2.5,50.0,10
7693.491024338317,9.269569094186812,0.8902154521952775,0.0,0.0,0.0,0.1899380894403957,inf,2.5,50.0,10
7691.060289350172,9.27094145114358,0.8902233194912123,0.0,0.0,0.0,0.17532248995096802,inf,2.5,50.0,10
7693.249157271657,9.269705629321836,0.8901866031707146,0.0,0.0,0.0,0.18212123027957405,inf,2.5,50.0,10
7688.381348687924,9.272454443859582,0.8902127056681647,0.0,0.0,0.0,0.19094367016579633,inf,2.5,50.0,10
7682.935291366268,9.275531854594494,0.8902700080837529,0.0,0.0,0.0,0.18224874642642364,inf,2.5,50.0,10
7690.134739762262,9.271464116747236,0.8902456273978996,0.0,0.0,0.0,0.18447958806942005,inf,2.5,50.0,10
7691.998774213319,9.270411545100528,0.8902828872969576,0.0,0.0,0.0,0.17818909419829773,inf,2.5,50.0,10
7689.035096208126,9.272085176444905,0.8902177138690001,0.0,0.0,0.0,0.19567272600297853,inf,2.5,50.0,10
7694.332365607006,9.269094186382773,0.8902761292018714,0.0,0.0,0.0,0.20283505227381746,inf,2.5,50.0,10
7697.3953968484375,9.267365650634035,0.8902421416195554,0.0,0.0,0.0,0.18269467592709557,inf,2.5,50.0,10
7694.608006322479,9.268938608105337,0.8902687929233217,0.0,0.0,0.0,0.23136152758678902,inf,2.5,50.0,10
7692.683134142998,9.270025168907557,0.890248326618492,0.0,0.0,0.0,0.1944660724900342,inf,2.5,50.0,10
7697.56755536201,9.267268518224308,0.890272904342695,0.0,0.0,0.0,0.20951295225570798,inf,2.5,50.0,10
7688.57661973194,9.27234414228099,0.8902950506675267,0.0,0.0,0.0,0.20510049531012403,inf,2.5,50.0,10
7691.967936001032,9.27042895655972,0.890244538039533,0.0,0.0,0.0,0.17263905096024024,inf,2.5,50.0,10
7692.5427009241785,9.270104451945278,0.8902404747162402,0.0,0.0,0.0,0.14585305661829912,inf,2.5,50.0,10
7689.0885792164645,9.272054968110146,0.8902693855118273,0.0,0.0,0.0,0.17165355610783722,inf,2.5,50.0,10
7686.490750149191,9.273522519758657,0.8902355284439231,0.0,0.0,0.0,0.2052213031139453,inf,2.5,50.0,10
7697.046015386849,9.26756277950258,0.8902360445701579,0.0,0.0,0.0,0.20226033598703966,inf,2.5,50.0,10
7694.8916630376925,9.268778511222616,0.8902093221210453,0.0,0.0,0.0,0.2353996529924122,inf,2.5,50.0,10
7690.63300591926,9.271182733859,0.890259260003375,0.0,0.0,0.0,0.18748129229504404,inf,2.5,50.0,10
7692.549813712682,9.270100436311578,0.8902448941774723,0.0,0.0,0.0,0.20253512203034646,inf,2.5,50.0,10
7690.755600716117,9.271113504421855,0.8902369755800831,0.0,0.0,0.0,0.2304808817298524,inf,2.5,50.0,10
7690.314801374171,9.27136242951859,0.8902530778770602,0.0,0.0,0.0,0.18912451377120562,inf,2.5,50.0,10
7694.757503911227,9.268854230386438,0.8902927605421516,0.0,0.0,0.0,0.17248540875640406,inf,2.5,50.0,10
7700.650941113853,9.265529229441247,0.8902176221602416,0.0,0.0,0.0,0.2181753080414568,inf,2.5,50.0,10
7695.460234512347,9.268457625182107,0.8902208947097049,0.0,0.0,0.0,0.171281425287096,inf,2.5,50.0,10
7701.679972903663,9.264948923991147,0.8902810102089489,0.0,0.0,0.0,0.21721389149227432,inf,2.5,50.0,10
7696.197222625441,9.268041724721899,0.8901944680895101,0.0,0.0,0.0,0.19308128702408545,inf,2.5,50.0,10
7692.095966194093,9.270356670320245,0.8902691471139951,0.0,0.0,0.0,0.21112929306297623,inf,2.5,50.0,10
7693.260060321608,9.269699474404742,0.8902445930474285,0.0,0.0,0.0,0.0,0.49882449876278023,2.5,50.0,10
7691.236576829406,9.270841907258646,0.8902488648621156,0.0,0.0,0.0,0.0,0.04097627207602882,2.5,50.0,10
7692.266786019581,9.270260226796642,0.8902594732128541,0.0,0.0,0.0,0.0,-0.19172167708727486,2.5,50.0,10
7690.136046192803,9.271463378950637,0.8902563246210883,0.0,0.0,0.0,0.0,0.29603936503158035,2.5,50.0,10
7690.192609796616,9.2714314352106,0.8902499275094505,0.0,0.0,0.0,0.0,0.5129639954246302,2.5,50.0,10
7691.187432460767,9.270869657277894,0.8902378966626963,0.0,0.0,0.0,0.0,1.8193297890222955,2.5,50.0,10
7690.092143675102,9.271488172628523,0.8902624853916682,0.0,0.0,0.0,0.0,0.640392265606106,2.5,50.0,10
7692.273721391591,9.270256311185651,0.890258879559749,0.0,0.0,0.0,0.0,0.6300231765372296,2.5,50.0,10
7691.229238238093,9.270846051080255,0.8902547190956639,0.0,0.0,0.0,0.0,-0.31541199014180255,2.5,50.0,10
7691.224657666812,9.270848637555527,0.8902615723545183,0.0,0.0,0.0,0.0,-1.117826530911062,2.5,50.0,10
7689.13762681247,9.272027265174827,0.8902603402535022,0.0,0.0,0.0,0.0,0.46011143007073907,2.5,50.0,10
7691.164013483653,9.270882881176162,0.8902427242934087,0.0,0.0,0.0,0.0,-1.6238350149953447,2.5,50.0,10
7691.13953000758,9.270896706203768,0.8902478780757637,0.0,0.0,0.0,0.0,-0.4150450443579162,2.5,50.0,10
7691.268027935033,9.270824148067963,0.8902519490629237,0.0,0.0,0.0,0.0,1.56660319519258,2.5,50.0,10
7688.053918485186,9.272639403673491,0.8902534190137319,0.0,0.0,0.0,0.0,0.02531741874820996,2.5,50.0,10
7693.362365123143,9.269641722404918,0.8902630280495953,0.0,0.0,0.0,0.0,-0.2834876691436081,2.5,50.0,10
7692.258850663699,9.27026470698843,0.8902589371121225,0.0,0.0,0.0,0.0,3.334820672885012,2.5,50.0,10
7693.4149771777875,9.269612022716016,0.8902484990268317,0.0,0.0,0.0,0.0,-0.995407536566571,2.5,50.0,10
7690.210351445944,9.271421415836697,0.890257791200045,0.0,0.0,0.0,0.0,-0.33818800265524507,2.5,50.0,10
7692.282898662925,9.27025112983607,0.8902534833175874,0.0,0.0,0.0,0.0,0.8088192786060566,2.5,50.0,10
7693.245931517234,9.269707450304896,0.8902493635151568,0.0,0.0,0.0,0.0,0.663578634289772,2.5,50.0,10
7690.247028273738,9.271400703131565,0.8902515498199111,0.0,0.0,0.0,0.0,3.5151584702849936,2.5,50.0,10
7688.106917630361,9.272609464813538,0.8902477393517187,0.0,0.0,0.0,0.0,0.46089262554451493,2.5,50.0,10
7688.097353268496,9.27261486764184,0.890255855601252,0.0,0.0,0.0,0.0,2.1602514880994748,2.5,50.0,10
7691.280914823955,9.270816871374395,0.8902495653672586,0.0,0.0,0.0,0.0,-2.1970505870937767,2.5,50.0,10
7688.131465621522,9.272595597888692,0.8902473235200823,0.0,0.0,0.0,0.0,1.8107217956079804,2.5,50.0,10
7694.377913259464,9.269068477803215,0.890258522559622,0.0,0.0,0.0,0.0,0.10286321993254233,2.5,50.0,10
7691.092692053354,9.270923154205292,0.8902391283487436,0.0,0.0,0.0,0.0,0.0506358300803571,2.5,50.0,10
7692.287027628587,9.27024879868608,0.8902528053083589,0.0,0.0,0.0,0.0,0.8101690806174606,2.5,50.0,10
7693.305624102837,9.269673753137022,0.8902436048436577,0.0,0.0,0.0,0.0,0.15558818441690625,2.5,50.0,10
7686.038063902195,9.273778299587127,0.8902520002518082,0.0,0.0,0.0,0.0,0.9477835510841226,2.5,50.0,10
7690.204593474299,9.27142466757642,0.8902479960425227,0.0,0.0,0.0,0.0,0.9951750115837483,2.5,50.0,10
7690.241189658232,9.271404000398155,0.8902584019037324,0.0,0.0,0.0,0.0,2.1916682828482905,2.5,50.0,10
7690.235980064837,9.27140694243648,0.8902604637399525,0.0,0.0,0.0,0.0,1.521133722279068,2.5,50.0,10
7690.102820922243,9.271482142705592,0.8902640079624833,0.0,0.0,0.0,0.0,1.4949502599593498,2.5,50.0,10
7689.201561265141,9.271991154149235,0.8902631070595536,0.0,0.0,0.0,0.0,-0.025038382956175997,2.5,50.0,10
7693.365348945985,9.269640038021054,0.8902477056014941,0.0,0.0,0.0,0.0,0.7736792886609657,2.5,50.0,10
7689.159900646764,9.27201468458415,0.8902553151109018,0.0,0.0,0.0,0.0,0.6591706847784136,2.5,50.0,10
7690.211141755778,9.271420969519669,0.8902569062639468,0.0,0.0,0.0,0.0,0.6342547850550203,2.5,50.0,10
7691.226673763326,9.270847499141926,0.8902533516430146,0.0,0.0,0.0,0.0,1.649577236036732,2.5,50.0,10
7695.286914727182,9.26855543957094,0.8902533137772772,0.0,0.0,0.0,0.0,2.259854812784679,2.5,50.0,10
7688.120030322091,9.272602057574193,0.89025249399669,0.0,0.0,0.0,0.0,1.3375143030034786,2.5,50.0,10
7691.242463831229,9.270838583096916,0.890251195772455,0.0,0.0,0.0,0.0,1.9231097206228143,2.5,50.0,10
7691.273753649135,9.270820914992344,0.8902470799102223,0.0,0.0,0.0,0.0,1.9569720330829414,2.5,50.0,10
7692.243931549491,9.27027313012575,0.8902585310677766,0.0,0.0,0.0,0.0,2.828744415076957,2.5,50.0,10
7691.170400477412,9.270879274654458,0.8902533777688543,0.0,0.0,0.0,0.0,2.132423629646224,2.5,50.0,10
7693.105578942275,9.269786682017216,0.8902523726633051,0.0,0.0,0.0,0.0,3.116088985715692,2.5,50.0,10
7690.167206980533,9.27144578117257,0.8902511588898785,0.0,0.0,0.0,0.0,2.394557478578002,2.5,50.0,10
7690.07391816261,9.271498465416617,0.8902485450391999,0.0,0.0,0.0,0.0,2.558622321337147,2.5,50.0,10
7690.1562394154935,9.271451974999367,0.8902554794046817,0.0,0.0,0.0,0.0,0.7969034541702877,2.5,50.0,10
7695.438492927534,9.268469895096267,0.8902599466580582,0.0,0.0,0.0,0.0,2.2348856107150974,2.5,50.0,10
7691.283979290657,9.270815140998494,0.8902501204809069,0.0,0.0,0.0,0.0,0.7355571302099444,2.5,50.0,10
7691.24491540459,9.27083719878922,0.8902573601261655,0.0,0.0,0.0,0.0,3.366618670376278,2.5,50.0,10
7694.415525556039,9.269047248311871,0.8902606824463417,0.0,0.0,0.0,0.0,2.0348097160976177,2.5,50.0,10
7693.402977371333,9.26961879663086,0.8902610243729676,0.0,0.0,0.0,0.0,1.1630466457042579,2.5,50.0,10
7690.20810954662,9.27142268191994,0.8902553493827056,0.0,0.0,0.0,0.0,3.639573538212716,2.5,50.0,10
7688.183738971952,9.272566069321748,0.8902485578867254,0.0,0.0,0.0,0.0,2.4534423960958653,2.5,50.0,10
7689.119691617877,9.272037395264189,0.890249957124601,0.0,0.0,0.0,0.0,1.8806536327691532,2.5,50.0,10
7693.36241350946,9.269641695090579,0.8902616227063962,0.0,0.0,0.0,0.0,3.4303638486093737,2.5,50.0,10
7690.206770858535,9.271423437926657,0.8902554408408647,0.0,0.0,0.0,0.0,1.991918863153669,2.5,50.0,10
7691.168690827567,9.270880240036238,0.890251598542754,0.0,0.0,0.0,0.0,5.2353429246100704,2.5,50.0,10
7692.296850050806,9.270243253103823,0.8902472324744284,0.0,0.0,0.0,0.0,2.720298651093612,2.5,50.0,10
7691.289575974581,9.270811980787444,0.8902583165365152,0.0,0.0,0.0,0.0,3.5097368236526174,2.5,50.0,10
7692.175626199577,9.270311694644144,0.8902559150112392,0.0,0.0,0.0,0.0,3.402753852417723,2.5,50.0,10
7693.246060547411,9.26970737746556,0.8902456032288053,0.0,0.0,0.0,0.0,4.094177131947196,2.5,50.0,10
7691.216883598651,9.27085302728117,0.8902552930273318,0.0,0.0,0.0,0.0,3.8656873696804035,2.5,50.0,10
7690.220286769568,9.271415804997407,0.8902484617687,0.0,0.0,0.0,0.0,2.8348474604184744,2.5,50.0,10
7694.382058353897,9.269066138184371,0.8902474349144579,0.0,0.0,0.0,0.0,3.8316065333944276,2.5,50.0,10
7690.189625973775,9.271433120289391,0.8902488997471977,0.0,0.0,0.0,0.0,3.65605740374953,2.5,50.0,10
7691.260269995645,9.270828528661584,0.8902626995752799,0.0,0.0,0.0,0.0,3.4158485950742525,2.5,50.0,10
7692.373364945726,9.27020005426214,0.8902635806792646,0.0,0.0,0.0,0.0,2.2307105564930088,2.5,50.0,10
7696.4851373364945,9.267879258210396,0.8902626422286183,0.0,0.0,0.0,0.0,3.3734313400574214,2.5,50.0,10
7693.382977693908,9.269630086512414,0.8902564904167332,0.0,0.0,0.0,0.0,2.4072697465874984,2.5,50.0,10
7691.006516023936,9.270971815670212,0.8902614686323478,0.0,0.0,0.0,0.0,3.3865688141753556,2.5,50.0,10
7691.168723085111,9.270880221821486,0.8902480126091956,0.0,0.0,0.0,0.0,4.762237495093784,2.5,50.0,10
7687.087821164175,9.273185181713334,0.8902599514872689,0.0,0.0,0.0,0.0,4.708955819326586,2.5,50.0,10
7688.183351881421,9.272566287983649,0.8902606662588043,0.0,0.0,0.0,0.0,1.876216848716646,2.5,50.0,10
7689.165787648586,9.272011359524639,0.890251999468343,0.0,0.0,0.0,0.0,5.0832011505576915,2.5,50.0,10
7688.224125417332,9.272543255657432,0.8902582823078202,0.0,0.0,0.0,0.0,3.264358298311292,2.5,50.0,10
7687.051079821294,9.273205939379924,0.8902486814697006,0.0,0.0,0.0,0.0,4.0052449804783175,2.5,50.0,10
7692.3397687134075,9.270219021997427,0.8902651733673113,0.0,0.0,0.0,0.0,5.325603728385376,2.5,50.0,10
7694.17938420348,9.269180535186955,0.890247777362416,0.0,0.0,0.0,0.0,6.925492055482253,2.5,50.0,10
7690.202674150417,9.271425751490202,0.8902564935561635,0.0,0.0,0.0,0.0,5.654618767488115,2.5,50.0,10
7691.290963048983,9.270811197565466,0.8902540116613921,0.0,0.0,0.0,0.0,5.733268905726927,2.5,50.0,10
7691.299559684521,9.270806343413792,0.8902542041106148,0.0,0.0,0.0,0.0,4.537835630023357,2.5,50.0,10
7691.931097885518,9.270449755695564,0.8902530522313832,0.0,0.0,0.0,0.0,4.159924942332695,2.5,50.0,10
7692.247447621812,9.270271144995698,0.8902574304876464,0.0,0.0,0.0,0.0,4.949534976717475,2.5,50.0,10
7694.214270737569,9.269160843684922,0.890242487948753,0.0,0.0,0.0,0.0,5.943483052233449,2.5,50.0,10
7691.210367574717,9.270856706639691,0.8902537628325123,0.0,0.0,0.0,0.0,4.351889422087785,2.5,50.0,10
7689.077740681602,9.272061089926995,0.8902567687858962,0.0,0.0,0.0,0.0,4.091491756502041,2.5,50.0,10
7690.242367058596,9.271403335479553,0.8902499364547048,0.0,0.0,0.0,0.0,4.89228496522086,2.5,50.0,10
7691.242947694392,9.270838309878258,0.8902498186752142,0.0,0.0,0.0,0.0,4.958002151342321,2.5,50.0,10
7693.322043192852,9.269664484413108,0.8902512972727568,0.0,0.0,0.0,0.0,5.385768625405281,2.5,50.0,10
7688.197722617377,9.272558170168026,0.8902433511081459,0.0,0.0,0.0,0.0,4.535468520587371,2.5,50.0,10
7691.287059886131,9.270813401516047,0.8902677175167136,0.0,0.0,0.0,0.0,5.276769036744842,2.5,50.0,10
7693.332559152272,9.269658548069872,0.8902472073611547,0.0,0.0,0.0,0.0,4.96013060248475,2.5,50.0,10
7689.229689843713,9.271975266850642,0.8902600604899503,0.0,0.0,0.0,0.0,2.3604040049681676,2.5,50.0,10
7692.260818373898,9.270263596046131,0.8902582946848984,0.0,0.0,0.0,0.0,5.082183692661302,2.5,50.0,10
7688.262173190755,9.27252176318155,0.8902597067412211,0.0,0.0,0.0,0.0,2.345508482620837,2.5,50.0,10
7694.380929339849,9.269066775434515,0.8902449060041456,0.0,0.0,0.0,0.0,5.493366036882481,2.5,50.0,10
7689.195964581217,9.271994315218443,0.8902653656246603,0.0,0.0,0.0,0.0,6.474469499494017,2.5,50.0,10
7694.3060434509125,9.269109043534964,0.8902489443878627,0.0,0.0,0.0,0.0,5.801289049579178,2.5,50.0,10
7691.194448476637,9.270865695580673,0.8902518615681555,0.0,0.0,0.0,0.0,5.185071143532196,2.5,50.0,10
7688.15362655441,9.272583079428207,0.8902532337690151,0.0,0.0,0.0,0.0,6.2161038932790404,2.5,50.0,10
7689.22989951775,9.271975148424897,0.8902513625122324,0.0,0.0,0.0,0.0,5.3243927666909165,2.5,50.0,10
7689.160868373091,9.27201413799885,0.8902544833852599,0.0,0.0,0.0,0.0,3.7275902222842316,2.5,50.0,10
7691.16520701279,9.27088220722996,0.8902535105627242,0.0,0.0,0.0,0.0,6.313372132228551,2.5,50.0,10
7687.982177706811,9.272679929884514,0.8902552663196157,0.0,0.0,0.0,0.0,3.2933430732245133,2.5,50.0,10
7688.053821712553,9.272639458339889,0.8902520336495449,0.0,0.0,0.0,0.0,6.043126801147327,2.5,50.0,10
7691.264850566927,9.270825942198286,0.8902587524322539,0.0,0.0,0.0,0.0,5.263235480242928,2.5,50.0,10
7691.380074514927,9.270760880402939,0.8902605445882558,0.0,0.0,0.0,0.0,6.622739158864125,2.5,50.0,10
7691.296914565894,9.270807836998344,0.8902595596512052,0.0,0.0,0.0,0.0,6.440947075069093,2.5,50.0,10
7691.231060789342,9.270845021954958,0.8902661143126511,0.0,0.0,0.0,0.0,6.7237472772085,2.5,50.0,10
7688.06941823519,9.272630647947812,0.890258625359562,0.0,0.0,0.0,0.0,5.159796371254213,2.5,50.0,10
7692.201819325494,9.270296906226362,0.8902570666728242,0.0,0.0,0.0,0.0,6.524253985318574,2.5,50.0,10
7692.217544878308,9.270288027736182,0.890267266681989,0.0,0.0,0.0,0.0,5.330696792105846,2.5,50.0,10
7690.28659215174,9.271378360117566,0.8902610335937778,0.0,0.0,0.0,0.0,5.879851589742806,2.5,50.0,10
7692.158239383236,9.270321511121688,0.8902510417251746,0.0,0.0,0.0,0.0,5.78963161820096,2.5,50.0,10
7692.2540604183805,9.270267411496686,0.8902488643025815,0.0,0.0,0.0,0.0,5.079326753400003,2.5,50.0,10
7689.199254850728,9.271992456837419,0.8902528239598921,0.0,0.0,0.0,0.0,5.006264714930365,2.5,50.0,10
7687.02637054241,9.273219899376556,0.8902485735614356,0.0,0.0,0.0,0.0,6.826349983373673,2.5,50.0,10
7692.3198174223,9.27023028612139,0.8902503749999013,0.0,0.0,0.0,0.0,6.588815337303237,2.5,50.0,10
7691.209964355414,9.270856934322872,0.8902485703843295,0.0,0.0,0.0,0.0,7.967913922902529,2.5,50.0,10
7691.126175384268,9.270904247146465,0.890258508557305,0.0,0.0,0.0,0.0,5.957660225632576,2.5,50.0,10
7693.371671424655,9.269636468950374,0.8902615929397701,0.0,0.0,0.0,0.0,9.43302704175394,2.5,50.0,10
7693.3651876582635,9.269640129068813,0.8902495926673843,0.0,0.0,0.0,0.0,7.727436529266316,2.5,50.0,10
7691.225770552088,9.270848009151182,0.8902587524375041,0.0,0.0,0.0,0.0,6.3417054764575935,2.5,50.0,10
7693.369977903582,9.26963742495116,0.8902550800461475,0.0,0.0,0.0,0.0,7.441799858112724,2.5,50.0,10
7690.220238383252,9.271415832322905,0.8902632855104202,0.0,0.0,0.0,0.0,8.807139273914657,2.5,50.0,10
7691.298962919953,9.270806680380993,0.8902515769307425,0.0,0.0,0.0,0.0,6.3549074316532606,2.5,50.0,10
7691.111675618135,9.270912434730718,0.8902444172123471,0.0,0.0,0.0,0.0,7.797929618889023,2.5,50.0,10
7692.279640650957,9.270252969259994,0.8902446019508521,0.0,0.0,0.0,0.0,5.068405544153767,2.5,50.0,10
7691.358397445202,9.270773120397507,0.8902534456484199,0.0,0.0,0.0,0.0,6.233104002318255,2.5,50.0,10
7688.18112611087,9.272567545289782,0.8902527793810292,0.0,0.0,0.0,0.0,6.766988133359037,2.5,50.0,10
7691.208915985226,9.270857526299192,0.8902559542356283,0.0,0.0,0.0,0.0,7.270201031631115,2.5,50.0,10
7693.561636102643,9.269529234312044,0.8902454247559819,0.0,0.0,0.0,0.0,6.435053065483269,2.5,50.0,10
7691.213335268786,9.270855030891859,0.8902625755302152,0.0,0.0,0.0,0.0,6.557638840562641,2.5,50.0,10
7692.244254124934,9.270272948003687,0.8902546227263974,0.0,0.0,0.0,0.0,6.371615923295619,2.5,50.0,10
7693.399283882518,9.269620881614841,0.8902586573346299,0.0,0.0,0.0,0.0,7.194734235872816,2.5,50.0,10
7690.282334155901,9.271380764741355,0.8902562472235419,0.0,0.0,0.0,0.0,7.4528789574974645,2.5,50.0,10
7691.134755891034,9.270899401998204,0.8902569506061667,0.0,0.0,0.0,0.0,6.960436395902272,2.5,50.0,10
7690.107014402994,9.271479774460206,0.8902493334897531,0.0,0.0,0.0,0.0,7.26195588590817,2.5,50.0,10
7691.247270205319,9.270835869125666,0.8902665524219736,0.0,0.0,0.0,0.0,8.226327199317822,2.5,50.0,10
7688.139804196707,9.272590887517593,0.8902552024439839,0.0,0.0,0.0,0.0,7.071499380623945,2.5,50.0,10
7693.284059934517,9.269685926333942,0.8902427722429401,0.0,0.0,0.0,0.0,8.473755998383055,2.5,50.0,10
7693.372768181159,9.269635849826166,0.8902573063725028,0.0,0.0,0.0,0.0,8.4320468650174,2.5,50.0,10
7694.288140513862,9.269119148612372,0.8902556633743001,0.0,0.0,0.0,0.0,8.597022025999408,2.5,50.0,10
7694.3699295172655,9.26907298407652,0.8902610516334287,0.0,0.0,0.0,0.0,7.5416180780493836,2.5,50.0,10
7690.265044112191,9.27139052898497,0.8902621950751792,0.0,0.0,0.0,0.0,7.309447383109966,2.5,50.0,10
7690.247189561459,9.271400612046888,0.8902603481858047,0.0,0.0,0.0,0.0,6.387739704013025,2.5,50.0,10
7689.286108288576,9.271943401331754,0.8902695744006448,0.0,0.0,0.0,0.0,7.259192616758289,2.5,50.0,10
7690.261124820568,9.27139274233802,0.8902587415851899,0.0,0.0,0.0,0.0,7.960400455906193,2.5,50.0,10
7695.288011483685,9.268554820600825,0.8902546768046636,0.0,0.0,0.0,0.0,6.6488072210045654,2.5,50.0,10
7691.204045096047,9.270860276713314,0.890253526085521,0.0,0.0,0.0,0.0,5.682238372101873,2.5,50.0,10
7690.30160803858,9.271369880185965,0.8902611071301679,0.0,0.0,0.0,0.0,9.403727004182315,2.5,50.0,10
7692.354332994629,9.270210799296443,0.890252938999904,0.0,0.0,0.0,0.0,5.895982500748214,2.5,50.0,10
7691.19919033564,9.270863018021839,0.8902425136800866,0.0,0.0,0.0,0.0,7.94389578408801,2.5,50.0,10
7688.18006161191,9.272568146610237,0.8902690235334432,0.0,0.0,0.0,0.0,6.644511024623078,2.5,50.0,10
7691.268011806261,9.27082415717522,0.8902494974880231,0.0,0.0,0.0,0.0,8.530875844541423,2.5,50.0,10
7689.19454524927,9.27199511687325,0.8902600575477797,0.0,0.0,0.0,0.0,6.689537578242094,2.5,50.0,10
7691.129610812729,9.270902307265027,0.8902552213603587,0.0,0.0,0.0,0.0,9.23896500533354,2.5,50.0,10
7690.276431025306,9.27138409842654,0.8902620143702582,0.0,0.0,0.0,0.0,9.69217568133127,2.5,50.0,10
7688.170368219868,9.27257362227456,0.8902586785638027,0.0,0.0,0.0,0.0,9.710878950457518,2.5,50.0,10
7688.217190045322,9.27254717333088,0.8902559444012709,0.0,0.0,0.0,0.0,8.6813102163186,2.5,50.0,10
7690.242496088773,9.271403262611766,0.8902573287068838,0.0,0.0,0.0,0.0,9.469078482121073,2.5,50.0,10
7691.137046176675,9.270898108745259,0.8902408496420927,0.0,0.0,0.0,0.0,9.535783836039963,2.5,50.0,10
7691.242044483153,9.270838819886434,0.8902567361050739,0.0,0.0,0.0,0.0,8.291556037155448,2.5,50.0,10
7691.1333204303155,9.270900212558345,0.8902468014204448,0.0,0.0,0.0,0.0,10.561126713735407,2.5,50.0,10
7692.378703569298,9.270197040193736,0.8902597056106435,0.0,0.0,0.0,0.0,6.499959515554098,2.5,50.0,10
7690.051063692521,9.271511372425184,0.8902479372666623,0.0,0.0,0.0,0.0,9.4623432104652,2.5,50.0,10
7691.193271076273,9.270866360416965,0.8902444072632717,0.0,0.0,0.0,0.0,9.473374429433125,2.5,50.0,10
7695.440734826858,9.268468629873546,0.8902556809463622,0.0,0.0,0.0,0.0,9.04474042958593,2.5,50.0,10
7688.183932517218,9.272565959990803,0.8902689082198232,0.0,0.0,0.0,0.0,9.87527009704852,2.5,50.0,10
7689.123385106692,9.272035309119754,0.8902507093205179,0.0,0.0,0.0,0.0,9.14572400468344,2.5,50.0,10
7687.084369606941,9.273187131726958,0.890260162929069,0.0,0.0,0.0,0.0,8.323335782443719,2.5,50.0,10
7692.279866453767,9.270252841775145,0.8902559865328117,0.0,0.0,0.0,0.0,8.773572184825094,2.5,50.0,10
7691.1556265221525,9.270887617017289,0.8902437851567061,0.0,0.0,0.0,0.0,8.402585492274852,2.5,50.0,10
7691.261995774262,9.270827554184034,0.8902458843417562,0.0,0.0,0.0,0.0,8.063544377979094,2.5,50.0,10
7690.217012628828,9.271417654023189,0.8902532314356605,0.0,0.0,0.0,0.0,6.967366293318099,2.5,50.0,10
7692.2545442815435,9.270267138313956,0.8902560148078497,0.0,0.0,0.0,0.0,9.903079001769408,2.5,50.0,10
7693.273963323172,9.26969162598761,0.8902573100382464,0.0,0.0,0.0,0.0,9.292446416094506,2.5,50.0,10
7691.154949113724,9.27088799952776,0.8902538073605032,0.0,0.0,0.0,0.0,9.376455695475446,2.5,50.0,10
7692.270205319269,9.270258296308922,0.8902561061733653,0.0,0.0,0.0,0.0,11.290208894898058,2.5,50.0,10
7689.101320946436,9.272047771342448,0.8902501471031504,0.0,0.0,0.0,0.0,9.343910909127015,2.5,50.0,10
7692.309398235512,9.270236168610028,0.8902627054137977,0.0,0.0,0.0,0.0,8.240192519242578,2.5,50.0,10
7691.282301898356,9.270816088151534,0.8902606741699389,0.0,0.0,0.0,0.0,10.886055745123482,2.5,50.0,10
7695.354478153578,9.268517309355943,0.8902460363798624,0.0,0.0,0.0,0.0,9.476497601074774,2.5,50.0,10
7692.370510153062,9.270201666015591,0.8902632171829978,0.0,0.0,0.0,0.0,11.260494972067423,2.5,50.0,10
7692.268785987323,9.270259097643343,0.8902659275373834,0.0,0.0,0.0,0.0,11.32462006313908,2.5,50.0,10
7691.291237238109,9.270811042742533,0.8902533697318828,0.0,0.0,0.0,0.0,11.389551674117811,2.5,50.0,10
7692.2689472750435,9.270259006582606,0.8902487156135077,0.0,0.0,0.0,0.0,11.545224463040062,2.5,50.0,10
7689.168029547911,9.272010093269765,0.890260116123959,0.0,0.0,0.0,0.0,9.347708492902564,2.5,50.0,10
7693.320301285463,9.26966546773455,0.8902536038152535,0.0,0.0,0.0,0.0,11.675279982089338,2.5,50.0,10
7693.354574926211,9.269646120015603,0.8902482026476615,0.0,0.0,0.0,0.0,11.590307496566107,2.5,50.0,10
7689.127868905341,9.272032776596413,0.8902568394061784,0.0,0.0,0.0,0.0,10.597893446737727,2.5,50.0,10
7693.228480185803,9.269717301836494,0.8902466909900195,0.0,0.0,0.0,0.0,10.098350778406395,2.5,50.0,10
7693.3729133401075,9.269635767883262,0.8902497283813919,0.0,0.0,0.0,0.0,10.598106104547044,2.5,50.0,10
7689.05677327785,9.272072932751934,0.8902578307516004,0.0,0.0,0.0,0.0,9.830089289162673,2.5,50.0,10
7692.289834034935,9.270247214233283,0.8902503330450653,0.0,0.0,0.0,0.0,10.67081609042617,2.5,50.0,10
7692.2543668650505,9.270267238480955,0.8902484522984073,0.0,0.0,0.0,0.0,11.376986522512366,2.5,50.0,10
