mse,psnr,ssim,cvar,jitter_factor,charge_injection_factor,clock_feedthrough_factor,gain_error_factor,f0_mhz,fs_mhz,ch_compression
6610.400525797971,9.92852586575297,0.891018582789821,-0.0026036870185429345,0.0,0.0,0.0,inf,2.5,50.0,10
6224.286237318753,10.189908044522092,0.9009578812882376,-0.0005181642218512611,0.0,0.0,0.0,inf,2.5,50.0,10
9799.556023289946,8.218739607879726,0.761481639672529,-0.015845184572336073,0.0,0.0,0.0,inf,2.5,50.0,10
7339.694182351897,9.474023960041492,0.8724557666657119,-0.004228060373715035,0.0,0.0,0.0,inf,2.5,50.0,10
8398.554345897646,8.888758240478998,0.8310513800306918,-0.008781198524406272,0.0,0.0,0.0,inf,2.5,50.0,10
7865.316156191029,9.173641765494725,0.8475024187853668,-0.008104635075864912,0.0,0.0,0.0,inf,2.5,50.0,10
6191.123191561426,10.213109151358886,0.9016840226065675,-8.714057238963701e-05,0.0,0.0,0.0,inf,2.5,50.0,10
9972.577200367736,8.142729538841344,0.767345696469739,0.015934508712449186,0.0,0.0,0.0,inf,2.5,50.0,10
8207.841663844132,8.988513909244917,0.8119980083347144,-0.013630657112081612,0.0,0.0,0.0,inf,2.5,50.0,10
8813.053595909743,8.679539496091657,0.8033801656604985,-0.0103321370487702,0.0,0.0,0.0,inf,2.5,50.0,10
7646.378429380171,9.29624572844777,0.8705591209558958,0.005708259715628586,0.0,0.0,0.0,inf,2.5,50.0,10
6474.530152739472,10.018721030916534,0.8986524879561862,-0.0010997977745669802,0.0,0.0,0.0,inf,2.5,50.0,10
8451.453460428058,8.86148956585464,0.8377174390645649,0.009311521989157495,0.0,0.0,0.0,inf,2.5,50.0,10
10520.557749068563,7.910415962477385,0.7354461046869437,-0.016063090434987527,0.0,0.0,0.0,inf,2.5,50.0,10
6583.214883630909,9.946423296779951,0.8930088840935742,-0.0019787761257806253,0.0,0.0,0.0,inf,2.5,50.0,10
6707.000693537201,9.86552009619049,0.8911878935573905,0.00312630301162149,0.0,0.0,0.0,inf,2.5,50.0,10
8298.969306946663,8.94056202479893,0.8349330934866772,-0.008777825560836044,0.0,0.0,0.0,inf,2.5,50.0,10
7179.276205222496,9.569996987875621,0.8711021805354252,0.004660421428259805,0.0,0.0,0.0,inf,2.5,50.0,10
6160.735923614136,10.234477674575784,0.9011260116780365,0.0005930523401924378,0.0,0.0,0.0,inf,2.5,50.0,10
8117.712456250706,9.036466970937525,0.8360868782648332,0.007635962131051971,0.0,0.0,0.0,inf,2.5,50.0,10
7603.941162239319,9.320416131444748,0.8469803911326306,0.007764763623115525,0.0,0.0,0.0,inf,2.5,50.0,10
10274.728504378962,8.013100058047531,0.7439028316027324,0.01717070695295161,0.0,0.0,0.0,inf,2.5,50.0,10
9510.411912711086,8.34881033463268,0.7725423621504435,-0.013516246213343401,0.0,0.0,0.0,inf,2.5,50.0,10
7168.510862728021,9.576514131873319,0.8769944601829913,-0.005009284044325308,0.0,0.0,0.0,inf,2.5,50.0,10
7110.855647489557,9.611584984468887,0.8818659411540481,-0.0039202919689805904,0.0,0.0,0.0,inf,2.5,50.0,10
8071.227012467541,9.061407983594153,0.8548699650821079,0.005272606161122847,0.0,0.0,0.0,inf,2.5,50.0,10
7991.881405138627,9.10431330279117,0.8483409752152646,0.005798159436325151,0.0,0.0,0.0,inf,2.5,50.0,10
8628.4735084918,8.771463908163478,0.8179633793002555,0.009028950807742646,0.0,0.0,0.0,inf,2.5,50.0,10
7518.09707907937,9.369724315310489,0.8685204591703535,0.006129248403116025,0.0,0.0,0.0,inf,2.5,50.0,10
7626.830454347511,9.307362688072066,0.8692530795183186,0.0040392292744630826,0.0,0.0,0.0,inf,2.5,50.0,10
7997.888582442219,9.101050111288687,0.8371723878497558,-0.006928727920764173,0.0,0.0,0.0,inf,2.5,50.0,10
7208.442912211093,9.552388974890707,0.8762410892965814,-0.00492038667689081,0.0,0.0,0.0,inf,2.5,50.0,10
9947.821357720037,8.15352383229907,0.7417498366012232,0.01805245674542193,0.0,0.0,0.0,inf,2.5,50.0,10
9517.295317817454,8.345668153655655,0.7718837263944751,0.016045801040191474,0.0,0.0,0.0,inf,2.5,50.0,10
8636.540249350817,8.767405595385876,0.8328434155409953,0.0066449138580254195,0.0,0.0,0.0,inf,2.5,50.0,10
9178.276108449863,8.50319242508996,0.8020475389803663,0.011246001714903243,0.0,0.0,0.0,inf,2.5,50.0,10
8069.445847647618,9.062366493889845,0.8392963641298667,0.009014638669765795,0.0,0.0,0.0,inf,2.5,50.0,10
8864.436525217336,8.654292263191696,0.8211676975964577,0.010712304249586113,0.0,0.0,0.0,inf,2.5,50.0,10
6334.0146449250815,10.114012976951688,0.8994949540061677,-0.0009496026263257064,0.0,0.0,0.0,inf,2.5,50.0,10
7702.510765955388,9.264480468563095,0.8637865707208652,0.004921975032742317,0.0,0.0,0.0,inf,2.5,50.0,10
8026.585135723617,9.085495443745229,0.831777510456543,0.008850317439034507,0.0,0.0,0.0,inf,2.5,50.0,10
6251.656666827955,10.170852417761038,0.8982160402803221,0.0012948369801661919,0.0,0.0,0.0,inf,2.5,50.0,10
9861.266495701682,8.191476653209788,0.7601822909185564,0.01869178095772677,0.0,0.0,0.0,inf,2.5,50.0,10
10369.45233141401,7.973245413858871,0.7631776450394062,0.014286919661371758,0.0,0.0,0.0,inf,2.5,50.0,10
8074.753326559249,9.059510968060032,0.8510913860287599,0.005408030140605148,0.0,0.0,0.0,inf,2.5,50.0,10
11386.435363945742,7.566925756884894,0.6757830481293206,0.02694209944463167,0.0,0.0,0.0,inf,2.5,50.0,10
12204.843696069418,7.265481389638813,0.6475455864766905,0.03305478893079838,0.0,0.0,0.0,inf,2.5,50.0,10
6822.896598441961,9.791115713066553,0.8909877722147357,0.002054020186077088,0.0,0.0,0.0,inf,2.5,50.0,10
9553.39983226077,8.32922406495885,0.737115017826068,0.016198774099773897,0.0,0.0,0.0,inf,2.5,50.0,10
7478.6888598570995,9.392548954687816,0.8612093145189471,-0.006422665322589024,0.0,0.0,0.0,inf,2.5,50.0,10
8731.779600329028,8.719775957603696,0.783396437155712,0.013862041034702741,0.0,0.0,0.0,inf,2.5,50.0,10
7812.088821148046,9.203131884237294,0.8522586191774932,0.005881037949609463,0.0,0.0,0.0,inf,2.5,50.0,10
9045.68331155949,8.56638981796915,0.8067610945356932,0.0102396090797045,0.0,0.0,0.0,inf,2.5,50.0,10
11565.28857599071,7.499238871510872,0.6824297523069175,0.02530175958560394,0.0,0.0,0.0,inf,2.5,50.0,10
6552.30717246496,9.966861118927921,0.8928477649402816,0.0020126597930904943,0.0,0.0,0.0,inf,2.5,50.0,10
6408.99337107466,10.062905384814071,0.8949384777592334,-0.0028082843302455474,0.0,0.0,0.0,inf,2.5,50.0,10
10094.447815357817,8.08997793636,0.7581041186278323,0.018055731788952784,0.0,0.0,0.0,inf,2.5,50.0,10
8982.591603361236,8.596787060870808,0.8084471147663562,0.010242857766226063,0.0,0.0,0.0,inf,2.5,50.0,10
7086.7623586716345,9.626324911158445,0.882979652890336,0.004388682327209056,0.0,0.0,0.0,inf,2.5,50.0,10
6268.13503008016,10.159420172661488,0.901391468397604,-0.0004574696283372766,0.0,0.0,0.0,inf,2.5,50.0,10
10221.479556781342,8.035665964940591,0.7479804936318563,-0.01567176505616725,0.0,0.0,0.0,inf,2.5,50.0,10
10289.19973871389,8.006987628378312,0.7129850059415812,0.01849348383921245,0.0,0.0,0.0,inf,2.5,50.0,10
10779.460524830245,7.804833344283208,0.7380123360833645,0.019332602251495367,0.0,0.0,0.0,inf,2.5,50.0,10
8888.978468089224,8.642285066651999,0.8249553603524421,0.008295946353193069,0.0,0.0,0.0,inf,2.5,50.0,10
8589.054015257818,8.79135026905943,0.806324929766944,0.010923115508919815,0.0,0.0,0.0,inf,2.5,50.0,10
10543.952049160498,7.900769386589802,0.7154582008551037,0.020485880229658616,0.0,0.0,0.0,inf,2.5,50.0,10
10893.104675731036,7.759286839246096,0.6830333675593735,0.024820262745002448,0.0,0.0,0.0,inf,2.5,50.0,10
7111.425218948081,9.611237133454074,0.8759941645122665,0.004178700121380557,0.0,0.0,0.0,inf,2.5,50.0,10
7565.777664876373,9.342267863135241,0.8693400680631379,-0.005394465966373113,0.0,0.0,0.0,inf,2.5,50.0,10
6457.371881098692,10.03024562651877,0.8991641705804422,-0.001446735019941598,0.0,0.0,0.0,inf,2.5,50.0,10
7780.4484766374735,9.220757297759892,0.8309773578714341,0.007516030935809064,0.0,0.0,0.0,inf,2.5,50.0,10
10067.07346655699,8.101771228908843,0.7511429162549894,0.018028686386427753,0.0,0.0,0.0,inf,2.5,50.0,10
10079.071111756262,8.096598515388791,0.7411277962799587,0.020377914726450147,0.0,0.0,0.0,inf,2.5,50.0,10
8862.210415961034,8.655383035715586,0.8144401153001858,0.010132730808205955,0.0,0.0,0.0,inf,2.5,50.0,10
8980.254092675925,8.597917358391513,0.8157904717923551,0.009950630801295178,0.0,0.0,0.0,inf,2.5,50.0,10
7686.225722165772,9.27367226582464,0.8546990607243873,-0.005516215566551573,0.0,0.0,0.0,inf,2.5,50.0,10
10746.298769374687,7.818214501808281,0.7392932985408747,0.01993257051226585,0.0,0.0,0.0,inf,2.5,50.0,10
9291.438750987887,8.449973924894499,0.7863049872541304,0.013007553942742297,0.0,0.0,0.0,inf,2.5,50.0,10
6386.398638731634,10.078243371752842,0.8995381162456252,0.0009465845170994001,0.0,0.0,0.0,inf,2.5,50.0,10
8485.618586796987,8.843968537498368,0.810564074237469,0.011130405861236826,0.0,0.0,0.0,inf,2.5,50.0,10
11364.312656247479,7.575371872940333,0.6559329438932934,0.02875513093475405,0.0,0.0,0.0,inf,2.5,50.0,10
9842.475476201997,8.199760195050505,0.7114479271344384,0.029565912576994115,0.0,0.0,0.0,inf,2.5,50.0,10
10483.508943404138,7.925736908448281,0.7548414595207895,0.0170356647287369,0.0,0.0,0.0,inf,2.5,50.0,10
8202.682295446848,8.991244699930736,0.8458215613431865,0.008506538528858673,0.0,0.0,0.0,inf,2.5,50.0,10
12153.854099127433,7.2836634231096395,0.6216130566424178,0.030650383219790037,0.0,0.0,0.0,inf,2.5,50.0,10
8917.136820373866,8.628549305636582,0.7856992472433125,0.014097521548616262,0.0,0.0,0.0,inf,2.5,50.0,10
9683.242979951936,8.270595312011235,0.7610361661101344,0.015758166534194644,0.0,0.0,0.0,inf,2.5,50.0,10
9332.804890243706,8.430681742183987,0.7949520812707664,0.014097151623683324,0.0,0.0,0.0,inf,2.5,50.0,10
8699.508475669747,8.735856452992557,0.8244451740775508,0.010997370595956537,0.0,0.0,0.0,inf,2.5,50.0,10
9904.686843760584,8.17239611854194,0.7884184441292227,0.012176891880560847,0.0,0.0,0.0,inf,2.5,50.0,10
9730.060950629828,8.249648001022003,0.7406728667412029,0.01711127607467723,0.0,0.0,0.0,inf,2.5,50.0,10
11186.40660634506,7.643897597427815,0.6769410091162176,0.025542006973020552,0.0,0.0,0.0,inf,2.5,50.0,10
9964.178964855406,8.146388416470419,0.7327803328454635,0.017132406433434177,0.0,0.0,0.0,inf,2.5,50.0,10
9276.470540797729,8.456975911381555,0.8054602241670876,0.009193940587563208,0.0,0.0,0.0,inf,2.5,50.0,10
11732.376235867163,7.436943793056409,0.6416612652020259,0.02801648058892592,0.0,0.0,0.0,inf,2.5,50.0,10
7704.667279560007,9.263264720991431,0.8645871508391202,0.00559109925653152,0.0,0.0,0.0,inf,2.5,50.0,10
11006.49668553733,7.71431253726504,0.6829630689419309,0.025326576434421304,0.0,0.0,0.0,inf,2.5,50.0,10
6808.6892146900855,9.800168497804087,0.8895214638880968,0.0026765038077039664,0.0,0.0,0.0,inf,2.5,50.0,10
11844.403461234497,7.3956716833070155,0.6500091026122198,0.031859328252134625,0.0,0.0,0.0,inf,2.5,50.0,10
10513.732972048838,7.913234182633411,0.7279889793405384,0.020890993349223414,0.0,0.0,0.0,inf,2.5,50.0,10
10157.934130094676,8.062749685821789,0.7302883987255541,0.020636139491094,0.0,0.0,0.0,inf,2.5,50.0,10
11741.764665086048,7.433469891082229,0.6506738216177264,0.030231695578173606,0.0,0.0,0.0,inf,2.5,50.0,10
11405.598909695005,7.5596226578864485,0.6731688529140882,0.023348794622789704,0.0,0.0,0.0,inf,2.5,50.0,10
12720.334897824228,7.085818154075248,0.5936446093628811,0.04120499957114856,0.0,0.0,0.0,inf,2.5,50.0,10
11795.907227302785,7.413490126230187,0.6436516075703447,0.02861998243383556,0.0,0.0,0.0,inf,2.5,50.0,10
8193.663957032952,8.996022124051617,0.8383921833936812,0.008018088189529364,0.0,0.0,0.0,inf,2.5,50.0,10
10363.056402316091,7.975924990014044,0.7201887451464163,0.020816883964126606,0.0,0.0,0.0,inf,2.5,50.0,10
11994.24385090563,7.3410748678251005,0.6129924174760466,0.040650974049574656,0.0,0.0,0.0,inf,2.5,50.0,10
12365.888840502572,7.208550226492011,0.6435723020463415,0.030131184583164515,0.0,0.0,0.0,inf,2.5,50.0,10
6976.442928339866,9.694463150862713,0.8741535635964404,0.00440493661497279,0.0,0.0,0.0,inf,2.5,50.0,10
6704.876260060321,9.866895936048085,0.885996620871378,0.004168768595293033,0.0,0.0,0.0,inf,2.5,50.0,10
12579.575087498588,7.134143890965986,0.6119138875762453,0.03558311820994753,0.0,0.0,0.0,inf,2.5,50.0,10
10658.91343688005,7.853674256349951,0.7033752449587358,0.02263946320036667,0.0,0.0,0.0,inf,2.5,50.0,10
11207.719859357107,7.6356309378789575,0.6883061957980268,0.02468582637036766,0.0,0.0,0.0,inf,2.5,50.0,10
12258.704198319381,7.246357951929877,0.6267118882563624,0.03529554998747815,0.0,0.0,0.0,inf,2.5,50.0,10
12038.636828438252,7.325030476507461,0.6448912081922523,0.03173165760667332,0.0,0.0,0.0,inf,2.5,50.0,10
11292.32584958307,7.602969592787817,0.6702914850991711,0.02645216530583485,0.0,0.0,0.0,inf,2.5,50.0,10
10149.618199706456,8.066306552570396,0.7500198552829224,0.016019544005144184,0.0,0.0,0.0,inf,2.5,50.0,10
10750.078014870727,7.816687448669912,0.7110948562867377,0.024505975607490613,0.0,0.0,0.0,inf,2.5,50.0,10
9959.578861631264,8.148393860924552,0.7719333661898611,0.01300802613030885,0.0,0.0,0.0,inf,2.5,50.0,10
13805.593474298801,6.730252800575595,0.5348756854987942,0.04640944915467686,0.0,0.0,0.0,inf,2.5,50.0,10
11594.192271092401,7.488398626956658,0.6588996454044074,0.028957518357258925,0.0,0.0,0.0,inf,2.5,50.0,10
13245.727294721053,6.910045513934141,0.5212299749525394,0.0588526665939657,0.0,0.0,0.0,inf,2.5,50.0,10
13360.931678521314,6.8724361764358575,0.5894661417185028,0.0410088869267249,0.0,0.0,0.0,inf,2.5,50.0,10
11225.8693892034,7.628603758862898,0.6600667614182868,0.029175830885408288,0.0,0.0,0.0,inf,2.5,50.0,10
12455.15690069515,7.177311580458135,0.6333782822393618,0.03348226695337314,0.0,0.0,0.0,inf,2.5,50.0,10
13219.22899630651,6.918742349478024,0.5450934798822226,0.045898582651151036,0.0,0.0,0.0,inf,2.5,50.0,10
12073.512749794358,7.312467157994812,0.6612342158939549,0.029491439433473515,0.0,0.0,0.0,inf,2.5,50.0,10
12857.852518507765,7.0391192083655785,0.5892690940011241,0.04298448081468458,0.0,0.0,0.0,inf,2.5,50.0,10
10201.930033386558,8.04398020129744,0.755386306895183,0.012496654778555067,0.0,0.0,0.0,inf,2.5,50.0,10
10997.151578200352,7.718001497154434,0.6469192703166255,0.031510758712960246,0.0,0.0,0.0,inf,2.5,50.0,10
11580.80026128611,7.493417896412492,0.6569614383129164,0.031220684239005304,0.0,0.0,0.0,inf,2.5,50.0,10
12068.531104337028,7.314259467856145,0.6227293061247279,0.039974419629190544,0.0,0.0,0.0,inf,2.5,50.0,10
11202.683118014225,7.6375830928768185,0.6807084307507777,0.025518578421676208,0.0,0.0,0.0,inf,2.5,50.0,10
12932.775664908631,7.013886166073787,0.6143791380151208,0.03394015561512572,0.0,0.0,0.0,inf,2.5,50.0,10
12343.89187271173,7.2162825203270735,0.6398698775860259,0.029031802751400958,0.0,0.0,0.0,inf,2.5,50.0,10
13084.65145723456,6.963182022692199,0.5944148905206228,0.038599404568821744,0.0,0.0,0.0,inf,2.5,50.0,10
10812.223786713117,7.79165334909588,0.6769539480217069,0.027122362641175592,0.0,0.0,0.0,inf,2.5,50.0,10
12926.922759310333,7.015852070398074,0.5757270826990105,0.041570045254883656,0.0,0.0,0.0,inf,2.5,50.0,10
13707.134675247173,6.761336810443657,0.5309918290409027,0.05091414901497204,0.0,0.0,0.0,inf,2.5,50.0,10
10613.91229173723,7.87204866360291,0.7120983099801129,0.020410240002718467,0.0,0.0,0.0,inf,2.5,50.0,10
9786.480653537847,8.22453818966477,0.7455323022739334,0.022684979960537064,0.0,0.0,0.0,inf,2.5,50.0,10
10754.331010790149,7.814969612405507,0.7311431509838411,0.02380831973964586,0.0,0.0,0.0,inf,2.5,50.0,10
11292.269205335399,7.602991377800244,0.6269685934456117,0.042254734340234024,0.0,0.0,0.0,inf,2.5,50.0,10
12667.21565781197,7.103991964451028,0.6127008196812362,0.034982304297098935,0.0,0.0,0.0,inf,2.5,50.0,10
12513.548410509507,7.15699882782154,0.6174737683467154,0.031022884187410272,0.0,0.0,0.0,inf,2.5,50.0,10
10340.38109062757,7.985438160648415,0.6919861001840886,0.027306009001402794,0.0,0.0,0.0,inf,2.5,50.0,10
11842.853921710941,7.396239884559405,0.6344390024818213,0.03544564052857962,0.0,0.0,0.0,inf,2.5,50.0,10
13246.271414977178,6.909867114087946,0.5646379614113508,0.04282154976781971,0.0,0.0,0.0,inf,2.5,50.0,10
12312.717117465847,7.227264591217569,0.628970869579952,0.03355227561485639,0.0,0.0,0.0,inf,2.5,50.0,10
11665.300349994355,7.461844356836227,0.6510444315230506,0.03506810342781838,0.0,0.0,0.0,inf,2.5,50.0,10
13410.755891034016,6.856271035194313,0.5278261454508717,0.05095370427954293,0.0,0.0,0.0,inf,2.5,50.0,10
13217.199238721956,6.919409241777141,0.587059043157127,0.035119101843889416,0.0,0.0,0.0,inf,2.5,50.0,10
11783.346365381203,7.4181171713697305,0.6203357020618576,0.03581952516515603,0.0,0.0,0.0,inf,2.5,50.0,10
13088.228012451413,6.961995085499163,0.5598006068637666,0.04664941199669872,0.0,0.0,0.0,inf,2.5,50.0,10
11859.189948549218,7.390253356583747,0.6371911610609701,0.031066769167981147,0.0,0.0,0.0,inf,2.5,50.0,10
12760.513233657523,7.0721221860950125,0.5414690351442976,0.05381101889424249,0.0,0.0,0.0,inf,2.5,50.0,10
11509.530491443686,7.520227530621071,0.6463132139737389,0.03180313160304136,0.0,0.0,0.0,inf,2.5,50.0,10
11899.872485927646,7.375380531690514,0.6106877705756316,0.03361621109801132,0.0,0.0,0.0,inf,2.5,50.0,10
12395.893759778068,7.198025154481207,0.6548572411242588,0.029671312508765903,0.0,0.0,0.0,inf,2.5,50.0,10
13564.682795438783,6.806707184504496,0.5391853153548141,0.056855594747075695,0.0,0.0,0.0,inf,2.5,50.0,10
13673.031660779665,6.772155414302155,0.5097276174547603,0.05427278809748942,0.0,0.0,0.0,inf,2.5,50.0,10
11908.574652021742,7.372205773705104,0.6322354876330327,0.037169726638554675,0.0,0.0,0.0,inf,2.5,50.0,10
14128.994935565555,6.629690914087672,0.49479917671138945,0.051649203246140474,0.0,0.0,0.0,inf,2.5,50.0,10
14284.153578168094,6.582258499413703,0.5152058280973816,0.04891772047110462,0.0,0.0,0.0,inf,2.5,50.0,10
13479.893727520524,6.833938925360682,0.5606935723203827,0.041798000400739194,0.0,0.0,0.0,inf,2.5,50.0,10
13950.133288172772,6.685020037212763,0.5574041715511108,0.04330024514584357,0.0,0.0,0.0,inf,2.5,50.0,10
11502.15735230077,7.523010563117769,0.6075483540241682,0.04131616090664841,0.0,0.0,0.0,inf,2.5,50.0,10
11724.673343978324,7.4397960900180395,0.6300943639397316,0.03731032349345777,0.0,0.0,0.0,inf,2.5,50.0,10
12648.874437509072,7.110284794135692,0.5958569871878054,0.03216410095047711,0.0,0.0,0.0,inf,2.5,50.0,10
12922.529104369285,7.017328419006718,0.603262465793226,0.041303579943291084,0.0,0.0,0.0,inf,2.5,50.0,10
13278.852421735133,6.899198165921643,0.5637506894931343,0.04533678485722638,0.0,0.0,0.0,inf,2.5,50.0,10
12449.313156239416,7.179349693304187,0.6050972379973885,0.039156496433077295,0.0,0.0,0.0,inf,2.5,50.0,10
13142.619425493138,6.943984287747829,0.5748397246269052,0.038848710858508904,0.0,0.0,0.0,inf,2.5,50.0,10
12626.170110159514,7.118087246643214,0.5666793691439875,0.045052722729336504,0.0,0.0,0.0,inf,2.5,50.0,10
12324.655392654957,7.223055759742759,0.5967452833668078,0.04516417472016783,0.0,0.0,0.0,inf,2.5,50.0,10
13040.179271302075,6.977967989197022,0.5741528084299113,0.0449948030257373,0.0,0.0,0.0,inf,2.5,50.0,10
13552.5656521669,6.810588410743082,0.5198781187372031,0.05514983788575813,0.0,0.0,0.0,inf,2.5,50.0,10
11215.802245125078,7.63250017574864,0.6541466860500855,0.028456710713512252,0.0,0.0,0.0,inf,2.5,50.0,10
12922.783535749424,7.017242911707226,0.5797302758256495,0.04526212735523255,0.0,0.0,0.0,inf,2.5,50.0,10
13210.25764100579,6.921690730810895,0.5543742182236734,0.046002675226968055,0.0,0.0,0.0,inf,2.5,50.0,10
14283.74998790342,6.582381208470393,0.4573901551948594,0.06798884153635856,0.0,0.0,0.0,inf,2.5,50.0,10
12343.672311736907,7.216359769033424,0.6109590655265372,0.04340531116383264,0.0,0.0,0.0,inf,2.5,50.0,10
12907.946952468508,7.022231889437239,0.5760922849023068,0.044318839725025025,0.0,0.0,0.0,inf,2.5,50.0,10
14449.168497282302,6.532375052931528,0.49745135900245274,0.05786155071830701,0.0,0.0,0.0,inf,2.5,50.0,10
12395.567974710086,7.198139295921381,0.6088489090057587,0.035214539363319454,0.0,0.0,0.0,inf,2.5,50.0,10
12104.056966823116,7.3014940187403665,0.6235268192805585,0.03237762526805418,0.0,0.0,0.0,inf,2.5,50.0,10
13364.52702375768,6.87126767368086,0.539935681367599,0.051543615840016724,0.0,0.0,0.0,inf,2.5,50.0,10
12385.970516604571,7.201503189817938,0.5722169236885807,0.04271516774426792,0.0,0.0,0.0,inf,2.5,50.0,10
14385.617215851356,6.551518608085534,0.4830531427096982,0.06367230946139567,0.0,0.0,0.0,inf,2.5,50.0,10
11748.15857808745,7.431105608173246,0.6395305606322842,0.02958939009060579,0.0,0.0,0.0,inf,2.5,50.0,10
12893.621086756666,7.0270545770018265,0.5339893977352955,0.05515331321068203,0.0,0.0,0.0,inf,2.5,50.0,10
13189.805857970032,6.928419576970444,0.5642240418667068,0.04222582024329974,0.0,0.0,0.0,inf,2.5,50.0,10
13111.055547491169,6.954427035029912,0.5531083446697744,0.043961603737130074,0.0,0.0,0.0,inf,2.5,50.0,10
11945.507233754295,7.358757652463525,0.5832136183683315,0.04088201748124058,0.0,0.0,0.0,inf,2.5,50.0,10
11221.302801567717,7.630370791094672,0.7103776165751533,0.026958452970515048,0.0,0.0,0.0,inf,2.5,50.0,10
12846.398041967064,7.042989864911121,0.5987270059239244,0.03528645772853698,0.0,0.0,0.0,inf,2.5,50.0,10
11169.952097546813,7.650290502246109,0.6800544418959485,0.02614018565288997,0.0,0.0,0.0,inf,2.5,50.0,10
13336.524620570635,6.880376898144899,0.5252588427041658,0.05423388710353001,0.0,0.0,0.0,inf,2.5,50.0,10
13960.860115159432,6.68168185291335,0.4744486407400833,0.06650364343282905,0.0,0.0,0.0,inf,2.5,50.0,10
14273.877969710165,6.585383813031054,0.4701399861583969,0.06095820150971582,0.0,0.0,0.0,inf,2.5,50.0,10
14430.11635296205,6.538105279555909,0.47934715390024796,0.06141267272698999,0.0,0.0,0.0,inf,2.5,50.0,10
12083.899356461992,7.308732613731898,0.5801810037928387,0.049083236426255256,0.0,0.0,0.0,inf,2.5,50.0,10
14731.220609345011,6.4484162747126454,0.4775902137009426,0.0630526777719845,0.0,0.0,0.0,inf,2.5,50.0,10
14875.346268608571,6.406132768340028,0.4383612237260531,0.08349707027206953,0.0,0.0,0.0,inf,2.5,50.0,10
13943.851824970565,6.686976017931935,0.52213353359444,0.06030208071287856,0.0,0.0,0.0,inf,2.5,50.0,10
14302.826551184658,6.576584888379244,0.4815110685071003,0.06259112211876347,0.0,0.0,0.0,inf,2.5,50.0,10
13587.733036563926,6.799333553374293,0.5439905848412874,0.056349736575387846,0.0,0.0,0.0,inf,2.5,50.0,10
13506.37628425348,6.825415159799339,0.4987807782639219,0.06536677238559004,0.0,0.0,0.0,inf,2.5,50.0,10
13394.151626586668,6.861651498710666,0.5413409968652431,0.05150491287771581,0.0,0.0,0.0,inf,2.5,50.0,10
13812.795987161497,6.727987634703138,0.5146248706551081,0.050771193927488814,0.0,0.0,0.0,inf,2.5,50.0,10
14005.177335849421,6.667917485656421,0.5105811199499349,0.05788470754083433,0.0,0.0,0.0,inf,2.5,50.0,10
14924.646521830293,6.391763068578929,0.47013592588700215,0.06609034953763394,0.0,0.0,0.0,inf,2.5,50.0,10
12573.3104466057,7.136307220515953,0.5265322558638885,0.05257604884301272,0.0,0.0,0.0,inf,2.5,50.0,10
13442.574377832616,6.845979127585217,0.5492033520314741,0.052006556795542065,0.0,0.0,0.0,inf,2.5,50.0,10
14861.894856534573,6.41006176391255,0.4748362445983033,0.06508354779601394,0.0,0.0,0.0,inf,2.5,50.0,10
13533.928178577766,6.816564934145729,0.5578376915936931,0.04816758222307242,0.0,0.0,0.0,inf,2.5,50.0,10
13374.662489314689,6.867975294926005,0.5447981415896381,0.050381988906151684,0.0,0.0,0.0,inf,2.5,50.0,10
13603.218302930598,6.794386932436362,0.4855929451054974,0.06082082640143976,0.0,0.0,0.0,inf,2.5,50.0,10
12334.27341494492,7.219667896261933,0.5880409072434416,0.03937570667485443,0.0,0.0,0.0,inf,2.5,50.0,10
13687.351333043016,6.767609458044255,0.520289451153269,0.05638665649450912,0.0,0.0,0.0,inf,2.5,50.0,10
14206.620457734552,6.6058958280794915,0.4785947849352455,0.05834291269311,0.0,0.0,0.0,inf,2.5,50.0,10
13615.680843857357,6.790409980169474,0.5238130630605193,0.05069223937733857,0.0,0.0,0.0,inf,2.5,50.0,10
13956.727391493685,6.682967651047553,0.5103414313433492,0.05346159636185237,0.0,0.0,0.0,inf,2.5,50.0,10
13119.324962500605,6.951688713010695,0.5763079065481522,0.04596208838116547,0.0,0.0,0.0,inf,2.5,50.0,10
14968.243738004227,6.379095144085319,0.4286751406048488,0.0659045650867665,0.0,0.0,0.0,inf,2.5,50.0,10
14506.953226560861,6.515041500726597,0.4761605533557548,0.06844036921481811,0.0,0.0,0.0,inf,2.5,50.0,10
15271.146400864502,6.292087202174262,0.45867641508183116,0.0612114106083358,0.0,0.0,0.0,inf,2.5,50.0,10
14040.499217754552,6.6569781121787965,0.4918893315184517,0.056872593636115486,0.0,0.0,0.0,inf,2.5,50.0,10
14471.756778116482,6.52559105994147,0.42493970370869266,0.069464314564704,0.0,0.0,0.0,inf,2.5,50.0,10
13876.51786261512,6.7079986180804765,0.5071479084217166,0.060203422310986444,0.0,0.0,0.0,inf,2.5,50.0,10
13858.323317365848,6.71369671577987,0.5548267408423972,0.04882382506510963,0.0,0.0,0.0,inf,2.5,50.0,10
13136.908985338947,6.945871698091324,0.5475649447520242,0.04941099901863941,0.0,0.0,0.0,inf,2.5,50.0,10
13661.31562394155,6.775878357021191,0.5460814189923567,0.048895912806623046,0.0,0.0,0.0,inf,2.5,50.0,10
13941.164400574184,6.6878131224041395,0.49292337200295633,0.06535292221958,0.0,0.0,0.0,inf,2.5,50.0,10
14175.716069095659,6.615353548901081,0.4779896720840595,0.06161148223830304,0.0,0.0,0.0,inf,2.5,50.0,10
11829.700053224948,7.4010662781062395,0.5909302513529424,0.04679116564983862,0.0,0.0,0.0,inf,2.5,50.0,10
13188.54697504879,6.928834103161623,0.5347017143143472,0.0536813531648476,0.0,0.0,0.0,inf,2.5,50.0,10
12072.125933452686,7.312966036233789,0.6207287316056505,0.03589708120735114,0.0,0.0,0.0,inf,2.5,50.0,10
13077.39328397929,6.965591761461103,0.5781743635396132,0.04627333297285924,0.0,0.0,0.0,inf,2.5,50.0,10
14354.61115143304,6.560889283735402,0.44128844015666085,0.07404581919616132,0.0,0.0,0.0,inf,2.5,50.0,10
14298.100837083273,6.578020052734651,0.45473416940869305,0.0771914463113408,0.0,0.0,0.0,inf,2.5,50.0,10
14210.632199480653,6.604669617132401,0.450949290770062,0.07259686326573353,0.0,0.0,0.0,inf,2.5,50.0,10
14054.045692811405,6.652789996769853,0.49418773551116857,0.063488836919262,0.0,0.0,0.0,inf,2.5,50.0,10
15231.075127820519,6.303498005653604,0.43656686520335497,0.0793266359164648,0.0,0.0,0.0,inf,2.5,50.0,10
15462.402928985017,6.238033746681458,0.3597712560777713,0.09170737895165001,0.0,0.0,0.0,inf,2.5,50.0,10
15205.524943146078,6.310789429003334,0.406951567580068,0.07748891920179796,0.0,0.0,0.0,inf,2.5,50.0,10
15471.830664021549,6.235386573660236,0.44329653829788135,0.0714819466690655,0.0,0.0,0.0,inf,2.5,50.0,10
13631.228544700893,6.785453615159991,0.4890733931917979,0.06458278750433877,0.0,0.0,0.0,inf,2.5,50.0,10
13785.952371735939,6.736435871252359,0.5328093657605533,0.04847054560337316,0.0,0.0,0.0,inf,2.5,50.0,10
15924.895404912824,6.110037723075157,0.36932147130254994,0.09132791193895745,0.0,0.0,0.0,inf,2.5,50.0,10
13376.117111014339,6.86750298407191,0.5532082000200715,0.05238893575825128,0.0,0.0,0.0,inf,2.5,50.0,10
14366.457041015468,6.557306823127647,0.4509108498541268,0.06937116012308613,0.0,0.0,0.0,inf,2.5,50.0,10
14465.200432251093,6.527559051848021,0.4610947304519874,0.06718762591941686,0.0,0.0,0.0,inf,2.5,50.0,10
15518.888566313446,6.222197461880937,0.41340834542781363,0.0785551489653871,0.0,0.0,0.0,inf,2.5,50.0,10
14281.903614457831,6.582942630807324,0.47919816423757866,0.061994929701615895,0.0,0.0,0.0,inf,2.5,50.0,10
14661.818099708069,6.468925336928696,0.49416346492109275,0.06828633580316235,0.0,0.0,0.0,inf,2.5,50.0,10
14641.770745633135,6.474867582880717,0.46723034804986124,0.06516156978566295,0.0,0.0,0.0,inf,2.5,50.0,10
15183.900211286915,6.316970199621069,0.3948742918775668,0.08674574214710973,0.0,0.0,0.0,inf,2.5,50.0,10
12993.742955758778,6.993460896344763,0.5301857386357335,0.05305583002157014,0.0,0.0,0.0,inf,2.5,50.0,10
13935.606328930178,6.689544915444606,0.503484261067794,0.05578502245240399,0.0,0.0,0.0,inf,2.5,50.0,10
14858.93195271044,6.410927670365122,0.48381335529997554,0.05839748662604821,0.0,0.0,0.0,inf,2.5,50.0,10
13152.182013193336,6.94082550424176,0.5714005469660799,0.044147612040974296,0.0,0.0,0.0,inf,2.5,50.0,10
14834.505266044096,6.41807293788345,0.4881986481406812,0.06055951569739021,0.0,0.0,0.0,inf,2.5,50.0,10
16002.41949323398,6.088947098919547,0.40598237722565306,0.08225587688923625,0.0,0.0,0.0,inf,2.5,50.0,10
14023.386542152546,6.662274557275007,0.5547623545434941,0.0499483729271938,0.0,0.0,0.0,inf,2.5,50.0,10
14124.332155932969,6.631124387374971,0.4681933625859455,0.07379514019166586,0.0,0.0,0.0,inf,2.5,50.0,10
13266.060450637893,6.903383889127404,0.5184006548455088,0.06146259357162508,0.0,0.0,0.0,inf,2.5,50.0,10
13946.933339784842,6.686016356970593,0.5077737229802869,0.05797454145815078,0.0,0.0,0.0,inf,2.5,50.0,10
14266.870244028321,6.5875164947902585,0.451284205763592,0.061742954700719346,0.0,0.0,0.0,inf,2.5,50.0,10
14632.458944210577,6.4776304662451185,0.44065392298058725,0.07643144027841284,0.0,0.0,0.0,inf,2.5,50.0,10
14257.751326591506,6.590293250757975,0.48613669071183013,0.058445461188156286,0.0,0.0,0.0,inf,2.5,50.0,10
14738.798003258013,6.446182940231658,0.44419017362667457,0.06933387629798586,0.0,0.0,0.0,inf,2.5,50.0,10
14585.370977887453,6.49162881020001,0.4541012935431183,0.07501669372015285,0.0,0.0,0.0,inf,2.5,50.0,10
12533.676134255898,7.150018923742899,0.5693193951697063,0.04431735733411345,0.0,0.0,0.0,inf,2.5,50.0,10
14660.209561136111,6.46940182473132,0.4976574741786504,0.06838179557037255,0.0,0.0,0.0,inf,2.5,50.0,10
14271.576151997548,6.586084216485027,0.4128843049321161,0.08171115074428142,0.0,0.0,0.0,inf,2.5,50.0,10
14582.831551104015,6.492385016579839,0.4853657984552918,0.0648825989082142,0.0,0.0,0.0,inf,2.5,50.0,10
14383.431476911663,6.552178521711705,0.520232495179046,0.04796153766107378,0.0,0.0,0.0,inf,2.5,50.0,10
13666.491685617973,6.774233193890845,0.5140616213022697,0.061829646774983184,0.0,0.0,0.0,inf,2.5,50.0,10
14289.179593877518,6.580730661623181,0.46784616985123767,0.07636284263832403,0.0,0.0,0.0,inf,2.5,50.0,10
15245.00845147659,6.299526914037276,0.4694310833085453,0.06594192003292366,0.0,0.0,0.0,inf,2.5,50.0,10
15501.880356768439,6.226959801790009,0.4380022854352706,0.07076448784048442,0.0,0.0,0.0,inf,2.5,50.0,10
14914.642425122176,6.394675151482295,0.4224200471680347,0.08084373331422638,0.0,0.0,0.0,inf,2.5,50.0,10
15056.058240996113,6.353690748103457,0.4514547076938071,0.08529438636502236,0.0,0.0,0.0,inf,2.5,50.0,10
15646.852260447413,6.18653378948125,0.4168005913191635,0.08020847482592319,0.0,0.0,0.0,inf,2.5,50.0,10
15637.194722665763,6.189215166032589,0.4230282539022698,0.08315546526980377,0.0,0.0,0.0,inf,2.5,50.0,10
14931.789164690892,6.3896851176324,0.46812664010401495,0.06150042972353485,0.0,0.0,0.0,inf,2.5,50.0,10
14882.663086079257,6.403997105649171,0.43472173966309724,0.07207527263518876,0.0,0.0,0.0,inf,2.5,50.0,10
13127.40844502508,6.949013628144759,0.5040144348600671,0.05817332108332224,0.0,0.0,0.0,inf,2.5,50.0,10
14781.350897566168,6.433662339438454,0.40239378027658373,0.08143250790449946,0.0,0.0,0.0,inf,2.5,50.0,10
14461.038241318689,6.5288088628500285,0.3669333755733487,0.1005143198283106,0.0,0.0,0.0,inf,2.5,50.0,10
15978.315430396284,6.095493704861594,0.3716104933951001,0.08539525850879807,0.0,0.0,0.0,inf,2.5,50.0,10
15752.324752826567,6.157357041505762,0.4197593275124383,0.07496125344406745,0.0,0.0,0.0,inf,2.5,50.0,10
13654.386832470444,6.778081584978808,0.45672796635242746,0.08139537652000797,0.0,0.0,0.0,inf,2.5,50.0,10
14055.282495443622,6.652407820038253,0.4590525922104837,0.07915968873216891,0.0,0.0,0.0,inf,2.5,50.0,10
14417.447928259222,6.541919693308759,0.4495507158353429,0.07549276679883926,0.0,0.0,0.0,inf,2.5,50.0,10
14615.334284930888,6.4827160778816815,0.4569479116230146,0.08447428425010137,0.0,0.0,0.0,inf,2.5,50.0,10
15431.76210061128,6.246648413583235,0.36838551202200576,0.09829649019292679,0.0,0.0,0.0,inf,2.5,50.0,10
14445.549684682504,6.533462885206931,0.4657558413326286,0.06764059597864369,0.0,0.0,0.0,inf,2.5,50.0,10
15135.75134272028,6.330763765466835,0.3642666465512508,0.0901578513125346,0.0,0.0,0.0,inf,2.5,50.0,10
16173.72893985581,6.042702004976244,0.40861613186385914,0.07734613452283423,0.0,0.0,0.0,inf,2.5,50.0,10
16325.859373235915,6.002043095896422,0.36795498821423106,0.07270207693675934,0.0,0.0,0.0,inf,2.5,50.0,10
15105.301511265947,6.339509623825995,0.45664657336867875,0.06536095205023294,0.0,0.0,0.0,inf,2.5,50.0,10
15222.309640167094,6.305998090982841,0.4003494061466227,0.0762001683199451,0.0,0.0,0.0,inf,2.5,50.0,10
14842.151578200352,6.415834982801593,0.44429130438069786,0.07251005507543855,0.0,0.0,0.0,inf,2.5,50.0,10
15337.926936662312,6.273136962229246,0.411226474178422,0.07973667412255363,0.0,0.0,0.0,inf,2.5,50.0,10
14747.892598506476,6.443503946708687,0.4553471944668238,0.06730273528674235,0.0,0.0,0.0,inf,2.5,50.0,10
15099.472831083369,6.341185758626939,0.3910803196143068,0.08438240196131162,0.0,0.0,0.0,inf,2.5,50.0,10
13889.294914598151,6.7040016138455005,0.49295463616926954,0.06644712273265041,0.0,0.0,0.0,inf,2.5,50.0,10
14866.785422815761,6.4086328770945,0.4354070437269058,0.0767169700763984,0.0,0.0,0.0,inf,2.5,50.0,10
14568.809132110773,6.496563072784332,0.42423027918020745,0.0888148913266614,0.0,0.0,0.0,inf,2.5,50.0,10
14985.294156545862,6.374150884403794,0.46535485670064675,0.0681405613160876,0.0,0.0,0.0,inf,2.5,50.0,10
14540.38954210416,6.505043192884853,0.45037716486086377,0.07108638173788008,0.0,0.0,0.0,inf,2.5,50.0,10
16266.477314882019,6.017868490098932,0.3740110753117852,0.09082017111108125,0.0,0.0,0.0,inf,2.5,50.0,10
15774.688230834987,6.151195762142422,0.43989515952657104,0.07427414260559852,0.0,0.0,0.0,inf,2.5,50.0,10
14769.702311253044,6.43708618831723,0.41338112140676087,0.09153213547725263,0.0,0.0,0.0,inf,2.5,50.0,10
14284.071498846793,6.582283454829184,0.4545796242096604,0.06207977909327003,0.0,0.0,0.0,inf,2.5,50.0,10
14568.704504766052,6.496594262184386,0.400144635389101,0.08268339703388844,0.0,0.0,0.0,inf,2.5,50.0,10
15258.599441944485,6.295656884908255,0.37810298536888837,0.08557276189413877,0.0,0.0,0.0,inf,2.5,50.0,10
14846.91845292818,6.414440377038706,0.4079424753273152,0.08633824858991396,0.0,0.0,0.0,inf,2.5,50.0,10
15250.719681940614,6.29790022331289,0.39485623522021357,0.08832199357341851,0.0,0.0,0.0,inf,2.5,50.0,10
14262.617570684344,6.588811234178712,0.43793456628268373,0.0827564262641186,0.0,0.0,0.0,inf,2.5,50.0,10
15628.077837454235,6.191747952557396,0.3803823333172707,0.07755231875747512,0.0,0.0,0.0,inf,2.5,50.0,10
13797.929807583749,6.732664295816272,0.4457951601562823,0.08145433039541104,0.0,0.0,0.0,inf,2.5,50.0,10
15835.713956226513,6.134427124678629,0.35887837660290617,0.09963773444958915,0.0,0.0,0.0,inf,2.5,50.0,10
15445.110546604086,6.242893398064632,0.3861352458028512,0.09321091415083393,0.0,0.0,0.0,inf,2.5,50.0,10
15391.351268527927,6.258036109062431,0.43668998594561353,0.08018686585920913,0.0,0.0,0.0,inf,2.5,50.0,10
14340.271608522444,6.565229838063208,0.45615506631681646,0.07965390184986136,0.0,0.0,0.0,inf,2.5,50.0,10
15802.348333091402,6.143587300957693,0.3531055906884935,0.10056480177891162,0.0,0.0,0.0,inf,2.5,50.0,10
15053.822260931276,6.354335768136351,0.40468770620249844,0.09287092987904635,0.0,0.0,0.0,inf,2.5,50.0,10
15493.09257915195,6.229422448514811,0.41198655881879953,0.07970834042541955,0.0,0.0,0.0,inf,2.5,50.0,10
15934.896437154239,6.107311155820748,0.37828862752028786,0.0925205049428004,0.0,0.0,0.0,inf,2.5,50.0,10
14936.373187529234,6.388352048784195,0.3974415651160875,0.08856069033174772,0.0,0.0,0.0,inf,2.5,50.0,10
15646.689440492895,6.186578982069847,0.3931041053226353,0.09052130216489503,0.0,0.0,0.0,inf,2.5,50.0,10
15673.904678956791,6.179031595951851,0.3621560251738089,0.09564886951954733,0.0,0.0,0.0,inf,2.5,50.0,10
15635.5692972694,6.189666621670199,0.3625292545227317,0.09838906286130134,0.0,0.0,0.0,inf,2.5,50.0,10
15090.806470863374,6.3436791125223895,0.414500453750508,0.07170262119517559,0.0,0.0,0.0,inf,2.5,50.0,10
16120.554991048532,6.057003714508975,0.36043132509375897,0.10008806918064593,0.0,0.0,0.0,inf,2.5,50.0,10
14418.175787487298,6.541700446969898,0.40912327306910323,0.08219843191039054,0.0,0.0,0.0,inf,2.5,50.0,10
16206.997532297866,6.033777948738928,0.41044317220738114,0.07628486648973061,0.0,0.0,0.0,inf,2.5,50.0,10
14772.509991774326,6.43626068469651,0.4236483996157999,0.08299849979163065,0.0,0.0,0.0,inf,2.5,50.0,10
14425.201561265141,6.539584706634589,0.43114658761689134,0.08823802688750852,0.0,0.0,0.0,inf,2.5,50.0,10
15854.006612796567,6.129413258637869,0.4139613739395634,0.08630195183003254,0.0,0.0,0.0,inf,2.5,50.0,10
15562.971823035112,6.209878297110276,0.4045911277468683,0.08693957211516509,0.0,0.0,0.0,inf,2.5,50.0,10
14384.853470105321,6.5517491851704746,0.444861544502076,0.0812096173017513,0.0,0.0,0.0,inf,2.5,50.0,10
15630.990596925856,6.190938590389773,0.37196388854415907,0.09147238039825088,0.0,0.0,0.0,inf,2.5,50.0,10
15144.62568345672,6.328218171454331,0.3987982647936831,0.09332586161971644,0.0,0.0,0.0,inf,2.5,50.0,10
15937.345236367155,6.106643803961129,0.384238221122286,0.08608130325848097,0.0,0.0,0.0,inf,2.5,50.0,10
14962.240996112965,6.380837152434183,0.4702908644051659,0.07596850974748724,0.0,0.0,0.0,inf,2.5,50.0,10
14940.98979048725,6.387009918819622,0.39120696939692107,0.0833536578145892,0.0,0.0,0.0,inf,2.5,50.0,10
14171.203496717795,6.616736263728277,0.4315225808129267,0.08324667353828104,0.0,0.0,0.0,inf,2.5,50.0,10
16321.784890566281,6.003127110004712,0.3469471871283574,0.09357054544881452,0.0,0.0,0.0,inf,2.5,50.0,10
15758.675602006419,6.155606453609157,0.39973478058069045,0.08416182766825485,0.0,0.0,0.0,inf,2.5,50.0,10
14475.947097627457,6.52433373558749,0.4593654246826039,0.07703493851183081,0.0,0.0,0.0,inf,2.5,50.0,10
15095.708649860486,6.342268555988818,0.4245104603244712,0.08914073793436535,0.0,0.0,0.0,inf,2.5,50.0,10
15787.579329365655,6.147648150578599,0.4161534522227951,0.08187212417271422,0.0,0.0,0.0,inf,2.5,50.0,10
15543.58629699521,6.21529132162128,0.37668736417593524,0.09337846468786457,0.0,0.0,0.0,inf,2.5,50.0,10
16279.742568668247,6.014328277527376,0.36173642291579583,0.09930732928152161,0.0,0.0,0.0,inf,2.5,50.0,10
15102.827454395896,6.340221001382812,0.31226976959019986,0.11105063782660038,0.0,0.0,0.0,inf,2.5,50.0,10
15650.089143723488,6.185635452143922,0.36588013755440335,0.10551991265786675,0.0,0.0,0.0,inf,2.5,50.0,10
16249.090950145965,6.02251291330157,0.34175922005183135,0.11370545438732617,0.0,0.0,0.0,inf,2.5,50.0,10
16095.513991709811,6.063755109305228,0.3383733876576328,0.10771530454738708,0.0,0.0,0.0,inf,2.5,50.0,10
15398.060644183159,6.256143351332296,0.32307102422360456,0.10106717165666958,0.0,0.0,0.0,inf,2.5,50.0,10
14963.75371364978,6.38039809275657,0.3950662506868905,0.09191782804998958,0.0,0.0,0.0,inf,2.5,50.0,10
15694.082708343414,6.173444238421503,0.3635675494125634,0.09671604863504071,0.0,0.0,0.0,inf,2.5,50.0,10
15380.092272705278,6.261214198494084,0.36994639550368236,0.09602328065657367,0.0,0.0,0.0,inf,2.5,50.0,10
15575.39213883647,6.20641371245278,0.3646583126912918,0.10217559285744827,0.0,0.0,0.0,inf,2.5,50.0,10
16477.607909549846,5.961861964125601,0.3365103605349345,0.10178016809450585,0.0,0.0,0.0,inf,2.5,50.0,10
15400.194416219094,6.25554157345851,0.353171518173441,0.11282489452636257,0.0,0.0,0.0,inf,2.5,50.0,10
15809.058111965936,6.1417436500028835,0.3729792243821295,0.08709096413822566,0.0,0.0,0.0,inf,2.5,50.0,10
15939.293785584103,6.106112854526272,0.37685498860592964,0.10156784569054064,0.0,0.0,0.0,inf,2.5,50.0,10
16685.612780439023,5.907382000852824,0.28431180135003603,0.11952565785054675,0.0,0.0,0.0,inf,2.5,50.0,10
15653.728359220013,6.18462567676073,0.35955992033491124,0.10442407369491696,0.0,0.0,0.0,inf,2.5,50.0,10
15408.814632022064,6.253111302333672,0.34244689487183927,0.10192325510750577,0.0,0.0,0.0,inf,2.5,50.0,10
16044.048370187578,6.0776639822933785,0.31611291086135507,0.11195512914345318,0.0,0.0,0.0,inf,2.5,50.0,10
16180.19965807003,6.040964845148279,0.3920464391831274,0.07999848600749483,0.0,0.0,0.0,inf,2.5,50.0,10
16279.78853566878,6.014316014933904,0.3017110359618854,0.12149661132330758,0.0,0.0,0.0,inf,2.5,50.0,10
15314.278318091643,6.279838252725179,0.3912249778094942,0.08876007039049799,0.0,0.0,0.0,inf,2.5,50.0,10
15134.466556991016,6.33113242839145,0.362128808309054,0.11141692852615773,0.0,0.0,0.0,inf,2.5,50.0,10
14688.450008870825,6.4610439136153355,0.375452137818189,0.08719950211640068,0.0,0.0,0.0,inf,2.5,50.0,10
15850.45233141401,6.130387004823389,0.3173853741748832,0.10646189049576224,0.0,0.0,0.0,inf,2.5,50.0,10
15106.176722956081,6.3392579978680175,0.33802071672088285,0.11374502648672481,0.0,0.0,0.0,inf,2.5,50.0,10
15700.324510894985,6.171717319087071,0.33212470778162245,0.10583559992045961,0.0,0.0,0.0,inf,2.5,50.0,10
15647.427557620038,6.186374112767802,0.37267689369727414,0.10574748287749984,0.0,0.0,0.0,inf,2.5,50.0,10
14582.144368639216,6.492589672708067,0.4384267903097138,0.07976428381539037,0.0,0.0,0.0,inf,2.5,50.0,10
16120.149868550507,6.05711285757279,0.3937369339463816,0.08260280162197266,0.0,0.0,0.0,inf,2.5,50.0,10
15475.207448266963,6.234438813318931,0.3622782404098437,0.098318885063127,0.0,0.0,0.0,inf,2.5,50.0,10
16423.864244125096,5.976050142685887,0.33917893752938477,0.10217268705014919,0.0,0.0,0.0,inf,2.5,50.0,10
15783.545217012628,6.1487580209231005,0.43154145328898297,0.08321842550884795,0.0,0.0,0.0,inf,2.5,50.0,10
16371.75463298979,5.98985133710773,0.29309987520870107,0.11171364896505184,0.0,0.0,0.0,inf,2.5,50.0,10
16336.61242560604,5.999183550234697,0.37220085699585614,0.08865115745575733,0.0,0.0,0.0,inf,2.5,50.0,10
15233.272237544556,6.302871573306642,0.36637658300247666,0.09762091043504653,0.0,0.0,0.0,inf,2.5,50.0,10
14446.049886292156,6.533312505994871,0.3816809394988698,0.09450031248905091,0.0,0.0,0.0,inf,2.5,50.0,10
15526.831051112078,6.219975334361648,0.3681362153245227,0.09877783225292926,0.0,0.0,0.0,inf,2.5,50.0,10
14353.567539233238,6.56120503697402,0.4072055961222637,0.0938125036499602,0.0,0.0,0.0,inf,2.5,50.0,10
15866.611780455154,6.125961651876692,0.3617274078769251,0.10650633368959664,0.0,0.0,0.0,inf,2.5,50.0,10
15517.978726149579,6.222452087168323,0.3748162734291342,0.09707163810214624,0.0,0.0,0.0,inf,2.5,50.0,10
15690.285430880147,6.174495167119053,0.39250550557493585,0.08051596934851249,0.0,0.0,0.0,inf,2.5,50.0,10
13920.436751020145,6.694274994739403,0.4464423911791738,0.08661306903152982,0.0,0.0,0.0,inf,2.5,50.0,10
6445.788729214045,10.038042941377935,0.8979204688165587,0.0,0.010296881140351138,0.0,0.0,inf,2.5,50.0,10
6176.955758778085,10.223058700672665,0.9015453240350038,0.0,0.005209475857812075,0.0,0.0,inf,2.5,50.0,10
6775.805922485121,9.821194027425536,0.8848610967603454,0.0,-0.03932158574134952,0.0,0.0,inf,2.5,50.0,10
6467.725181851905,10.02328802716553,0.8967814790826885,0.0,-0.016154312970416848,0.0,0.0,inf,2.5,50.0,10
6556.030015644909,9.964394276230312,0.8975083745764004,0.0,-0.02005540306737354,0.0,0.0,inf,2.5,50.0,10
6194.7672779471295,10.210553652166558,0.900878549856355,0.0,-0.005905256699102497,0.0,0.0,inf,2.5,50.0,10
6239.865518298092,10.179051310076693,0.9011928790524668,0.0,0.005641659638249939,0.0,0.0,inf,2.5,50.0,10
6296.894211383687,10.139539637065873,0.9019012108554443,0.0,-0.00604078471360953,0.0,0.0,inf,2.5,50.0,10
6358.894259770003,10.09698757582711,0.8987317393846228,0.0,-0.011302250111981136,0.0,0.0,inf,2.5,50.0,10
7010.136336510702,9.673538964506808,0.893485892095044,0.0,0.030838358061431183,0.0,0.0,inf,2.5,50.0,10
6236.733165594103,10.181231974146707,0.9001808644804947,0.0,-0.00498601154149577,0.0,0.0,inf,2.5,50.0,10
6197.3609296624245,10.208735709960814,0.9020338052705557,0.0,0.005451770986944897,0.0,0.0,inf,2.5,50.0,10
6237.941404170901,10.180390699538007,0.9010906240894464,0.0,0.005493373453851445,0.0,0.0,inf,2.5,50.0,10
6518.847583103498,9.989095339297222,0.8960055814541151,0.0,-0.016044355934561327,0.0,0.0,inf,2.5,50.0,10
6508.545975064918,9.995963839029637,0.8996782028918623,0.0,0.018134824061583656,0.0,0.0,inf,2.5,50.0,10
6769.1336268769855,9.825472734448287,0.8913716565525105,0.0,-0.02990130748637795,0.0,0.0,inf,2.5,50.0,10
6432.0128868889215,10.047334549939427,0.8999477382751314,0.0,-0.017025626631176422,0.0,0.0,inf,2.5,50.0,10
6988.593958161965,9.686905524519434,0.8854926156007218,0.0,-0.04606128833005444,0.0,0.0,inf,2.5,50.0,10
6198.765326365704,10.207751657800248,0.9021406311723654,0.0,-0.006340975529422163,0.0,0.0,inf,2.5,50.0,10
6195.436654247512,10.21008440010994,0.9020436907165884,0.0,0.004496862513395383,0.0,0.0,inf,2.5,50.0,10
7338.566700537088,9.47469114961591,0.8805579039402565,0.0,-0.05276866210057846,0.0,0.0,inf,2.5,50.0,10
6189.195416202964,10.214461656466096,0.9016214108686166,0.0,0.0048029103974268905,0.0,0.0,inf,2.5,50.0,10
6256.815567490847,10.167270074249144,0.9011995853765605,0.0,-0.008879790611088777,0.0,0.0,inf,2.5,50.0,10
6314.482911565942,10.127425685811847,0.9005966101926068,0.0,-0.0075829909324145635,0.0,0.0,inf,2.5,50.0,10
6322.386671182723,10.121993075127726,0.9011550782525143,0.0,0.008788474104981764,0.0,0.0,inf,2.5,50.0,10
6543.419428718892,9.972756016974678,0.8937799853222702,0.0,0.026320821579700903,0.0,0.0,inf,2.5,50.0,10
6369.644328317285,10.089651782282708,0.8979477525747593,0.0,-0.02297205368609652,0.0,0.0,inf,2.5,50.0,10
6221.0677247141175,10.192154316182272,0.9013134155896592,0.0,-0.005790671048978453,0.0,0.0,inf,2.5,50.0,10
6266.70174674602,10.160413352001303,0.9013399072484046,0.0,0.004747863718918018,0.0,0.0,inf,2.5,50.0,10
6327.72292382381,10.118329067008077,0.9002985946785217,0.0,-0.010205785967448042,0.0,0.0,inf,2.5,50.0,10
6123.037015532008,10.261134759883257,0.9025955423578855,0.0,0.008509059726485368,0.0,0.0,inf,2.5,50.0,10
6259.451718520669,10.165440669624775,0.9016945043542114,0.0,-0.004434855252002061,0.0,0.0,inf,2.5,50.0,10
6222.871050466928,10.190895591845626,0.9007945843938225,0.0,-0.007361012094145664,0.0,0.0,inf,2.5,50.0,10
6434.654150739504,10.04555151424212,0.8957390198385439,0.0,-0.023909399698072823,0.0,0.0,inf,2.5,50.0,10
6608.370994016225,9.92985944574452,0.8956824211604723,0.0,0.016778945701246068,0.0,0.0,inf,2.5,50.0,10
6318.545491201755,10.124632442699117,0.900214066096286,0.0,-0.021230484152607993,0.0,0.0,inf,2.5,50.0,10
6233.890792083998,10.183211710135076,0.9013989965775294,0.0,-0.015876019050903484,0.0,0.0,inf,2.5,50.0,10
6809.257141013854,9.799806259237066,0.8933685155962626,0.0,-0.030111052588561723,0.0,0.0,inf,2.5,50.0,10
6266.682279318075,10.160426843324181,0.9006558878481966,0.0,0.008193764496613295,0.0,0.0,inf,2.5,50.0,10
6220.303011241755,10.192688197615034,0.899464726934825,0.0,-0.011638034320703951,0.0,0.0,inf,2.5,50.0,10
6212.850663698972,10.19789446126667,0.9018949092014996,0.0,0.011429946312292027,0.0,0.0,inf,2.5,50.0,10
6423.390122739956,10.053160613031263,0.8996754636456721,0.0,0.015676169195412946,0.0,0.0,inf,2.5,50.0,10
7658.411928839858,9.289416384996565,0.8522508572362572,0.0,0.06530927060429138,0.0,0.0,inf,2.5,50.0,10
6977.346542797697,9.693900673158483,0.8863505128854612,0.0,0.036418591999544184,0.0,0.0,inf,2.5,50.0,10
6603.140755794261,9.933298058615657,0.8898128009586767,0.0,0.03651978398624396,0.0,0.0,inf,2.5,50.0,10
6487.796229093079,10.00983159919157,0.8963464418898998,0.0,0.025275526124849856,0.0,0.0,inf,2.5,50.0,10
6203.794745246045,10.204229402759307,0.9023436698852112,0.0,0.013002767328891909,0.0,0.0,inf,2.5,50.0,10
6700.7511169174695,9.86956873443367,0.8949242679384666,0.0,0.023268606148295592,0.0,0.0,inf,2.5,50.0,10
6048.381042241254,10.314412173744369,0.903024928060261,0.0,0.014718864945402376,0.0,0.0,inf,2.5,50.0,10
7125.217657779714,9.602822253622584,0.8864774955284765,0.0,0.03901180184191328,0.0,0.0,inf,2.5,50.0,10
6354.703295108144,10.09985082973234,0.8992957244877406,0.0,0.014871781378620325,0.0,0.0,inf,2.5,50.0,10
7391.252512056257,9.443623212575709,0.8644313470513043,0.0,0.07198462896249573,0.0,0.0,inf,2.5,50.0,10
6511.841309011145,9.993765524420082,0.8892577233778302,0.0,0.036700867613120254,0.0,0.0,inf,2.5,50.0,10
6582.578651957227,9.946843038901168,0.8979386595182304,0.0,0.01880208376863413,0.0,0.0,inf,2.5,50.0,10
6779.167077950356,9.819040232945472,0.8965540752373424,0.0,0.022692174800453643,0.0,0.0,inf,2.5,50.0,10
7443.541055789423,9.41300772750213,0.8797764196367781,0.0,0.039872955897702164,0.0,0.0,inf,2.5,50.0,10
7802.423412525604,9.208508464822552,0.871182776619093,0.0,0.04889228507957643,0.0,0.0,inf,2.5,50.0,10
6279.947646005709,10.151243376953005,0.901325920465077,0.0,0.01452396886729827,0.0,0.0,inf,2.5,50.0,10
6189.216931984968,10.214446558915402,0.9018901713003784,0.0,-0.0004261996506835092,0.0,0.0,inf,2.5,50.0,10
6871.933613973968,9.7600140550806,0.8819779024093158,0.0,0.04743812771319918,0.0,0.0,inf,2.5,50.0,10
6547.730536604248,9.969895625888883,0.8990789200620313,0.0,0.024442799075657887,0.0,0.0,inf,2.5,50.0,10
6182.740907404719,10.218993134377834,0.9005544612994063,0.0,0.006861582737739867,0.0,0.0,inf,2.5,50.0,10
6610.857615199755,9.928225574505507,0.896596328411638,0.0,0.026347415161536363,0.0,0.0,inf,2.5,50.0,10
6845.237383268011,9.776918474109344,0.8890128958148737,0.0,0.03574611841085058,0.0,0.0,inf,2.5,50.0,10
6411.263189303399,10.06136755358999,0.89839103779595,0.0,0.021485902530554372,0.0,0.0,inf,2.5,50.0,10
6205.118207770843,10.203303016256504,0.9018031371333699,0.0,-0.0023141166029291872,0.0,0.0,inf,2.5,50.0,10
6192.831534975242,10.211910949106205,0.9019590080011288,0.0,0.002294338666692937,0.0,0.0,inf,2.5,50.0,10
6267.54949113724,10.15982588857051,0.9010682071704013,0.0,-0.007001304313964608,0.0,0.0,inf,2.5,50.0,10
6249.415783616393,10.172409409335405,0.898032792189003,0.0,0.0202543744325319,0.0,0.0,inf,2.5,50.0,10
6193.795067821487,10.211235289764044,0.9020354123419652,0.0,-0.005693373524704823,0.0,0.0,inf,2.5,50.0,10
6229.5923130272095,10.186207350748882,0.9014829424341904,0.0,0.013093222450298862,0.0,0.0,inf,2.5,50.0,10
6533.200819341623,9.979543530084978,0.8947556715010745,0.0,0.024783841520641225,0.0,0.0,inf,2.5,50.0,10
6833.3628167287625,9.784458807101132,0.8938039802408435,0.0,0.030827522967928907,0.0,0.0,inf,2.5,50.0,10
6752.446331510782,9.836192197701909,0.891549421015926,0.0,0.034709505974168275,0.0,0.0,inf,2.5,50.0,10
6869.771374655247,9.761380768473444,0.8917558932995593,0.0,0.033475964626154854,0.0,0.0,inf,2.5,50.0,10
6408.828002774148,10.06301744526226,0.8987170306411683,0.0,0.01725040026669401,0.0,0.0,inf,2.5,50.0,10
7241.88790503379,9.532285626462437,0.8820295480244006,0.0,0.04853123713662718,0.0,0.0,inf,2.5,50.0,10
6839.819422267383,9.780357247834747,0.887761240852209,0.0,-0.038636294845246846,0.0,0.0,inf,2.5,50.0,10
7529.371606909566,9.363216288955776,0.8791775493780242,0.0,0.03885741670077792,0.0,0.0,inf,2.5,50.0,10
7615.483782519636,9.313828632542831,0.8722162010133258,0.0,0.05519301782791182,0.0,0.0,inf,2.5,50.0,10
7532.111465944097,9.361636224539465,0.8809548842976063,0.0,0.05435277014437711,0.0,0.0,inf,2.5,50.0,10
7538.554700730633,9.357922703912113,0.861503910693681,0.0,0.06106060762043501,0.0,0.0,inf,2.5,50.0,10
7215.742762213513,9.547993184491183,0.8823006864689384,0.0,0.04647118727692621,0.0,0.0,inf,2.5,50.0,10
6829.3518814212675,9.787008706092426,0.8824505682392056,0.0,0.05161653356540002,0.0,0.0,inf,2.5,50.0,10
6397.701956420058,10.07056356707366,0.8982058795011908,0.0,0.018384732800608008,0.0,0.0,inf,2.5,50.0,10
6286.043305753133,10.147029922383958,0.9005756568223627,0.0,0.007296593008304875,0.0,0.0,inf,2.5,50.0,10
6344.62416735214,10.106744597136771,0.8991239546734521,0.0,0.014093256279424978,0.0,0.0,inf,2.5,50.0,10
6964.3332365607,9.702008173575676,0.8787783613941911,0.0,0.05355395488647259,0.0,0.0,inf,2.5,50.0,10
7526.006661182884,9.36515762494789,0.8705714260220727,0.0,0.0621007398231917,0.0,0.0,inf,2.5,50.0,10
6176.957016822309,10.223057816156683,0.9009296657562947,0.0,0.017852436320509986,0.0,0.0,inf,2.5,50.0,10
6251.1575135884905,10.17119918688759,0.8986475080396608,0.0,0.0182793320599254,0.0,0.0,inf,2.5,50.0,10
7029.994887179239,9.66125351704509,0.8857617758035666,0.0,0.03686710244769818,0.0,0.0,inf,2.5,50.0,10
8658.659021628684,8.756297234235015,0.8415417436755591,0.0,0.09171480222852071,0.0,0.0,inf,2.5,50.0,10
7384.666634409123,9.447494661088244,0.8719997075898002,0.0,0.06679261936646308,0.0,0.0,inf,2.5,50.0,10
7576.595442009,9.336062624786853,0.8713293528834641,0.0,0.05242496202745915,0.0,0.0,inf,2.5,50.0,10
7396.431638199384,9.44058113245802,0.874076722014073,0.0,0.050699782568743405,0.0,0.0,inf,2.5,50.0,10
7083.859373235916,9.628104297549907,0.8854691198400481,0.0,0.04106801011193203,0.0,0.0,inf,2.5,50.0,10
7120.351542717053,9.605789249145856,0.8838283035149075,0.0,0.039516021387928,0.0,0.0,inf,2.5,50.0,10
7549.815519104531,9.35144021161076,0.8692167622599172,0.0,0.056016972323441674,0.0,0.0,inf,2.5,50.0,10
6938.441589651779,9.718184242771056,0.8818246580394883,0.0,0.055395544023226106,0.0,0.0,inf,2.5,50.0,10
7270.190609828874,9.515345635285845,0.8780400184613686,0.0,0.04501858085787298,0.0,0.0,inf,2.5,50.0,10
6185.029757584555,10.217385674082394,0.9025664606976423,0.0,0.004489691128538219,0.0,0.0,inf,2.5,50.0,10
8040.745165400558,9.077840625889218,0.8591021958284342,0.0,0.06327669916058772,0.0,0.0,inf,2.5,50.0,10
7999.384655086208,9.100237802733277,0.8693282705840091,0.0,0.054308426570429315,0.0,0.0,inf,2.5,50.0,10
7718.77421331914,9.255320235709817,0.8557689754990073,0.0,0.0825386388747479,0.0,0.0,inf,2.5,50.0,10
7367.789374364929,9.457431588336426,0.874086923654406,0.0,0.054429430852577114,0.0,0.0,inf,2.5,50.0,10
6782.302866082805,9.817031814223562,0.8861452598239297,0.0,0.03910608103616177,0.0,0.0,inf,2.5,50.0,10
7246.646086353446,9.529433092221856,0.8724540855968036,0.0,0.04899500645720882,0.0,0.0,inf,2.5,50.0,10
6782.036838115514,9.81720216454029,0.8881673816720442,0.0,0.030362533349645532,0.0,0.0,inf,2.5,50.0,10
7181.067450524992,9.568913548686014,0.8814699616845556,0.0,0.042920029923455574,0.0,0.0,inf,2.5,50.0,10
8207.851437880034,8.988508737596261,0.8418459109218847,0.0,0.08308833788665738,0.0,0.0,inf,2.5,50.0,10
8483.042563829616,8.845287147798436,0.8492791288928007,0.0,0.061780783317368616,0.0,0.0,inf,2.5,50.0,10
6844.643763810261,9.77729511091465,0.8840973854599619,0.0,0.042149500741196354,0.0,0.0,inf,2.5,50.0,10
7093.90809825648,9.62194802990602,0.8793648495008805,0.0,0.045456486025515885,0.0,0.0,inf,2.5,50.0,10
8591.89400170965,8.789914503751572,0.8462492797250011,0.0,0.0724246794247808,0.0,0.0,inf,2.5,50.0,10
8127.324139933226,9.031327799169576,0.8550732676296707,0.0,0.05928138894495844,0.0,0.0,inf,2.5,50.0,10
7141.478960016774,9.592921998395143,0.8606009599336445,0.0,0.0580039155905439,0.0,0.0,inf,2.5,50.0,10
6914.633731714004,9.733111804006512,0.8846016813970085,0.0,0.03753929090648041,0.0,0.0,inf,2.5,50.0,10
7360.8466153771715,9.46152592829159,0.8773990916829816,0.0,0.053416122236892516,0.0,0.0,inf,2.5,50.0,10
7546.9245496040385,9.353103527149143,0.8759845548505636,0.0,0.05084823448757832,0.0,0.0,inf,2.5,50.0,10
9100.028935017177,8.54037587634914,0.8248885787409005,0.0,0.10373838908223011,0.0,0.0,inf,2.5,50.0,10
7918.321607716005,9.144472239442837,0.8506419649518289,0.0,0.07604441495630866,0.0,0.0,inf,2.5,50.0,10
9628.597845196045,8.295173128327532,0.811597900496154,0.0,0.09725681405354195,0.0,0.0,inf,2.5,50.0,10
7628.114111062725,9.30663179714421,0.8702444521252217,0.0,0.07130180165778845,0.0,0.0,inf,2.5,50.0,10
7477.670650473379,9.393140278689021,0.8786811034603726,0.0,0.04663871159896958,0.0,0.0,inf,2.5,50.0,10
8755.564587667941,8.707962048056125,0.8352783004590992,0.0,0.07672298274746116,0.0,0.0,inf,2.5,50.0,10
8388.52686246996,8.893946612637226,0.8572064281167812,0.0,0.062305511291731445,0.0,0.0,inf,2.5,50.0,10
7911.859550652409,9.148017916971442,0.859486313024462,0.0,0.07286219447735623,0.0,0.0,inf,2.5,50.0,10
7668.5692166255385,9.283660189904609,0.8598205669922211,0.0,0.06480779593475516,0.0,0.0,inf,2.5,50.0,10
7390.08938565507,9.444306695012322,0.8627733810332787,0.0,0.07066662895831671,0.0,0.0,inf,2.5,50.0,10
8754.759261947387,8.708361524981648,0.8296659078964731,0.0,0.09203965354814794,0.0,0.0,inf,2.5,50.0,10
7414.797954871696,9.42981039391549,0.8632474127763373,0.0,0.06628173436758879,0.0,0.0,inf,2.5,50.0,10
9246.645521846422,8.47096151974595,0.822850957905905,0.0,0.08204522699995494,0.0,0.0,inf,2.5,50.0,10
8877.891888840502,8.647705087982834,0.8424403030898225,0.0,0.086952945363286,0.0,0.0,inf,2.5,50.0,10
6352.72963339301,10.101199883319701,0.8974639685260036,0.0,0.031220230983631567,0.0,0.0,inf,2.5,50.0,10
7776.09853066886,9.223186059848414,0.8548232284388029,0.0,0.05841986538008386,0.0,0.0,inf,2.5,50.0,10
8745.502524152836,8.71295591398984,0.836856516996439,0.0,0.08137636575640059,0.0,0.0,inf,2.5,50.0,10
7458.152803987033,9.404490838473741,0.8668662449377442,0.0,0.05937210551176492,0.0,0.0,inf,2.5,50.0,10
8411.6487153433,8.881992333459639,0.8432497885076848,0.0,0.07398928468044959,0.0,0.0,inf,2.5,50.0,10
8107.303962839309,9.042039047731569,0.8422143665541985,0.0,0.08501704297352047,0.0,0.0,inf,2.5,50.0,10
8653.541168690828,8.75886496719838,0.8475414067188779,0.0,0.07423318067150482,0.0,0.0,inf,2.5,50.0,10
9179.945178303577,8.502402732212797,0.8207050560994172,0.0,0.10070273747050912,0.0,0.0,inf,2.5,50.0,10
8050.875614909437,9.072372439729223,0.8463015724329326,0.0,0.07602406369446096,0.0,0.0,inf,2.5,50.0,10
7117.981193851712,9.607235246315552,0.8751797717505198,0.0,0.048736795508726796,0.0,0.0,inf,2.5,50.0,10
8659.509830486604,8.75587051291638,0.8287858080100786,0.0,0.08362315833618142,0.0,0.0,inf,2.5,50.0,10
8092.735439750972,9.049850177982691,0.8657604366466387,0.0,0.06265778520958219,0.0,0.0,inf,2.5,50.0,10
8091.287930839825,9.050627049246279,0.8308089619386186,0.0,0.1063196112102906,0.0,0.0,inf,2.5,50.0,10
9052.225818938405,8.563249814385573,0.8314045776715023,0.0,0.09130529005082287,0.0,0.0,inf,2.5,50.0,10
8289.738342929953,8.945395381602253,0.8485642306638664,0.0,0.07357002428484023,0.0,0.0,inf,2.5,50.0,10
7890.069982742214,9.159995055692654,0.8616400993521507,0.0,0.05992442924198919,0.0,0.0,inf,2.5,50.0,10
6623.584264769923,9.91987295119842,0.8971463560247142,0.0,0.02145552814002865,0.0,0.0,inf,2.5,50.0,10
8556.09853066886,8.808045836734932,0.8520592210062833,0.0,0.07862903817687156,0.0,0.0,inf,2.5,50.0,10
8590.726020548056,8.7905049233425,0.8403404922899248,0.0,0.08083956159344512,0.0,0.0,inf,2.5,50.0,10
7003.253512040128,9.67780513130892,0.8861907854629695,0.0,0.03887488987740518,0.0,0.0,inf,2.5,50.0,10
7293.803503169303,9.501263017309455,0.8810274072782522,0.0,0.05052398974909858,0.0,0.0,inf,2.5,50.0,10
7842.961855453945,9.186002580605676,0.8507071487073024,0.0,0.09336818875879667,0.0,0.0,inf,2.5,50.0,10
7506.139271947227,9.376637426404299,0.8710955017956478,0.0,0.0562697950940412,0.0,0.0,inf,2.5,50.0,10
8326.757181335784,8.926044605957724,0.8468761413015801,0.0,0.07215812926557567,0.0,0.0,inf,2.5,50.0,10
9066.49370171449,8.556409966755227,0.8360259680910581,0.0,0.07242196011298094,0.0,0.0,inf,2.5,50.0,10
7804.695940388058,9.207243726217953,0.8423557914786575,0.0,0.08039067905430326,0.0,0.0,inf,2.5,50.0,10
8715.914533636555,8.727673978701052,0.8408137977080304,0.0,0.08009833582490293,0.0,0.0,inf,2.5,50.0,10
9140.61236109095,8.521050692769403,0.805153289576769,0.0,0.12454788032013983,0.0,0.0,inf,2.5,50.0,10
8600.670682730924,8.785480418973604,0.8234362589778629,0.0,0.09739188146215794,0.0,0.0,inf,2.5,50.0,10
9018.10607893421,8.579650213117722,0.8189177660464181,0.0,0.1057147962568352,0.0,0.0,inf,2.5,50.0,10
7426.672247221819,9.422861027479016,0.8666245039019322,0.0,0.06121182417522298,0.0,0.0,inf,2.5,50.0,10
9193.66318285189,8.495917718852384,0.8345427661559974,0.0,0.08553734818729473,0.0,0.0,inf,2.5,50.0,10
8974.578716472315,8.600662897351683,0.8185708006685345,0.0,0.10128133048211195,0.0,0.0,inf,2.5,50.0,10
8098.530797890357,9.046741227600267,0.848632130852445,0.0,0.07467990899713697,0.0,0.0,inf,2.5,50.0,10
8699.883776068127,8.735669100595715,0.829822335879546,0.0,0.08666077741912782,0.0,0.0,inf,2.5,50.0,10
7333.671860131288,9.477588870025937,0.8770302218463342,0.0,0.047456694896124876,0.0,0.0,inf,2.5,50.0,10
7898.114320736762,9.155569452549488,0.8584475409994844,0.0,0.07276313582971623,0.0,0.0,inf,2.5,50.0,10
9803.511459492589,8.216987000395056,0.7896033703898262,0.0,0.12996814590479816,0.0,0.0,inf,2.5,50.0,10
8223.558265189271,8.980205870551302,0.8337779502952553,0.0,0.08165137355099591,0.0,0.0,inf,2.5,50.0,10
8417.005967645684,8.879227257777107,0.8311314403070678,0.0,0.0851863294460099,0.0,0.0,inf,2.5,50.0,10
8450.118449702424,8.862175641440642,0.8424336439231145,0.0,0.08913215299135001,0.0,0.0,inf,2.5,50.0,10
7984.373993967839,9.108394894382425,0.8573847107595642,0.0,0.06418272691131435,0.0,0.0,inf,2.5,50.0,10
12151.105611199819,7.284645653205764,0.7327130418322565,0.0,0.14690690997361,0.0,0.0,inf,2.5,50.0,10
8354.995419428718,8.911341447375278,0.8461327371989806,0.0,0.0685769871762237,0.0,0.0,inf,2.5,50.0,10
8265.921614167513,8.95789078322405,0.8407616894574581,0.0,0.10053352389740523,0.0,0.0,inf,2.5,50.0,10
8673.859260334511,8.748679897413538,0.8403539518553055,0.0,0.08373687593104247,0.0,0.0,inf,2.5,50.0,10
8710.775600393543,8.730235349102244,0.8324305622970976,0.0,0.09206932430953375,0.0,0.0,inf,2.5,50.0,10
8355.174368155353,8.911248430433487,0.8452745922059559,0.0,0.07566371844869146,0.0,0.0,inf,2.5,50.0,10
8539.43610586926,8.816511674851032,0.8320082556705138,0.0,0.09952210536430121,0.0,0.0,inf,2.5,50.0,10
8240.303156400703,8.971371714122856,0.8511776866285684,0.0,0.07522287602975584,0.0,0.0,inf,2.5,50.0,10
7536.531426912469,9.359088463964751,0.8595109283763781,0.0,0.07846902094208033,0.0,0.0,inf,2.5,50.0,10
8573.003403170916,8.799473647420093,0.8508925254197929,0.0,0.0791094746271156,0.0,0.0,inf,2.5,50.0,10
8746.647586329253,8.712387322727789,0.8302624597828037,0.0,0.10606332777534176,0.0,0.0,inf,2.5,50.0,10
9661.338220351285,8.280430748808143,0.7870259419428638,0.0,0.12265336029965321,0.0,0.0,inf,2.5,50.0,10
8840.613006241834,8.665979809229382,0.8241732962996711,0.0,0.09502350370223857,0.0,0.0,inf,2.5,50.0,10
8569.729197916162,8.801132623646508,0.8408152920420517,0.0,0.08001825459401787,0.0,0.0,inf,2.5,50.0,10
9243.966371510138,8.472220039714992,0.8121573880794025,0.0,0.11155327009937428,0.0,0.0,inf,2.5,50.0,10
10155.278269705328,8.063885326503007,0.8190015063031625,0.0,0.10926336119909402,0.0,0.0,inf,2.5,50.0,10
7968.349123401235,9.1171200695766,0.8526338832509469,0.0,0.08526243846529943,0.0,0.0,inf,2.5,50.0,10
7696.137288108256,9.268075545751541,0.8531919714507032,0.0,0.08190737918545704,0.0,0.0,inf,2.5,50.0,10
8385.757939388075,8.895380388253182,0.8312283676577849,0.0,0.09440680052206865,0.0,0.0,inf,2.5,50.0,10
8289.17527136659,8.945690381478201,0.8357086986301338,0.0,0.10074926935109528,0.0,0.0,inf,2.5,50.0,10
8155.11765939259,9.016501295864868,0.8499009515690955,0.0,0.07734312313102955,0.0,0.0,inf,2.5,50.0,10
8887.543975097176,8.64298598258662,0.8163716801141268,0.0,0.11279563219123558,0.0,0.0,inf,2.5,50.0,10
8912.901679005177,8.630612451558736,0.8069484936375615,0.0,0.11424597789385882,0.0,0.0,inf,2.5,50.0,10
7656.323381880938,9.290600923164122,0.8637150411592153,0.0,0.0697149555613957,0.0,0.0,inf,2.5,50.0,10
8721.145917001339,8.725068079613138,0.8255713830675783,0.0,0.0919037215308808,0.0,0.0,inf,2.5,50.0,10
8644.973645586362,8.76316687213303,0.8225534742780679,0.0,0.10312227768213443,0.0,0.0,inf,2.5,50.0,10
9885.824631860776,8.18067458778221,0.779561026678196,0.0,0.13065511440413233,0.0,0.0,inf,2.5,50.0,10
10333.792664634442,7.988206171775706,0.7694805563138429,0.0,0.13019457783129776,0.0,0.0,inf,2.5,50.0,10
8765.386622796406,8.703092841980549,0.8181995880963732,0.0,0.10996948482794384,0.0,0.0,inf,2.5,50.0,10
9010.653199141949,8.58324085926538,0.8279141475384177,0.0,0.10875853940592407,0.0,0.0,inf,2.5,50.0,10
9439.308349865325,8.381401876335651,0.7891282748095824,0.0,0.12238872709409106,0.0,0.0,inf,2.5,50.0,10
7651.744294446864,9.2931991249831,0.8646508037757984,0.0,0.06728704873366614,0.0,0.0,inf,2.5,50.0,10
9408.681279334205,8.395516038850936,0.799869829540504,0.0,0.11878437704006527,0.0,0.0,inf,2.5,50.0,10
9007.182287382462,8.584914087821709,0.8240549701483083,0.0,0.08981292823267764,0.0,0.0,inf,2.5,50.0,10
10456.676472960113,7.936866896073474,0.7557720518418908,0.0,0.1532411601253928,0.0,0.0,inf,2.5,50.0,10
10718.445154110417,7.8294857084373914,0.7753594850435238,0.0,0.1356508291924695,0.0,0.0,inf,2.5,50.0,10
10004.17236818761,8.128991950117806,0.7968933843939653,0.0,0.11442844926110989,0.0,0.0,inf,2.5,50.0,10
9458.816261028049,8.372435715560316,0.8064008504856823,0.0,0.1045678926957407,0.0,0.0,inf,2.5,50.0,10
8155.535572006903,9.016278745437516,0.8386004858867199,0.0,0.08947390435759524,0.0,0.0,inf,2.5,50.0,10
8877.989306624087,8.64765743278016,0.8151807459214905,0.0,0.10603923968996055,0.0,0.0,inf,2.5,50.0,10
9089.495911356269,8.545405622429511,0.8208970452057665,0.0,0.09697581233827372,0.0,0.0,inf,2.5,50.0,10
9393.025918936792,8.402748401457586,0.805273680213554,0.0,0.11546964364071004,0.0,0.0,inf,2.5,50.0,10
10552.903824131869,7.8970838073452185,0.7521400588838796,0.0,0.14972203548774965,0.0,0.0,inf,2.5,50.0,10
9921.139949355656,8.165187849565264,0.7933588352594558,0.0,0.12423730853131076,0.0,0.0,inf,2.5,50.0,10
9679.146320220641,8.272433057048278,0.7926444794584621,0.0,0.11477196231537683,0.0,0.0,inf,2.5,50.0,10
9650.583313172368,8.285267965359536,0.806753054490833,0.0,0.11383154952442716,0.0,0.0,inf,2.5,50.0,10
9362.14188480831,8.417051422219277,0.8209600054906602,0.0,0.11315077058330941,0.0,0.0,inf,2.5,50.0,10
10306.050047579878,7.999881137446981,0.765323302499383,0.0,0.15668524502280284,0.0,0.0,inf,2.5,50.0,10
9440.958484540572,8.380642729876582,0.8050127546693381,0.0,0.12204621685607804,0.0,0.0,inf,2.5,50.0,10
10362.700972564959,7.97607394590197,0.7874064941648693,0.0,0.12662253660261055,0.0,0.0,inf,2.5,50.0,10
9319.780180964823,8.436746917885891,0.8048873191217265,0.0,0.11822346815082956,0.0,0.0,inf,2.5,50.0,10
8830.149787906646,8.671122901884662,0.8230312917307508,0.0,0.09989411869007951,0.0,0.0,inf,2.5,50.0,10
9608.95435557491,8.304042304638234,0.7864660254730975,0.0,0.1285656951882569,0.0,0.0,inf,2.5,50.0,10
7644.518814212674,9.297302070135018,0.8594489274385708,0.0,0.06813867357470121,0.0,0.0,inf,2.5,50.0,10
10056.45996032322,8.10635232062926,0.7872214779407124,0.0,0.13046174287978313,0.0,0.0,inf,2.5,50.0,10
8189.4726697956485,8.998244229623225,0.8441076047160125,0.0,0.09872093370633098,0.0,0.0,inf,2.5,50.0,10
9673.269931130144,8.27507054003832,0.7948297896849223,0.0,0.11868963116434117,0.0,0.0,inf,2.5,50.0,10
9447.06759568394,8.3778333803552,0.7873794476569997,0.0,0.1346000270239402,0.0,0.0,inf,2.5,50.0,10
10306.42855760391,7.9997216371579105,0.7824103306106309,0.0,0.13133606249069107,0.0,0.0,inf,2.5,50.0,10
9298.744423477041,8.446560496008736,0.822943736382082,0.0,0.08909782375995418,0.0,0.0,inf,2.5,50.0,10
7740.51321752875,9.243106042998036,0.8689072986267549,0.0,0.05309821668549725,0.0,0.0,inf,2.5,50.0,10
9722.027273753649,8.253235257767749,0.8152566903838899,0.0,0.09749303674786673,0.0,0.0,inf,2.5,50.0,10
8094.238721956098,9.049043520528636,0.848648108833963,0.0,0.08739085841346714,0.0,0.0,inf,2.5,50.0,10
9341.869179529362,8.42646579590983,0.8063893176067144,0.0,0.11405330952225834,0.0,0.0,inf,2.5,50.0,10
9904.439476782632,8.172504583813753,0.796433372268574,0.0,0.1235821466966586,0.0,0.0,inf,2.5,50.0,10
8960.982903501557,8.60724712125976,0.8145404250939566,0.0,0.10856495980687178,0.0,0.0,inf,2.5,50.0,10
8983.796051676585,8.596204767682083,0.8154629711225486,0.0,0.11050162914499177,0.0,0.0,inf,2.5,50.0,10
8728.990887243754,8.721163207628779,0.8322283954929846,0.0,0.10226471367928906,0.0,0.0,inf,2.5,50.0,10
9250.864953791068,8.468980197941027,0.8095629253163633,0.0,0.11448054149040984,0.0,0.0,inf,2.5,50.0,10
9778.370348865341,8.228138790320655,0.7961696499684349,0.0,0.1258099772253007,0.0,0.0,inf,2.5,50.0,10
10887.200061289333,7.761641573547183,0.7552937271030755,0.0,0.15592206198670217,0.0,0.0,inf,2.5,50.0,10
10876.431638199383,7.765939263540272,0.7515115886153421,0.0,0.15693306431854917,0.0,0.0,inf,2.5,50.0,10
10071.13511072402,8.100019385226874,0.7861887229908726,0.0,0.13095462188409504,0.0,0.0,inf,2.5,50.0,10
10983.090272737536,7.723558076782018,0.7504859085761647,0.0,0.15861889745985644,0.0,0.0,inf,2.5,50.0,10
9893.16567474718,8.177450788676236,0.7833467892135421,0.0,0.13052589516972352,0.0,0.0,inf,2.5,50.0,10
10307.390445315397,7.99931633377812,0.7653839676535584,0.0,0.13959839003599328,0.0,0.0,inf,2.5,50.0,10
9675.216173932678,8.274196836010164,0.7679554826237979,0.0,0.15515904063363567,0.0,0.0,inf,2.5,50.0,10
8250.149820164192,8.966185255931618,0.8311466113758132,0.0,0.09434136055387415,0.0,0.0,inf,2.5,50.0,10
9762.255624909276,8.235301853865764,0.7930404527433451,0.0,0.12278947230298232,0.0,0.0,inf,2.5,50.0,10
10686.63742520282,7.8423928591228185,0.7543048751071025,0.0,0.14276435369643178,0.0,0.0,inf,2.5,50.0,10
9841.751407235368,8.20007969874118,0.7984094625421705,0.0,0.11014674848504304,0.0,0.0,inf,2.5,50.0,10
10103.396880695473,8.086129476282062,0.7815932683882303,0.0,0.13420359033029688,0.0,0.0,inf,2.5,50.0,10
9630.29551136272,8.29440746953649,0.8034438650717334,0.0,0.12172354527489426,0.0,0.0,inf,2.5,50.0,10
9429.00845147659,8.386143358605436,0.7924402114845263,0.0,0.12480886803761376,0.0,0.0,inf,2.5,50.0,10
10197.427138271963,8.045897499490874,0.7753446244441661,0.0,0.14158818824419336,0.0,0.0,inf,2.5,50.0,10
10215.905243463814,8.038035048458758,0.7715894427559582,0.0,0.13351895795646027,0.0,0.0,inf,2.5,50.0,10
11231.624441541266,7.62637787600442,0.7578757779797498,0.0,0.14465569113347918,0.0,0.0,inf,2.5,50.0,10
9570.410025644747,8.321498161882113,0.7679215329568839,0.0,0.14886724425779496,0.0,0.0,inf,2.5,50.0,10
9242.958339381623,8.472693653145324,0.8092423225859052,0.0,0.11203196778423796,0.0,0.0,inf,2.5,50.0,10
9795.423186722795,8.22057157526596,0.7890968375414588,0.0,0.12413307456020511,0.0,0.0,inf,2.5,50.0,10
10620.783342204159,7.869238112928434,0.767286490257389,0.0,0.14087964021223986,0.0,0.0,inf,2.5,50.0,10
8844.607748262124,8.66401783830504,0.8215033638582356,0.0,0.10396592382633676,0.0,0.0,inf,2.5,50.0,10
9967.047031499493,8.145138532969945,0.7917402622762785,0.0,0.14495720597219466,0.0,0.0,inf,2.5,50.0,10
9389.80248705666,8.404239038183663,0.8007913198019435,0.0,0.11800188645726553,0.0,0.0,inf,2.5,50.0,10
9079.398041967064,8.550233048267888,0.8086885415093216,0.0,0.12107153744316915,0.0,0.0,inf,2.5,50.0,10
10564.261189335655,7.892412307634533,0.7654554653183803,0.0,0.145111454313475,0.0,0.0,inf,2.5,50.0,10
9257.686150223384,8.465779074213938,0.8017500615978388,0.0,0.1272870051031893,0.0,0.0,inf,2.5,50.0,10
9678.85772810116,8.27256254763492,0.8036407767871911,0.0,0.1211460733461858,0.0,0.0,inf,2.5,50.0,10
9048.092933984935,8.565233082399056,0.8336838924923334,0.0,0.08863561451130406,0.0,0.0,inf,2.5,50.0,10
9888.66471508524,8.17942708908895,0.7966232659416708,0.0,0.1210137019246314,0.0,0.0,inf,2.5,50.0,10
9535.813180432573,8.337226268087887,0.7983454240942741,0.0,0.1120427353441408,0.0,0.0,inf,2.5,50.0,10
10065.537330043064,8.10243397018913,0.7678203633842932,0.0,0.14114051218988632,0.0,0.0,inf,2.5,50.0,10
10388.97698424219,7.965075767344772,0.7629022936399643,0.0,0.1443820038244587,0.0,0.0,inf,2.5,50.0,10
9639.05395074273,8.29045949800559,0.8030706333966822,0.0,0.12004082608423729,0.0,0.0,inf,2.5,50.0,10
11261.952694311381,7.614666621075196,0.7362105929039754,0.0,0.1453943435214132,0.0,0.0,inf,2.5,50.0,10
10982.994596861341,7.723595909199884,0.7575487761571249,0.0,0.1487781242949539,0.0,0.0,inf,2.5,50.0,10
11384.57516814245,7.567635319399292,0.7401597013678782,0.0,0.15940593442601625,0.0,0.0,inf,2.5,50.0,10
11091.219528717278,7.681010594911999,0.7581789592745675,0.0,0.1584069166574509,0.0,0.0,inf,2.5,50.0,10
10013.355187819552,8.125007393920185,0.7709870622706757,0.0,0.15196454246597513,0.0,0.0,inf,2.5,50.0,10
10559.66250544346,7.894303228183959,0.7705422452943352,0.0,0.14478201759284512,0.0,0.0,inf,2.5,50.0,10
11866.340494508153,7.387635549783566,0.7076935712959916,0.0,0.18990291450230243,0.0,0.0,inf,2.5,50.0,10
10777.808003096725,7.805499181024601,0.7509147158604239,0.0,0.1522116913208511,0.0,0.0,inf,2.5,50.0,10
9612.0009838551,8.302665542829873,0.788437882556906,0.0,0.12967148679297802,0.0,0.0,inf,2.5,50.0,10
10883.885792164643,7.762963849168347,0.7490734466266243,0.0,0.17680588256756982,0.0,0.0,inf,2.5,50.0,10
10247.031918840019,8.024822718601264,0.7398937102596916,0.0,0.1692482063661054,0.0,0.0,inf,2.5,50.0,10
11187.896227480202,7.643319314166986,0.7396881701912386,0.0,0.15036226652275722,0.0,0.0,inf,2.5,50.0,10
9404.363219948065,8.39750966555706,0.7946680800717271,0.0,0.1274162760692843,0.0,0.0,inf,2.5,50.0,10
9619.118062611893,8.299451056803358,0.7829760199673528,0.0,0.14343824653312517,0.0,0.0,inf,2.5,50.0,10
10953.274753633006,7.7353637915213005,0.7513765360817446,0.0,0.15392186231153593,0.0,0.0,inf,2.5,50.0,10
11074.4725246367,7.687573108572319,0.7495306831184595,0.0,0.15123568348746372,0.0,0.0,inf,2.5,50.0,10
9629.461831260785,8.294783447968333,0.8010561272322266,0.0,0.1201147302215463,0.0,0.0,inf,2.5,50.0,10
11042.720601280624,7.700042769164801,0.728072868651491,0.0,0.19263124831762266,0.0,0.0,inf,2.5,50.0,10
12204.307446654086,7.265672211647065,0.7012693977900739,0.0,0.1688858376169534,0.0,0.0,inf,2.5,50.0,10
10621.964274769762,7.868755244604132,0.7852670224990738,0.0,0.12669325028237036,0.0,0.0,inf,2.5,50.0,10
10075.135417170692,8.098294687808423,0.7794204123165592,0.0,0.14821298824340598,0.0,0.0,inf,2.5,50.0,10
10445.584684117997,7.941476065487746,0.7681577232964847,0.0,0.1543984703680198,0.0,0.0,inf,2.5,50.0,10
10718.669731133368,7.829394714325211,0.73319494950836,0.0,0.18442648617430693,0.0,0.0,inf,2.5,50.0,10
10771.84051870131,7.8079044597997,0.7770107507480272,0.0,0.14450966268834253,0.0,0.0,inf,2.5,50.0,10
10997.634070418218,7.717810957713712,0.726145792871847,0.0,0.1715511414843852,0.0,0.0,inf,2.5,50.0,10
11598.53220109353,7.486773283047108,0.7309442284949188,0.0,0.17180746958673382,0.0,0.0,inf,2.5,50.0,10
12160.30412412703,7.281359242717746,0.714282129351035,0.0,0.19131873192395762,0.0,0.0,inf,2.5,50.0,10
11659.85985709908,7.463870303123517,0.7356118545861281,0.0,0.1708739230120491,0.0,0.0,inf,2.5,50.0,10
10548.480847083112,7.898904422043183,0.7463759603631273,0.0,0.15724346944203754,0.0,0.0,inf,2.5,50.0,10
11092.279608393414,7.680595523555375,0.7295239977052815,0.0,0.16983841399240662,0.0,0.0,inf,2.5,50.0,10
10524.37317140046,7.90884122042735,0.7684002698681099,0.0,0.1354076739868728,0.0,0.0,inf,2.5,50.0,10
10323.428057611975,7.992564252734615,0.7517871816244471,0.0,0.15931721111429376,0.0,0.0,inf,2.5,50.0,10
9524.543055757165,8.342362114938439,0.7732361714445759,0.0,0.15418349638682616,0.0,0.0,inf,2.5,50.0,10
10449.442912211094,7.93987223205697,0.7506810225874995,0.0,0.16559325173469872,0.0,0.0,inf,2.5,50.0,10
11435.57966806987,7.548221770354648,0.7482797066531331,0.0,0.1558847544236763,0.0,0.0,inf,2.5,50.0,10
12064.121965774746,7.315846416927421,0.6967678795127227,0.0,0.20067193231693647,0.0,0.0,inf,2.5,50.0,10
9666.871808519218,8.277944013752462,0.7928783559231053,0.0,0.12449529207712984,0.0,0.0,inf,2.5,50.0,10
10327.396590377575,7.990895058470513,0.7729157033948165,0.0,0.14441879196646323,0.0,0.0,inf,2.5,50.0,10
11109.904098320994,7.673700507794062,0.7275115106320849,0.0,0.1805327468124897,0.0,0.0,inf,2.5,50.0,10
10110.866018290028,8.08292005389973,0.7795835911298654,0.0,0.13159975159854848,0.0,0.0,inf,2.5,50.0,10
10512.430493056563,7.913772235560471,0.7687238638316705,0.0,0.14839976627318688,0.0,0.0,inf,2.5,50.0,10
11676.6912307866,7.457605646486542,0.7092325724917546,0.0,0.18186234376039703,0.0,0.0,inf,2.5,50.0,10
11425.123933484943,7.552194411118686,0.7288525961047823,0.0,0.18561030156555197,0.0,0.0,inf,2.5,50.0,10
10649.557458750665,7.857487997800863,0.732139477528459,0.0,0.17473196171436492,0.0,0.0,inf,2.5,50.0,10
10959.738359058725,7.732801744726034,0.7258885323500833,0.0,0.18234280694166521,0.0,0.0,inf,2.5,50.0,10
11569.219819035177,7.4977628797599225,0.7194675005856447,0.0,0.17909036575378937,0.0,0.0,inf,2.5,50.0,10
11270.382622860921,7.611417005293093,0.7229975884706614,0.0,0.20412338129482496,0.0,0.0,inf,2.5,50.0,10
10961.639038080031,7.73204864021263,0.7166941388221694,0.0,0.19693912609975148,0.0,0.0,inf,2.5,50.0,10
10953.54758794213,7.735255614777924,0.7497924227578352,0.0,0.16769087442494368,0.0,0.0,inf,2.5,50.0,10
11934.123272205286,7.362898413398859,0.692042775267898,0.0,0.2031769189217776,0.0,0.0,inf,2.5,50.0,10
12680.473734294608,7.09944882058251,0.7029473989863232,0.0,0.17413857754307605,0.0,0.0,inf,2.5,50.0,10
10920.490959823228,7.748381971925041,0.7068547863164669,0.0,0.1742517508343877,0.0,0.0,inf,2.5,50.0,10
11230.112885276045,7.626962390493669,0.7256508394533261,0.0,0.1707496966888515,0.0,0.0,inf,2.5,50.0,10
10708.88592119482,7.833360686956462,0.7425682140197881,0.0,0.17361166033452663,0.0,0.0,inf,2.5,50.0,10
11732.289156626506,7.436976027084104,0.7334801982723491,0.0,0.18197795309319692,0.0,0.0,inf,2.5,50.0,10
11608.44410574023,7.483063462605139,0.7159889846807953,0.0,0.18392036741065085,0.0,0.0,inf,2.5,50.0,10
11366.328220512572,7.574601680454083,0.7045719712331859,0.0,0.19125988579883074,0.0,0.0,inf,2.5,50.0,10
11851.313253012047,7.393138833542361,0.71883736988146,0.0,0.18409802009242052,0.0,0.0,inf,2.5,50.0,10
10165.33163981226,8.05958808981805,0.778794455634497,0.0,0.14344182115066667,0.0,0.0,inf,2.5,50.0,10
10784.39899356462,7.802844136594242,0.7388548380688977,0.0,0.1740987067995773,0.0,0.0,inf,2.5,50.0,10
12043.83563168336,7.323155410232052,0.7043886486684596,0.0,0.18818173812966774,0.0,0.0,inf,2.5,50.0,10
11343.33872034322,7.583394602430319,0.7098360608128622,0.0,0.19132733401219737,0.0,0.0,inf,2.5,50.0,10
10371.261495782326,7.972487763846865,0.7507095402957665,0.0,0.17172457598739585,0.0,0.0,inf,2.5,50.0,10
11881.794842018677,7.381983115436553,0.7005354913848398,0.0,0.19467906776318725,0.0,0.0,inf,2.5,50.0,10
10413.260866760214,7.954936126559017,0.7703169576265892,0.0,0.13113553542699075,0.0,0.0,inf,2.5,50.0,10
10679.89025983452,7.8451357070282315,0.7258140083206107,0.0,0.17838899717008128,0.0,0.0,inf,2.5,50.0,10
10570.010935307495,7.890049242566764,0.7296648429120326,0.0,0.17861506299350996,0.0,0.0,inf,2.5,50.0,10
10303.217206174095,8.00107505412848,0.7548881208531711,0.0,0.1448637198761966,0.0,0.0,inf,2.5,50.0,10
9281.987064724763,8.45439402012498,0.7822676925838082,0.0,0.14213854681993954,0.0,0.0,inf,2.5,50.0,10
11864.2766084418,7.38839097416066,0.7226002563406996,0.0,0.17339961532410642,0.0,0.0,inf,2.5,50.0,10
12800.703053176561,7.058465378036333,0.6832356614209278,0.0,0.21733785236409514,0.0,0.0,inf,2.5,50.0,10
10038.85238947759,8.113962924218574,0.765313922007692,0.0,0.14705162834347082,0.0,0.0,inf,2.5,50.0,10
11415.464492508185,7.555867733439749,0.7148202080375502,0.0,0.18766940153899536,0.0,0.0,inf,2.5,50.0,10
11106.118965823132,7.675180396582667,0.7187769984376614,0.0,0.17661602497937914,0.0,0.0,inf,2.5,50.0,10
10626.003951549168,7.8671038779074,0.7369056114589922,0.0,0.1651667331712639,0.0,0.0,inf,2.5,50.0,10
11541.141868679537,7.508315812740648,0.7091729184996657,0.0,0.21189789363248235,0.0,0.0,inf,2.5,50.0,10
10965.181755132982,7.7306452607670275,0.7350757009888227,0.0,0.1789493815687929,0.0,0.0,inf,2.5,50.0,10
11478.319688392123,7.532020445368476,0.7034313755440845,0.0,0.2093036628839899,0.0,0.0,inf,2.5,50.0,10
10299.10843373494,8.00280730247031,0.7548799159312671,0.0,0.17773846867965087,0.0,0.0,inf,2.5,50.0,10
11178.647376655215,7.646911040432137,0.7450148632227471,0.0,0.1559776911800853,0.0,0.0,inf,2.5,50.0,10
11948.748649215335,7.35757935349174,0.680894169020348,0.0,0.2241245141077894,0.0,0.0,inf,2.5,50.0,10
11298.884985726037,7.600447729985729,0.7230913630837579,0.0,0.17319092343651718,0.0,0.0,inf,2.5,50.0,10
10828.13456234577,7.785267167135568,0.7615888914609215,0.0,0.16026849811971766,0.0,0.0,inf,2.5,50.0,10
12220.376848760503,7.259957620960993,0.7014961441293243,0.0,0.20172780888045316,0.0,0.0,inf,2.5,50.0,10
12326.717536813921,7.222329165054683,0.6913503294116714,0.0,0.21937207356202973,0.0,0.0,inf,2.5,50.0,10
11309.847421815777,7.596236148558449,0.7124108521411373,0.0,0.18407635548750287,0.0,0.0,inf,2.5,50.0,10
11774.430299511298,7.421404577008689,0.7183861738296585,0.0,0.18172853454624838,0.0,0.0,inf,2.5,50.0,10
11797.781277721328,7.412800204637705,0.7074120042250296,0.0,0.19695334334148348,0.0,0.0,inf,2.5,50.0,10
11757.749084692183,7.427561729427557,0.7015408727683503,0.0,0.20184769490125254,0.0,0.0,inf,2.5,50.0,10
12052.430734988146,7.32005716584998,0.7040523772081956,0.0,0.18762407962500724,0.0,0.0,inf,2.5,50.0,10
12606.7193432364,7.124782763961802,0.659597637369519,0.0,0.22532413314870242,0.0,0.0,inf,2.5,50.0,10
11778.080127739875,7.420058563149869,0.7110338932505386,0.0,0.19876266839059906,0.0,0.0,inf,2.5,50.0,10
10527.132272060127,7.907702810443714,0.7288993411127448,0.0,0.19730836451192874,0.0,0.0,inf,2.5,50.0,10
10694.720278705183,7.839109308199684,0.7425055346477758,0.0,0.1735239260182641,0.0,0.0,inf,2.5,50.0,10
11695.309882098676,7.450686273860523,0.6936696332944996,0.0,0.21406966913264575,0.0,0.0,inf,2.5,50.0,10
11352.644183158336,7.5798333454485896,0.7196078616067831,0.0,0.19567218530753602,0.0,0.0,inf,2.5,50.0,10
11572.085127659231,7.496687410823661,0.697329419612345,0.0,0.1997815885593202,0.0,0.0,inf,2.5,50.0,10
9928.365800551604,8.16202590943475,0.7834450030927457,0.0,0.14779857674782093,0.0,0.0,inf,2.5,50.0,10
12390.422831889808,7.199942336344484,0.6694184523361971,0.0,0.22947518380771897,0.0,0.0,inf,2.5,50.0,10
12686.530475314914,7.09737493812348,0.6515940938215566,0.0,0.22419676856963977,0.0,0.0,inf,2.5,50.0,10
11957.582055128143,7.354369911050421,0.6799727359496074,0.0,0.22700663587185577,0.0,0.0,inf,2.5,50.0,10
10960.6972468186,7.732421789080414,0.7123329716284325,0.0,0.2033593280897399,0.0,0.0,inf,2.5,50.0,10
12489.450492733988,7.16537030037674,0.6820390547546951,0.0,0.20842351535443537,0.0,0.0,inf,2.5,50.0,10
12597.933823648005,7.127810381764878,0.6497307302312809,0.0,0.2459744596269952,0.0,0.0,inf,2.5,50.0,10
11928.276301995129,7.365026704764567,0.72160346132521,0.0,0.19502774855176422,0.0,0.0,inf,2.5,50.0,10
12528.21915775552,7.15191018918139,0.6676635400857367,0.0,0.24466702646772004,0.0,0.0,inf,2.5,50.0,10
10719.446218609377,7.829080111841451,0.7484125682696108,0.0,0.1584732358296811,0.0,0.0,inf,2.5,50.0,10
11345.261124820567,7.5826586472244495,0.7076357671782839,0.0,0.21009939793162102,0.0,0.0,inf,2.5,50.0,10
11088.457234560732,7.682092350186061,0.7330671893178071,0.0,0.17429821913008614,0.0,0.0,inf,2.5,50.0,10
11088.962194158159,7.681894580407221,0.735146298936112,0.0,0.17885613009359702,0.0,0.0,inf,2.5,50.0,10
10215.719133562361,8.038114167477138,0.7557413161083174,0.0,0.17208275739577697,0.0,0.0,inf,2.5,50.0,10
12473.953871711747,7.170762271571337,0.679085965599347,0.0,0.2199927470345598,0.0,0.0,inf,2.5,50.0,10
11479.353558813567,7.531629287070766,0.7622230018392641,0.0,0.15359809722418086,0.0,0.0,inf,2.5,50.0,10
12650.191287237303,7.109832682127127,0.6714490645194542,0.0,0.21830401050361714,0.0,0.0,inf,2.5,50.0,10
9925.78671311753,8.163154220951942,0.7666127671497253,0.0,0.1702137603389512,0.0,0.0,inf,2.5,50.0,10
9542.475460073225,8.334193090996415,0.798364537997396,0.0,0.128723806853703,0.0,0.0,inf,2.5,50.0,10
11420.855260399027,7.553817332309416,0.7190325272596427,0.0,0.19331196083884927,0.0,0.0,inf,2.5,50.0,10
12427.66036031677,7.1869098510182505,0.6704000630912874,0.0,0.21823388029349639,0.0,0.0,inf,2.5,50.0,10
11295.830212415929,7.601622049899472,0.7241885461876432,0.0,0.19425174951211496,0.0,0.0,inf,2.5,50.0,10
11053.14417509395,7.695945259544371,0.7012552782118887,0.0,0.2079472594116791,0.0,0.0,inf,2.5,50.0,10
11704.803212851406,7.447162443552303,0.6614512324483971,0.0,0.0,-0.02008756665929468,0.0,inf,2.5,50.0,10
6661.917840034838,9.894810885378991,0.8962702113825991,0.0,0.0,0.0020362232158775717,0.0,inf,2.5,50.0,10
8886.251624973791,8.643617542148675,0.7983438079444232,0.0,0.0,-0.012606880950036396,0.0,inf,2.5,50.0,10
11738.798358090999,7.434567182288716,0.6543358209660064,0.0,0.0,0.028923924863493808,0.0,inf,2.5,50.0,10
8593.649215335237,8.78902738649822,0.8215570698588858,0.0,0.0,0.013404619194575395,0.0,inf,2.5,50.0,10
7160.893292043676,9.581131587267318,0.8734461847507542,0.0,0.0,0.004119672984844643,0.0,inf,2.5,50.0,10
6687.125320559346,9.87840898664361,0.8916598281019908,0.0,0.0,0.002410973522663957,0.0,inf,2.5,50.0,10
9716.839534846213,8.25555330074497,0.7806239551858335,0.0,0.0,0.014459063246765954,0.0,inf,2.5,50.0,10
11087.237609070822,7.682570059339733,0.7141930257986804,0.0,0.0,-0.01968835992020188,0.0,inf,2.5,50.0,10
11926.164174771375,7.365795773485038,0.6481908977445187,0.0,0.0,0.02905354215862483,0.0,inf,2.5,50.0,10
10236.328010838535,8.029361669846516,0.7416426611885742,0.0,0.0,0.015926599885063876,0.0,inf,2.5,50.0,10
12718.055724907663,7.08659637329383,0.6316998938194666,0.0,0.0,-0.03395019186482891,0.0,inf,2.5,50.0,10
8229.986548604054,8.976812354821055,0.8187435675620885,0.0,0.0,0.010621251917761244,0.0,inf,2.5,50.0,10
8926.67394074289,8.623906890180189,0.7841680486489916,0.0,0.0,-0.013219315679254065,0.0,inf,2.5,50.0,10
9254.66424735085,8.467196933886926,0.8005138258156542,0.0,0.0,-0.010263786473050018,0.0,inf,2.5,50.0,10
6223.504637021983,10.190453433980855,0.8998638502290124,0.0,0.0,0.0007219040184918244,0.0,inf,2.5,50.0,10
11208.77390687247,7.635222518056754,0.6897242448180071,0.0,0.0,-0.026331183871692688,0.0,inf,2.5,50.0,10
6266.170303704779,10.160781667866122,0.8990109747625988,0.0,0.0,-0.001123946138248985,0.0,inf,2.5,50.0,10
12047.008354703956,7.322011493390286,0.6344066414631184,0.0,0.0,-0.03245600421117756,0.0,inf,2.5,50.0,10
14394.557926485057,6.548820291346171,0.47245568424741086,0.0,0.0,0.061235015776886594,0.0,inf,2.5,50.0,10
10824.100772568185,7.7868853397027245,0.7224053690676646,0.0,0.0,-0.021301509532716586,0.0,inf,2.5,50.0,10
6270.539007435364,10.157754870398023,0.9015347530097727,0.0,0.0,-0.0003625779995652397,0.0,inf,2.5,50.0,10
7126.700859663554,9.60191831020579,0.8836234116609106,0.0,0.0,-0.004899801416699224,0.0,inf,2.5,50.0,10
8932.464186061516,8.621090772559057,0.7919328267231003,0.0,0.0,0.013012138921817004,0.0,inf,2.5,50.0,10
9229.924468960178,8.47882213780029,0.7836420729908823,0.0,0.0,0.012896428318543493,0.0,inf,2.5,50.0,10
10056.438202609635,8.10636171684344,0.75117096988173,0.0,0.0,-0.017222212935237194,0.0,inf,2.5,50.0,10
7522.82122868986,9.366996194416531,0.8628797108805623,0.0,0.0,0.0046502579843764975,0.0,inf,2.5,50.0,10
8275.171271431105,8.953033697231527,0.828972941004668,0.0,0.0,-0.008831294544847431,0.0,inf,2.5,50.0,10
7614.196787148594,9.31456264004437,0.8510585985351047,0.0,0.0,0.005726088702766653,0.0,inf,2.5,50.0,10
12126.339655812004,7.293506323162321,0.6209697467376376,0.0,0.0,-0.03448372852556436,0.0,inf,2.5,50.0,10
7938.955291043693,9.133170046859236,0.8580371714662618,0.0,0.0,0.006235556593616881,0.0,inf,2.5,50.0,10
11224.313269140821,7.6292058157527896,0.7120977986233881,0.0,0.0,0.020658110137464783,0.0,inf,2.5,50.0,10
9549.001725778617,8.331223890377629,0.7798509703235229,0.0,0.0,0.012424320513082484,0.0,inf,2.5,50.0,10
8279.201158045838,8.950919261832057,0.8444523282317499,0.0,0.0,0.008686226750633637,0.0,inf,2.5,50.0,10
12896.601812873985,7.026050698194251,0.5606525505003633,0.0,0.0,-0.04776771344373776,0.0,inf,2.5,50.0,10
10311.931759165174,7.997403305252854,0.7157576169117523,0.0,0.0,-0.023001839948012397,0.0,inf,2.5,50.0,10
8274.888017935195,8.953182355829197,0.8203149170551541,0.0,0.0,0.01020969512832189,0.0,inf,2.5,50.0,10
7117.143142852535,9.607746602474174,0.8884506275447919,0.0,0.0,-0.002286033807654665,0.0,inf,2.5,50.0,10
9112.620812567538,8.53437061749438,0.7913824651523824,0.0,0.0,0.009992379082361046,0.0,inf,2.5,50.0,10
6355.106740213868,10.09957511517368,0.8942141045742091,0.0,0.0,-0.0027490751367632727,0.0,inf,2.5,50.0,10
9344.288898566152,8.425341037543859,0.7587050840470789,0.0,0.0,-0.01869955539847833,0.0,inf,2.5,50.0,10
12680.40036451025,7.099473949126867,0.6009019141164559,0.0,0.0,0.039660829570203116,0.0,inf,2.5,50.0,10
11590.161336107481,7.489908794432671,0.6765121148741969,0.0,0.0,0.021432900572630576,0.0,inf,2.5,50.0,10
6569.307882130934,9.955607445508933,0.8913250979428129,0.0,0.0,-0.0026953243866451072,0.0,inf,2.5,50.0,10
12513.342107385364,7.157070427853797,0.6041375040577966,0.0,0.0,0.035919983173488226,0.0,inf,2.5,50.0,10
12667.449686295382,7.103911728712703,0.5792069807875606,0.0,0.0,0.0457935201300954,0.0,inf,2.5,50.0,10
12550.520201287076,7.144186337866026,0.5887713067694212,0.0,0.0,0.03822708974316433,0.0,inf,2.5,50.0,10
9727.981209980484,8.250576377971528,0.7427676723432812,0.0,0.0,0.01525731358239829,0.0,inf,2.5,50.0,10
9085.752310446605,8.547194676664882,0.7829617786391541,0.0,0.0,-0.013895055173018717,0.0,inf,2.5,50.0,10
10330.463734455896,7.989605434339787,0.7212120723568554,0.0,0.0,0.01962348520716323,0.0,inf,2.5,50.0,10
10200.570087579232,8.044559166578345,0.7697891168551735,0.0,0.0,0.015354464517681955,0.0,inf,2.5,50.0,10
8423.926646344415,8.875657844125302,0.8516736418648527,0.0,0.0,-0.005679745513488356,0.0,inf,2.5,50.0,10
7871.442008999855,9.170260606328043,0.8513765241287711,0.0,0.0,0.006751290045658193,0.0,inf,2.5,50.0,10
13531.760326446347,6.817260638760889,0.5373287541598303,0.0,0.0,0.04624861273566443,0.0,inf,2.5,50.0,10
8382.226206028936,8.897209841714979,0.8314733231506113,0.0,0.0,0.008122161532036449,0.0,inf,2.5,50.0,10
12290.702069321462,7.235036695092289,0.6289628599987529,0.0,0.0,0.03300297874548901,0.0,inf,2.5,50.0,10
7956.892469476299,9.123368718816874,0.8313201204879447,0.0,0.0,-0.008904009237926398,0.0,inf,2.5,50.0,10
8406.689101788681,8.884553743374223,0.8079203567990749,0.0,0.0,-0.012180152977825858,0.0,inf,2.5,50.0,10
13904.602425767327,6.699217852703115,0.4937425014466449,0.0,0.0,0.05448391931116821,0.0,inf,2.5,50.0,10
13679.181739004209,6.7702024132472385,0.5527678987508287,0.0,0.0,0.03992776430650022,0.0,inf,2.5,50.0,10
9294.910372413347,8.448351544903833,0.7899013181333852,0.0,0.0,0.012708147396905862,0.0,inf,2.5,50.0,10
7483.575458460347,9.389712187686548,0.8363270682491242,0.0,0.0,0.011077935077639349,0.0,inf,2.5,50.0,10
6464.503830583378,10.02545163733325,0.8898156776169005,0.0,0.0,-0.0031042364000079745,0.0,inf,2.5,50.0,10
6177.080514830406,10.222970987047887,0.9018665469480679,0.0,0.0,-0.0001929436290946905,0.0,inf,2.5,50.0,10
12200.593667844067,7.266993973738281,0.6452212449033723,0.0,0.0,0.029702724585892522,0.0,inf,2.5,50.0,10
12377.430928533411,7.20449849410379,0.607131227026041,0.0,0.0,0.04155284493235651,0.0,inf,2.5,50.0,10
12280.49805648296,7.238643801543009,0.6508180210110208,0.0,0.0,0.028111989849973186,0.0,inf,2.5,50.0,10
9058.802454799115,8.560095717615178,0.7971127918728799,0.0,0.0,0.012091038214362047,0.0,inf,2.5,50.0,10
13227.110401445138,6.916153824229822,0.5639541412384709,0.0,0.0,0.04804464695307119,0.0,inf,2.5,50.0,10
11609.66432799471,7.482606977707743,0.6677352740657897,0.0,0.0,0.027396711809583932,0.0,inf,2.5,50.0,10
12158.021241592878,7.282174630517209,0.6580276866994504,0.0,0.0,0.031981565315973556,0.0,inf,2.5,50.0,10
10889.267253753971,7.760817041018438,0.7302941482103587,0.0,0.0,-0.021112197464886854,0.0,inf,2.5,50.0,10
11660.155884582507,7.463760043247216,0.684324353080271,0.0,0.0,0.024729032329235137,0.0,inf,2.5,50.0,10
9448.069740810632,8.377372705112418,0.7876079234693365,0.0,0.0,0.012075200588655091,0.0,inf,2.5,50.0,10
7107.990596925856,9.613335162571442,0.8725402234410687,0.0,0.0,-0.00418131325690731,0.0,inf,2.5,50.0,10
12084.135272011741,7.308647826679058,0.6433579105780295,0.0,0.0,0.0302298103936869,0.0,inf,2.5,50.0,10
8410.546620215802,8.882561383840454,0.8029072048058372,0.0,0.0,0.014003361385541264,0.0,inf,2.5,50.0,10
8293.2528346317,8.943554550404466,0.8388469705611837,0.0,0.0,0.010008895781790811,0.0,inf,2.5,50.0,10
14043.554813632038,6.656033071671274,0.46778145963197193,0.0,0.0,0.06396138531291545,0.0,inf,2.5,50.0,10
12732.779229367268,7.081571518536877,0.5518510039705469,0.0,0.0,0.043956568722111324,0.0,inf,2.5,50.0,10
14088.072627860842,6.642287789962898,0.49891580536332353,0.0,0.0,0.050961765483498817,0.0,inf,2.5,50.0,10
13280.868695666199,6.898538778995043,0.5708231283613678,0.0,0.0,0.04233787651053417,0.0,inf,2.5,50.0,10
14250.418848083096,6.592527315593135,0.42528727597137156,0.0,0.0,0.07908778110088459,0.0,inf,2.5,50.0,10
9324.238415509428,8.434669912128108,0.7973559989449662,0.0,0.0,0.010668566754692271,0.0,inf,2.5,50.0,10
13754.977193916227,6.7462048621233155,0.5575117179242831,0.0,0.0,0.04352443720689349,0.0,inf,2.5,50.0,10
12059.8898082289,7.317370212144221,0.6160040906870033,0.0,0.0,0.039565898254410925,0.0,inf,2.5,50.0,10
14934.86367961807,6.388790980027438,0.4113909369372685,0.0,0.0,0.07694600984280182,0.0,inf,2.5,50.0,10
13550.16962629635,6.811356289561287,0.49906058175404244,0.0,0.0,0.0608083802528955,0.0,inf,2.5,50.0,10
12420.312462702215,7.189478391722428,0.6102108991009474,0.0,0.0,0.032806348231142625,0.0,inf,2.5,50.0,10
15312.185126046354,6.280431897340993,0.43149290446805955,0.0,0.0,0.06744851981412009,0.0,inf,2.5,50.0,10
11635.807696650054,7.472838257571256,0.6479993416594069,0.0,0.0,0.03598051042701887,0.0,inf,2.5,50.0,10
14227.794777503588,6.599427685965445,0.4889952950313801,0.0,0.0,0.05997678610359056,0.0,inf,2.5,50.0,10
11754.849470169836,7.428632888440584,0.6352588040676045,0.0,0.0,0.02981095409491339,0.0,inf,2.5,50.0,10
14534.568652118514,6.5067821329152515,0.481629920219344,0.0,0.0,0.06026186066148966,0.0,inf,2.5,50.0,10
16640.301640296126,5.9191916634536925,0.3378083189375732,0.0,0.0,0.09316492520041914,0.0,inf,2.5,50.0,10
11122.741471911744,7.66868517921827,0.7081777865250379,0.0,0.0,0.02276562570205265,0.0,inf,2.5,50.0,10
14385.583829293077,6.551528687329711,0.4878206806382947,0.0,0.0,0.057696828336365094,0.0,inf,2.5,50.0,10
11564.972274640731,7.499357649186411,0.6590797120109222,0.0,0.0,0.026296984824878945,0.0,inf,2.5,50.0,10
13391.307736971985,6.8625737047140625,0.5198887298783937,0.0,0.0,0.0561147314983253,0.0,inf,2.5,50.0,10
10982.298350026613,7.723871230962446,0.6917560619889739,0.0,0.0,0.02008876415517526,0.0,inf,2.5,50.0,10
12001.01814486863,7.338622684918654,0.6250156422031773,0.0,0.0,0.0332865036736567,0.0,inf,2.5,50.0,10
11804.410767568264,7.410360472829276,0.6608183654661872,0.0,0.0,0.027629863876642975,0.0,inf,2.5,50.0,10
12004.212335284914,7.337466920735284,0.6220586235376189,0.0,0.0,0.034815518374526344,0.0,inf,2.5,50.0,10
11505.166174739117,7.5218746509045,0.6048197879006196,0.0,0.0,0.035796668201963124,0.0,inf,2.5,50.0,10
14171.457524878631,6.6166584142783496,0.43952036125287336,0.0,0.0,0.06938296511692951,0.0,inf,2.5,50.0,10
14315.061740939662,6.572871353917754,0.49326075310908185,0.0,0.0,0.06183488057029397,0.0,inf,2.5,50.0,10
15656.797874227836,6.1837741590159645,0.39334581810425634,0.0,0.0,0.08326921457296349,0.0,inf,2.5,50.0,10
12857.656570055322,7.039185393585824,0.6064297334903995,0.0,0.0,0.03433686864745324,0.0,inf,2.5,50.0,10
10711.617441654167,7.832253071277188,0.6985521053031034,0.0,0.0,0.026161024154811065,0.0,inf,2.5,50.0,10
13601.071434331705,6.79507239285221,0.5397881829038761,0.0,0.0,0.0495717031552957,0.0,inf,2.5,50.0,10
11428.691746907309,7.550838417252235,0.6525816178807329,0.0,0.0,0.02749621820616501,0.0,inf,2.5,50.0,10
12101.946855695876,7.302251194214518,0.668897628755711,0.0,0.0,0.029616048602976064,0.0,inf,2.5,50.0,10
13843.684634118805,6.7182866357303785,0.5334007774708937,0.0,0.0,0.05258796236129008,0.0,inf,2.5,50.0,10
14296.725197980677,6.5784379132742306,0.4940630824752394,0.0,0.0,0.05793780113536933,0.0,inf,2.5,50.0,10
13552.233431718843,6.810694872707198,0.5338344001252416,0.0,0.0,0.04978768143659405,0.0,inf,2.5,50.0,10
12955.778664860245,7.006168409069656,0.5395857647791228,0.0,0.0,0.050949683424707265,0.0,inf,2.5,50.0,10
13076.593942033192,6.9658572275205985,0.5765521841844004,0.0,0.0,0.046812359335628634,0.0,inf,2.5,50.0,10
14675.134352671732,6.4649827491031155,0.4616414156694993,0.0,0.0,0.06519471654549237,0.0,inf,2.5,50.0,10
10740.387187303431,7.820604230538733,0.7321874992793153,0.0,0.0,-0.01928212278746321,0.0,inf,2.5,50.0,10
14177.850502411251,6.614699682227649,0.432820846410829,0.0,0.0,0.07650925397708747,0.0,inf,2.5,50.0,10
13883.621844808955,6.7057758480467635,0.5004863770838833,0.0,0.0,0.05433188811228564,0.0,inf,2.5,50.0,10
15943.064708633732,6.105085520817527,0.45403320660901497,0.0,0.0,0.054933850806019924,0.0,inf,2.5,50.0,10
13075.927194722666,6.96607867055191,0.5761358118851051,0.0,0.0,0.04275974656342736,0.0,inf,2.5,50.0,10
15062.447476653602,6.351848153482552,0.40135190780789215,0.0,0.0,0.07797577592525765,0.0,inf,2.5,50.0,10
14260.342091256593,6.589504169395088,0.5039221053353949,0.0,0.0,0.05121081107535466,0.0,inf,2.5,50.0,10
9188.932436573603,8.498153025652181,0.7863197412095912,0.0,0.0,0.013985162263503999,0.0,inf,2.5,50.0,10
9775.20019031951,8.229547006147547,0.7183746560665322,0.0,0.0,0.022437922415949642,0.0,inf,2.5,50.0,10
14206.309027273754,6.605991032997166,0.44674056203118,0.0,0.0,0.06686550416638343,0.0,inf,2.5,50.0,10
14586.351333043016,6.49133690913912,0.5074458654755836,0.0,0.0,0.054744033056006364,0.0,inf,2.5,50.0,10
14123.143062208674,6.631490024897789,0.45977537177875916,0.0,0.0,0.06527240874529391,0.0,inf,2.5,50.0,10
12903.031128530185,7.023886158585456,0.5511125300295929,0.0,0.0,0.049751995238048116,0.0,inf,2.5,50.0,10
15931.57007145046,6.108217828215567,0.3509356557922364,0.0,0.0,0.0864161933423879,0.0,inf,2.5,50.0,10
15499.281172884308,6.227688039807732,0.36563695565955184,0.0,0.0,0.10097275276792511,0.0,inf,2.5,50.0,10
14084.957678101966,6.643248144942469,0.49278657725372166,0.0,0.0,0.06161105341376977,0.0,inf,2.5,50.0,10
14327.126949565329,6.569212517719388,0.5020682942181803,0.0,0.0,0.05271273841306619,0.0,inf,2.5,50.0,10
13862.792535604265,6.712296370392277,0.5111126304841603,0.0,0.0,0.05177225125528736,0.0,inf,2.5,50.0,10
14226.557168432768,6.5998054747772015,0.4771688092606608,0.0,0.0,0.05858981875978787,0.0,inf,2.5,50.0,10
13894.355784584119,6.702419454642131,0.4991375753219696,0.0,0.0,0.05674720785116527,0.0,inf,2.5,50.0,10
14668.229318881953,6.467026698911446,0.47267106561298167,0.0,0.0,0.06759772727313908,0.0,inf,2.5,50.0,10
15254.335333301076,6.296870716930487,0.4092354452472896,0.0,0.0,0.07967706723511511,0.0,inf,2.5,50.0,10
14783.821244818631,6.432936581321802,0.4205659711562226,0.0,0.0,0.06973178032535429,0.0,inf,2.5,50.0,10
13519.911743358978,6.8210650428428234,0.5365010912947156,0.0,0.0,0.048798148444138295,0.0,inf,2.5,50.0,10
12439.81811583684,7.182663303415568,0.5964379709703661,0.0,0.0,0.03646979719365997,0.0,inf,2.5,50.0,10
14787.435025241528,6.431875114815304,0.4278559599663694,0.0,0.0,0.08444972898991403,0.0,inf,2.5,50.0,10
14391.80659989355,6.54965046631262,0.47672683466250726,0.0,0.0,0.06336205382046597,0.0,inf,2.5,50.0,10
14590.260931275301,6.490173020108054,0.3980289839175687,0.0,0.0,0.0829650221836532,0.0,inf,2.5,50.0,10
14886.416719085177,6.402901887307947,0.4686308231905422,0.0,0.0,0.06295680089595226,0.0,inf,2.5,50.0,10
14561.522152868502,6.498735856134933,0.49113102821741494,0.0,0.0,0.06752167779128129,0.0,inf,2.5,50.0,10
15220.302269318237,6.306570834272181,0.3904298012849325,0.0,0.0,0.09349118597663532,0.0,inf,2.5,50.0,10
14024.735859099046,6.661856703347907,0.4719493835637381,0.0,0.0,0.06990261485214015,0.0,inf,2.5,50.0,10
14407.00151610458,6.545067589931613,0.4894786639125941,0.0,0.0,0.05597962539820903,0.0,inf,2.5,50.0,10
15295.688585667973,6.2851132791436015,0.40707775799213547,0.0,0.0,0.0863609283072171,0.0,inf,2.5,50.0,10
13423.176593925904,6.852250571093068,0.5227024583686484,0.0,0.0,0.05414751376316762,0.0,inf,2.5,50.0,10
16000.110062740923,6.089573907446955,0.28486962710256986,0.0,0.0,0.11771330533245784,0.0,inf,2.5,50.0,10
14833.254576539088,6.418439104762113,0.4471797254634641,0.0,0.0,0.0695856806412038,0.0,inf,2.5,50.0,10
14116.182368026322,6.633631004605185,0.46538427023729295,0.0,0.0,0.06630809804035043,0.0,inf,2.5,50.0,10
14194.140642892857,6.609712567391907,0.47548791621784914,0.0,0.0,0.06971265530893776,0.0,inf,2.5,50.0,10
17198.864098966147,5.775805960441506,0.27471716947300945,0.0,0.0,0.11158051365071393,0.0,inf,2.5,50.0,10
15904.232318833567,6.115676498728617,0.34476319583109616,0.0,0.0,0.10621222334455704,0.0,inf,2.5,50.0,10
14336.867534394607,6.566260882763507,0.4965907831564701,0.0,0.0,0.06162296368819828,0.0,inf,2.5,50.0,10
15522.665069918226,6.221140739847138,0.4265536414245871,0.0,0.0,0.07776282870132746,0.0,inf,2.5,50.0,10
15771.253237851002,6.152141556393449,0.3728911990673724,0.0,0.0,0.09397982722810691,0.0,inf,2.5,50.0,10
16067.01630618861,6.071451264236507,0.29272117542165366,0.0,0.0,0.11987051766222911,0.0,inf,2.5,50.0,10
15344.704666053773,6.271218267274696,0.40356856932675966,0.0,0.0,0.07479206548249893,0.0,inf,2.5,50.0,10
15434.856453928163,6.24577766023349,0.42865662506583346,0.0,0.0,0.07515342275296691,0.0,inf,2.5,50.0,10
15631.959661940937,6.190669351827638,0.36679586811450104,0.0,0.0,0.09529266167912698,0.0,inf,2.5,50.0,10
14713.831631747875,6.4535457870208415,0.440360715547615,0.0,0.0,0.08033460198340972,0.0,inf,2.5,50.0,10
15512.958823244786,6.223857211423295,0.4213127398414754,0.0,0.0,0.07482864047075713,0.0,inf,2.5,50.0,10
16532.680682569637,5.947370831429311,0.33733041414266407,0.0,0.0,0.09157299850460139,0.0,inf,2.5,50.0,10
15665.123885098628,6.181465270889365,0.3292869422369538,0.0,0.0,0.1119831587880658,0.0,inf,2.5,50.0,10
16107.312704633796,6.060572707838393,0.32831927826341595,0.0,0.0,0.11336197943383354,0.0,inf,2.5,50.0,10
16395.27335042983,5.98361699021193,0.32021602067536387,0.0,0.0,0.11922101000925799,0.0,inf,2.5,50.0,10
14786.775068144063,6.432068942968188,0.46348606429058403,0.0,0.0,0.07136827831175913,0.0,inf,2.5,50.0,10
13278.705907969226,6.899246084573853,0.5659265379130417,0.0,0.0,0.04304412034168728,0.0,inf,2.5,50.0,10
16373.923065757004,5.989276153784166,0.30472996514962514,0.0,0.0,0.12059459402564222,0.0,inf,2.5,50.0,10
14992.381251915293,6.372097432008256,0.4020462512032414,0.0,0.0,0.08595450397491775,0.0,inf,2.5,50.0,10
16293.805116046515,6.010578432919463,0.3484139018447208,0.0,0.0,0.10390439736001282,0.0,inf,2.5,50.0,10
14986.343720262576,6.373846717022195,0.41804147660218294,0.0,0.0,0.07932758941241867,0.0,inf,2.5,50.0,10
14707.959936130062,6.455279226695447,0.43599956175162013,0.0,0.0,0.07877229841328384,0.0,inf,2.5,50.0,10
15004.152562055451,6.3686888946533955,0.43918225317168974,0.0,0.0,0.07958869991434693,0.0,inf,2.5,50.0,10
16338.169642425122,5.998769597559659,0.3791351322026998,0.0,0.0,0.08673659850523045,0.0,inf,2.5,50.0,10
15580.238399380654,6.205062621691448,0.4099626126678585,0.0,0.0,0.08198038355259782,0.0,inf,2.5,50.0,10
16439.89538878405,5.971813111808118,0.3177181647404097,0.0,0.0,0.12030980713402348,0.0,inf,2.5,50.0,10
16167.326349575007,6.04442155904786,0.3293631422669519,0.0,0.0,0.11422735030470389,0.0,inf,2.5,50.0,10
14195.949791132402,6.609159062217087,0.44336104537664806,0.0,0.0,0.07565853307866363,0.0,inf,2.5,50.0,10
14947.132997854873,6.385224620279857,0.3964109656048143,0.0,0.0,0.08272219345050211,0.0,inf,2.5,50.0,10
16051.119207754713,6.0757504071234925,0.3093119844460011,0.0,0.0,0.1167595033322183,0.0,inf,2.5,50.0,10
16644.729020499668,5.918036317182499,0.3460001122616515,0.0,0.0,0.10330755799554606,0.0,inf,2.5,50.0,10
14389.566039257432,6.550326641931344,0.4346497850855148,0.0,0.0,0.0845921268887847,0.0,inf,2.5,50.0,10
15371.985548620183,6.2635039336062786,0.40002420401701466,0.0,0.0,0.08279846530292702,0.0,inf,2.5,50.0,10
15993.988355026531,6.091235853895899,0.3133227157246147,0.0,0.0,0.11036759720104221,0.0,inf,2.5,50.0,10
16146.788196964566,6.04994212346587,0.3380030049023636,0.0,0.0,0.09912931030295728,0.0,inf,2.5,50.0,10
14703.846808922437,6.456493914712926,0.481798586137631,0.0,0.0,0.06153697915276357,0.0,inf,2.5,50.0,10
14924.360800632248,6.391846211805997,0.42919359029937093,0.0,0.0,0.08718056578467752,0.0,inf,2.5,50.0,10
15126.08465992484,6.333538340769399,0.3443996826208221,0.0,0.0,0.10270299100212274,0.0,inf,2.5,50.0,10
16448.879711617556,5.969440361886375,0.3291569099675086,0.0,0.0,0.0989426960918111,0.0,inf,2.5,50.0,10
15613.89743713811,6.195690385759686,0.3207188988594627,0.0,0.0,0.1065302822626599,0.0,inf,2.5,50.0,10
15225.700730633376,6.305030716191978,0.3874590453601496,0.0,0.0,0.09224708496666835,0.0,inf,2.5,50.0,10
14496.715375558459,6.518107486924793,0.40878070737033884,0.0,0.0,0.07870598661498442,0.0,inf,2.5,50.0,10
16342.018483572845,5.9977466349785,0.36314501137715294,0.0,0.0,0.09761187203710404,0.0,inf,2.5,50.0,10
15924.168755342656,6.110235895239381,0.33048480963034155,0.0,0.0,0.10501634931516975,0.0,inf,2.5,50.0,10
15497.542894469445,6.228175137919938,0.3863890172631619,0.0,0.0,0.10229561230743793,0.0,inf,2.5,50.0,10
15749.820486766343,6.158047527137896,0.312980738098587,0.0,0.0,0.12692916790545836,0.0,inf,2.5,50.0,10
17195.980129352753,5.776534262674069,0.3294926164019095,0.0,0.0,0.11039219825121956,0.0,inf,2.5,50.0,10
16500.324156061997,5.955878846657521,0.3474128961304114,0.0,0.0,0.09535699414029628,0.0,inf,2.5,50.0,10
14988.908162771568,6.373103621859641,0.3072485762123683,0.0,0.0,0.13076948385144577,0.0,inf,2.5,50.0,10
16840.433154303963,5.867271030329778,0.29059630410261655,0.0,0.0,0.10894144327020766,0.0,inf,2.5,50.0,10
14865.19225496363,6.4090983045982375,0.39940718750065873,0.0,0.0,0.08422828497915111,0.0,inf,2.5,50.0,10
15805.433638167126,6.142739452174851,0.32416103944445407,0.0,0.0,0.1309889140077194,0.0,inf,2.5,50.0,10
16571.193448492766,5.937265736658181,0.3472195647699159,0.0,0.0,0.09435882715766293,0.0,inf,2.5,50.0,10
16862.611554652343,5.861555251021267,0.2480954856166047,0.0,0.0,0.14078009088675955,0.0,inf,2.5,50.0,10
15484.47031499492,6.23184007049134,0.3161941760150389,0.0,0.0,0.11203606751964129,0.0,inf,2.5,50.0,10
16177.029886614731,6.041815730267745,0.3106931857140311,0.0,0.0,0.10424168425451386,0.0,inf,2.5,50.0,10
16507.983064789278,5.953863461963543,0.2999671905417283,0.0,0.0,0.12180327566948469,0.0,inf,2.5,50.0,10
15406.247108917598,6.253835014087608,0.3464290131205214,0.0,0.0,0.10550778890632301,0.0,inf,2.5,50.0,10
14511.150868534378,6.513785034933488,0.4367025096964518,0.0,0.0,0.07783737584619613,0.0,inf,2.5,50.0,10
17346.704520894826,5.738633799733238,0.33491677292136446,0.0,0.0,0.09340340186211127,0.0,inf,2.5,50.0,10
16234.31830131772,6.026463040741601,0.2966535693044763,0.0,0.0,0.1300219602223159,0.0,inf,2.5,50.0,10
16020.89567910195,6.083935683695195,0.33779560917893936,0.0,0.0,0.09956720229141469,0.0,inf,2.5,50.0,10
17800.72343994452,5.626427080201744,0.23553359890640066,0.0,0.0,0.15368876262622438,0.0,inf,2.5,50.0,10
16662.10814341704,5.913504119885486,0.30358584896718654,0.0,0.0,0.10445380964639167,0.0,inf,2.5,50.0,10
17091.93446879889,5.802891418230084,0.3297750216518192,0.0,0.0,0.10450101227430858,0.0,inf,2.5,50.0,10
15748.835615554588,6.158319109602493,0.27692019928627126,0.0,0.0,0.1341191183988797,0.0,inf,2.5,50.0,10
17384.32941404171,5.729224180717144,0.24645435430749463,0.0,0.0,0.1429673008506776,0.0,inf,2.5,50.0,10
16095.480137417138,6.063764243992052,0.24237657820106376,0.0,0.0,0.1480258475780245,0.0,inf,2.5,50.0,10
15139.798100030644,6.32960277290861,0.3690148141862013,0.0,0.0,0.08852678931339406,0.0,inf,2.5,50.0,10
16953.949920162577,5.838094648960461,0.22102956469522844,0.0,0.0,0.1557993637982849,0.0,inf,2.5,50.0,10
15292.246237963904,6.2860907839196525,0.33107088443133215,0.0,0.0,0.11701253763621432,0.0,inf,2.5,50.0,10
14612.067466653763,6.4836869210439305,0.4353211398717385,0.0,0.0,0.0778952361164782,0.0,inf,2.5,50.0,10
16796.24773793971,5.878680891847715,0.2508955028962903,0.0,0.0,0.12265096578692469,0.0,inf,2.5,50.0,10
17135.36317156175,5.7918704744875225,0.25168215399077776,0.0,0.0,0.13569077160940096,0.0,inf,2.5,50.0,10
15636.26015709424,6.189474732282862,0.33180684060312765,0.0,0.0,0.1133424989116099,0.0,inf,2.5,50.0,10
16961.16131997871,5.836247760609149,0.22669083170988272,0.0,0.0,0.15534213642499725,0.0,inf,2.5,50.0,10
14206.172335930065,6.60603282047467,0.44337682452280186,0.0,0.0,0.0704247388337357,0.0,inf,2.5,50.0,10
16415.56192642054,5.978246070729325,0.28579856422735894,0.0,0.0,0.11804580064095285,0.0,inf,2.5,50.0,10
16873.66129578555,5.858710335820652,0.20790469608442333,0.0,0.0,0.175163281150729,0.0,inf,2.5,50.0,10
15783.099772584314,6.148880589575734,0.3169057261650392,0.0,0.0,0.12085461036871147,0.0,inf,2.5,50.0,10
15706.779261624812,6.169932205321857,0.37050510304413803,0.0,0.0,0.10626659023394114,0.0,inf,2.5,50.0,10
14793.144110578862,6.430198728238745,0.4116437642673402,0.0,0.0,0.09555451935133885,0.0,inf,2.5,50.0,10
16120.273673005275,6.057079503425645,0.2817698473043557,0.0,0.0,0.1301166633257988,0.0,inf,2.5,50.0,10
17057.816519088403,5.811569222193141,0.28185692962159503,0.0,0.0,0.12717216598177644,0.0,inf,2.5,50.0,10
16502.911501427396,5.955197901413889,0.28128101089037083,0.0,0.0,0.1320887475340765,0.0,inf,2.5,50.0,10
15725.978113256238,6.164626939697314,0.3461999467393375,0.0,0.0,0.09941037704565868,0.0,inf,2.5,50.0,10
17459.17930355962,5.710565357201451,0.19105405196803107,0.0,0.0,0.16214502516823698,0.0,inf,2.5,50.0,10
16726.970016612635,5.896630824424003,0.25096077940120975,0.0,0.0,0.1597374536716219,0.0,inf,2.5,50.0,10
15043.028483411557,6.357450830410805,0.4252889781753994,0.0,0.0,0.0896162261764222,0.0,inf,2.5,50.0,10
15222.111224012517,6.3060546997397875,0.28254779603500896,0.0,0.0,0.15346786569864482,0.0,inf,2.5,50.0,10
17150.444250899178,5.788049867389607,0.22921907434640912,0.0,0.0,0.146282738835271,0.0,inf,2.5,50.0,10
16636.028322123835,5.92030709806679,0.24232206704915943,0.0,0.0,0.14410094299880188,0.0,inf,2.5,50.0,10
15917.896501669327,6.111946842800519,0.33059134672148666,0.0,0.0,0.1199399386766608,0.0,inf,2.5,50.0,10
16805.393332365606,5.876316792259449,0.33039616505754554,0.0,0.0,0.106795382876222,0.0,inf,2.5,50.0,10
15908.121498040355,6.114614616236817,0.28823433913349916,0.0,0.0,0.13549150685860775,0.0,inf,2.5,50.0,10
17892.55634586539,5.604079673329219,0.2702708053073153,0.0,0.0,0.14735536017840598,0.0,inf,2.5,50.0,10
17194.047902453185,5.777022285237107,0.22690253368503988,0.0,0.0,0.15692667898971824,0.0,inf,2.5,50.0,10
16875.81621264173,5.8581557384935445,0.2428912714192389,0.0,0.0,0.1699559247124261,0.0,inf,2.5,50.0,10
16596.995983935743,5.930508719640209,0.27674267047434997,0.0,0.0,0.11717547438850258,0.0,inf,2.5,50.0,10
15938.561603845099,6.10631235507935,0.3108731945699304,0.0,0.0,0.12264154381171763,0.0,inf,2.5,50.0,10
16003.455202335446,6.088666023803144,0.29901522417854837,0.0,0.0,0.12019372428675035,0.0,inf,2.5,50.0,10
15782.884517991646,6.14893982034829,0.27099014045319086,0.0,0.0,0.14014387234285214,0.0,inf,2.5,50.0,10
16034.372155287818,6.080284015820771,0.2486199583440837,0.0,0.0,0.15562593439353234,0.0,inf,2.5,50.0,10
15469.336559087757,6.236086725664565,0.38750112652702773,0.0,0.0,0.087825281029354,0.0,inf,2.5,50.0,10
14866.181690617894,6.408809245339966,0.3804212691925996,0.0,0.0,0.08873286818693082,0.0,inf,2.5,50.0,10
17373.733794616215,5.731871980258649,0.24225336680633408,0.0,0.0,0.1382873926606213,0.0,inf,2.5,50.0,10
16960.21536749407,5.836489980698336,0.27063697173715345,0.0,0.0,0.11893567705477487,0.0,inf,2.5,50.0,10
16030.106498282286,6.081439532072971,0.26835658205153534,0.0,0.0,0.12930655340002675,0.0,inf,2.5,50.0,10
16666.587409880485,5.9123367650355805,0.2715965214780538,0.0,0.0,0.1501174762747685,0.0,inf,2.5,50.0,10
16687.964919920647,5.906769827229486,0.27664544528828305,0.0,0.0,0.12339653613488041,0.0,inf,2.5,50.0,10
16093.627344720246,6.064264200473111,0.29904842164719675,0.0,0.0,0.1239198232070676,0.0,inf,2.5,50.0,10
15907.667876324575,6.114738457519351,0.3393924120505061,0.0,0.0,0.10209447573791794,0.0,inf,2.5,50.0,10
15792.241270302093,6.146365904384722,0.265948559831558,0.0,0.0,0.132117451654003,0.0,inf,2.5,50.0,10
15424.947710520799,6.248566603876404,0.37092902978778997,0.0,0.0,0.10647639143716553,0.0,inf,2.5,50.0,10
15959.169868227931,6.1007006351636655,0.23648857338119728,0.0,0.0,0.15682101749765828,0.0,inf,2.5,50.0,10
15150.205270882727,6.32661843712245,0.37494600171553155,0.0,0.0,0.10065844081854673,0.0,inf,2.5,50.0,10
15638.158368413413,6.188947539298128,0.2967950583521523,0.0,0.0,0.1182548657752499,0.0,inf,2.5,50.0,10
17191.987822777053,5.777542659986813,0.25148704728402643,0.0,0.0,0.1500477889836029,0.0,inf,2.5,50.0,10
16740.313930420478,5.893167628276982,0.26008830324956395,0.0,0.0,0.13333944718542065,0.0,inf,2.5,50.0,10
16430.814164287673,5.974212771469661,0.22757035242839319,0.0,0.0,0.13960645309067782,0.0,inf,2.5,50.0,10
17374.24668956952,5.731743772837712,0.20303894511319764,0.0,0.0,0.16243014253247054,0.0,inf,2.5,50.0,10
15245.475443944453,6.299393880889888,0.3706697396951538,0.0,0.0,0.10114925382951287,0.0,inf,2.5,50.0,10
17467.628473734294,5.708464147106044,0.2012990073402335,0.0,0.0,0.1637753039475827,0.0,inf,2.5,50.0,10
16722.830164029612,5.8977058174775765,0.23277582282661838,0.0,0.0,0.1475733238539607,0.0,inf,2.5,50.0,10
16717.043547684716,5.899208870745199,0.19860350378870853,0.0,0.0,0.18963012970904797,0.0,inf,2.5,50.0,10
17630.65547329882,5.668119020487394,0.19395692533727327,0.0,0.0,0.17023388955285565,0.0,inf,2.5,50.0,10
16728.427138271963,5.89625251781262,0.23127940387844323,0.0,0.0,0.160826110039454,0.0,inf,2.5,50.0,10
16727.554942662216,5.896478958477028,0.2668495557994725,0.0,0.0,0.13029022786832173,0.0,inf,2.5,50.0,10
16913.640747729874,5.848432590974398,0.24758643411821196,0.0,0.0,0.15257182914197104,0.0,inf,2.5,50.0,10
16074.986645376688,6.069297400705073,0.3010605013206629,0.0,0.0,0.1363478010991527,0.0,inf,2.5,50.0,10
16072.729617264238,6.0699072199832695,0.2008490257121218,0.0,0.0,0.19067683848934847,0.0,inf,2.5,50.0,10
17417.50462089321,5.7209442644223305,0.24700909701838486,0.0,0.0,0.15117906479367324,0.0,inf,2.5,50.0,10
17401.510959500654,5.724934015000253,0.22710527440367465,0.0,0.0,0.1649098365898163,0.0,inf,2.5,50.0,10
16599.429364042517,5.929872022439495,0.2670616052694919,0.0,0.0,0.13870407318695396,0.0,inf,2.5,50.0,10
16224.790390477572,6.029012660486295,0.3067257936183407,0.0,0.0,0.12003889869323041,0.0,inf,2.5,50.0,10
16569.465540878373,5.937718606797601,0.2539652031141482,0.0,0.0,0.1455267412989428,0.0,inf,2.5,50.0,10
16458.90032418832,5.966795457323048,0.26081884113090353,0.0,0.0,0.15071238106556378,0.0,inf,2.5,50.0,10
17089.146997629072,5.803599753542055,0.250991069865775,0.0,0.0,0.1389898625323517,0.0,inf,2.5,50.0,10
16940.258157126496,5.841603364929853,0.23640332823563406,0.0,0.0,0.13413041468867165,0.0,inf,2.5,50.0,10
16685.278543894452,5.907468997082894,0.22297302481332187,0.0,0.0,0.1605167691238954,0.0,inf,2.5,50.0,10
17061.42047708908,5.8106517461788325,0.22351269048400565,0.0,0.0,0.17252221937280207,0.0,inf,2.5,50.0,10
17143.957032951083,5.789692912834866,0.2359135329210745,0.0,0.0,0.16437953249122034,0.0,inf,2.5,50.0,10
16900.67195690392,5.851763887173157,0.2576317713491442,0.0,0.0,0.15269153411114392,0.0,inf,2.5,50.0,10
16730.66723117369,5.895670995804354,0.21154118873919453,0.0,0.0,0.1881404696127745,0.0,inf,2.5,50.0,10
16548.233141400946,5.9432873000105415,0.2960048635986905,0.0,0.0,0.1396970614010814,0.0,inf,2.5,50.0,10
17266.24872179481,5.758823681984241,0.25954970944807954,0.0,0.0,0.15742806959318564,0.0,inf,2.5,50.0,10
17362.945565394108,5.7345695717715,0.1929908212945906,0.0,0.0,0.1640741617136922,0.0,inf,2.5,50.0,10
16635.784664763472,5.9203707068921485,0.2547114947088034,0.0,0.0,0.13995452761864058,0.0,inf,2.5,50.0,10
16823.24177029403,5.871706745608969,0.24244691005121455,0.0,0.0,0.1371919588767686,0.0,inf,2.5,50.0,10
16531.912565926355,5.947572611513035,0.25090909407054984,0.0,0.0,0.15895397293979893,0.0,inf,2.5,50.0,10
16554.724730246286,5.941583971104775,0.2199454675902067,0.0,0.0,0.17802495196399942,0.0,inf,2.5,50.0,10
17795.431654328157,5.6277183394984,0.1750741814829368,0.0,0.0,0.17453332708588612,0.0,inf,2.5,50.0,10
17117.498766148932,5.79640055633051,0.20500612959594144,0.0,0.0,0.16913161439028662,0.0,inf,2.5,50.0,10
16277.833099466137,6.014837696255136,0.22776487096838438,0.0,0.0,0.14394984707221384,0.0,inf,2.5,50.0,10
16803.44042838019,5.876821502081603,0.21197479446358578,0.0,0.0,0.1782574297340996,0.0,inf,2.5,50.0,10
17198.727988258255,5.775840330364387,0.2249385766584947,0.0,0.0,0.1594888050763473,0.0,inf,2.5,50.0,10
16583.092046902468,5.934148495085116,0.21224308617703402,0.0,0.0,0.1698736448287392,0.0,inf,2.5,50.0,10
16941.71782713182,5.841229167964837,0.2904243036276799,0.0,0.0,0.11841892815917206,0.0,inf,2.5,50.0,10
16759.35641360623,5.888230238639938,0.26379425903150266,0.0,0.0,0.14268739336164876,0.0,inf,2.5,50.0,10
15936.378461637716,6.1069072591722895,0.2749435913562064,0.0,0.0,0.13930034562590585,0.0,inf,2.5,50.0,10
15704.771519814196,6.170487384018185,0.2576252342917975,0.0,0.0,0.1772742392015203,0.0,inf,2.5,50.0,10
16369.023273818164,5.990575946781002,0.2854518328371163,0.0,0.0,0.13231456238624004,0.0,inf,2.5,50.0,10
16488.20520636764,5.959069769876724,0.23780323538201553,0.0,0.0,0.15676848265077356,0.0,inf,2.5,50.0,10
17594.495814583635,5.677035346004492,0.17990949520071486,0.0,0.0,0.179677051342952,0.0,inf,2.5,50.0,10
17386.800164513475,5.728606982880398,0.17908021383121067,0.0,0.0,0.2071656153735031,0.0,inf,2.5,50.0,10
17108.73092369478,5.798625648439012,0.1975797178451948,0.0,0.0,0.16667185363157727,0.0,inf,2.5,50.0,10
17936.776681021274,5.593359598086529,0.19156738292000278,0.0,0.0,0.18072284593699645,0.0,inf,2.5,50.0,10
16791.209754681375,5.879983740296967,0.24408439230375997,0.0,0.0,0.15815437562186693,0.0,inf,2.5,50.0,10
17492.66865050564,5.7022429113890505,0.17527830594957677,0.0,0.0,0.19203076199622934,0.0,inf,2.5,50.0,10
16851.267108595024,5.864477982373599,0.18864303236457997,0.0,0.0,0.17123676498198434,0.0,inf,2.5,50.0,10
18022.548700827407,5.572641531130355,0.15139561269378585,0.0,0.0,0.1995839559811065,0.0,inf,2.5,50.0,10
16769.231528523735,5.885671999057498,0.2591277846498633,0.0,0.0,0.15862355561217048,0.0,inf,2.5,50.0,10
17257.419670650474,5.761045003445466,0.2184753489673325,0.0,0.0,0.1767972945209049,0.0,inf,2.5,50.0,10
15859.124239931614,6.128011594920211,0.26923860187062687,0.0,0.0,0.15874585500320593,0.0,inf,2.5,50.0,10
16369.873663328011,5.990350331683225,0.24576057114036046,0.0,0.0,0.13910623121753224,0.0,inf,2.5,50.0,10
17176.62882856728,5.781424298252677,0.16058566983260958,0.0,0.0,0.2006242434440153,0.0,inf,2.5,50.0,10
17969.682747052466,5.5853995111679575,0.15539581194779034,0.0,0.0,0.1887453053326676,0.0,inf,2.5,50.0,10
17206.79547104079,5.773803643828481,0.2040058419033873,0.0,0.0,0.14948210729045158,0.0,inf,2.5,50.0,10
16587.34830083386,5.933033968062413,0.1980332387296562,0.0,0.0,0.20278402767321688,0.0,inf,2.5,50.0,10
17556.76643925098,5.686358291898589,0.22412449961879616,0.0,0.0,0.17721457234490245,0.0,inf,2.5,50.0,10
16664.297769390818,5.9129334357969,0.16747563892552636,0.0,0.0,0.2007929252214467,0.0,inf,2.5,50.0,10
18354.686617957774,5.493333869695296,0.19875471543168624,0.0,0.0,0.17210324103824198,0.0,inf,2.5,50.0,10
17157.168755342656,5.786347379250778,0.1725087110192171,0.0,0.0,0.1895335390333056,0.0,inf,2.5,50.0,10
16638.313688488895,5.919710529093183,0.24890086771084255,0.0,0.0,0.1612842032319872,0.0,inf,2.5,50.0,10
17180.835438138096,5.780360827841083,0.19774025637799525,0.0,0.0,0.18288340441827086,0.0,inf,2.5,50.0,10
17066.010564345735,5.809483507305756,0.1667401697114212,0.0,0.0,0.1963156435165589,0.0,inf,2.5,50.0,10
15670.990645312173,6.179839095050182,0.2537015394625335,0.0,0.0,0.1402853410877875,0.0,inf,2.5,50.0,10
17495.83618006161,5.701456572779931,0.14206949669629082,0.0,0.0,0.2090693185139908,0.0,inf,2.5,50.0,10
16974.40928372123,5.832856912752603,0.18204823310780524,0.0,0.0,0.17674446544425015,0.0,inf,2.5,50.0,10
17397.35523620587,5.725971294602222,0.22838872435902188,0.0,0.0,0.16422490848036053,0.0,inf,2.5,50.0,10
17788.80393864615,5.629336123516316,0.1739491624691258,0.0,0.0,0.1754991092806483,0.0,inf,2.5,50.0,10
17390.225738294543,5.7277514135747065,0.18533251370105847,0.0,0.0,0.1735707214494326,0.0,inf,2.5,50.0,10
15856.882163190916,6.128625620245931,0.28053333094709876,0.0,0.0,0.14961199538166844,0.0,inf,2.5,50.0,10
16954.615667489234,5.8379241136486115,0.21072823432589327,0.0,0.0,0.19214999636036378,0.0,inf,2.5,50.0,10
17805.811922388348,5.62518579129836,0.1940680999129708,0.0,0.0,0.18117725516116667,0.0,inf,2.5,50.0,10
17365.51213690102,5.7339276498903455,0.12836564368534278,0.0,0.0,0.22815842128842218,0.0,inf,2.5,50.0,10
17979.936436509088,5.582922088056362,0.19274618483369202,0.0,0.0,0.18533400117954105,0.0,inf,2.5,50.0,10
17031.155174916534,5.818362549442097,0.13631909263144684,0.0,0.0,0.2313282061160886,0.0,inf,2.5,50.0,10
18001.208028902758,5.577787100600366,0.1971159486589842,0.0,0.0,0.18470091786106985,0.0,inf,2.5,50.0,10
16784.998500024194,5.881590540942004,0.15460170879501273,0.0,0.0,0.19507814935636958,0.0,inf,2.5,50.0,10
17082.614070740794,5.805260314217957,0.18265752160598822,0.0,0.0,0.17277854819397706,0.0,inf,2.5,50.0,10
15941.317220689989,6.105561568541205,0.23884390871478076,0.0,0.0,0.15416003700091352,0.0,inf,2.5,50.0,10
16632.410267576328,5.921251717771236,0.2733701373754021,0.0,0.0,0.1405999782502852,0.0,inf,2.5,50.0,10
17909.520120643214,5.599964116324316,0.13568255946756744,0.0,0.0,0.20477854474227722,0.0,inf,2.5,50.0,10
18189.448718569056,5.532608240975284,0.13785543175948475,0.0,0.0,0.2159859245476109,0.0,inf,2.5,50.0,10
17470.58090998532,5.707730150259804,0.14839121047573475,0.0,0.0,0.22259787732942177,0.0,inf,2.5,50.0,10
16541.46810535314,5.9450630899123365,0.2140056647703749,0.0,0.0,0.18366060679991963,0.0,inf,2.5,50.0,10
17442.544604119288,5.714705186363586,0.15390348821090127,0.0,0.0,0.22624410899110992,0.0,inf,2.5,50.0,10
18118.80439025177,5.549508244723487,0.1215682184054388,0.0,0.0,0.23049356936372845,0.0,inf,2.5,50.0,10
17759.009951452397,5.636616102702666,0.12139625096572909,0.0,0.0,0.23214726491920132,0.0,inf,2.5,50.0,10
17418.83540588055,5.72061245426292,0.17570595976055509,0.0,0.0,0.19137584999460897,0.0,inf,2.5,50.0,10
17216.817099724198,5.771274950391149,0.17661229633138364,0.0,0.0,0.21019099778554137,0.0,inf,2.5,50.0,10
17533.957032951083,5.692004228890757,0.1626686114223313,0.0,0.0,0.18912190526372027,0.0,inf,2.5,50.0,10
17637.697214561056,5.666384780478576,0.14565721024184738,0.0,0.0,0.21736071225482645,0.0,inf,2.5,50.0,10
17112.348220189997,5.797707517303213,0.20381609789876415,0.0,0.0,0.18655988393297607,0.0,inf,2.5,50.0,10
16718.583200270965,5.8988089006009155,0.19487224940256423,0.0,0.0,0.17731132125139976,0.0,inf,2.5,50.0,10
18140.49004048322,5.544313461149917,0.16874498704296761,0.0,0.0,0.1752924987661653,0.0,inf,2.5,50.0,10
17447.359623231885,5.713506480726272,0.17675118096908585,0.0,0.0,0.19889164665403855,0.0,inf,2.5,50.0,10
16745.883453492686,5.891722965491497,0.23194707326524053,0.0,0.0,0.18461803279693384,0.0,inf,2.5,50.0,10
16493.59697424235,5.957649826209773,0.2096092951748509,0.0,0.0,0.17703877397705972,0.0,inf,2.5,50.0,10
17660.456734568797,5.660784297612449,0.16510893186319017,0.0,0.0,0.20621252429176076,0.0,inf,2.5,50.0,10
16576.86284092192,5.935780167881395,0.1714181383162396,0.0,0.0,0.19596434809658486,0.0,inf,2.5,50.0,10
17153.52066902147,5.787270907044214,0.15853434374967182,0.0,0.0,0.20067977286978061,0.0,inf,2.5,50.0,10
17084.1824970565,5.804861588576056,0.22149377019247188,0.0,0.0,0.16070825096338665,0.0,inf,2.5,50.0,10
17633.6905372494,5.66737146003139,0.14838903081584676,0.0,0.0,0.2051719600047492,0.0,inf,2.5,50.0,10
16547.12111094982,5.943579152870088,0.19333097881472114,0.0,0.0,0.21654024729488736,0.0,inf,2.5,50.0,10
17519.49575006855,5.69558758814059,0.20098457211569393,0.0,0.0,0.1782873113129813,0.0,inf,2.5,50.0,10
16910.127514072352,5.849334783766623,0.22296851051077976,0.0,0.0,0.16821431530598546,0.0,inf,2.5,50.0,10
17673.62652215287,5.657546875942895,0.17464255289472191,0.0,0.0,0.1844159753258862,0.0,inf,2.5,50.0,10
17269.61815132014,5.757976258834255,0.15477142138274497,0.0,0.0,0.18047845124081252,0.0,inf,2.5,50.0,10
16723.555587813098,5.897517427886788,0.15479855941118234,0.0,0.0,0.201762951636984,0.0,inf,2.5,50.0,10
16792.617844873468,5.879619561557069,0.15130813858291114,0.0,0.0,0.20798817251575788,0.0,inf,2.5,50.0,10
16903.244205738618,5.8511029498594,0.17763765666228568,0.0,0.0,0.21311970534464056,0.0,inf,2.5,50.0,10
17769.818002935437,5.633973810494194,0.18008126410042855,0.0,0.0,0.1831575035929972,0.0,inf,2.5,50.0,10
17601.219254528154,5.675376079871044,0.17927396232623408,0.0,0.0,0.1605950461755627,0.0,inf,2.5,50.0,10
16588.865227980194,5.932636820214912,0.1653583544466453,0.0,0.0,0.20506660015662453,0.0,inf,2.5,50.0,10
17361.187561490944,5.735009318613945,0.17334768524610664,0.0,0.0,0.18634332747759302,0.0,inf,2.5,50.0,10
17672.215915872326,5.65789351842294,0.18011219853370689,0.0,0.0,0.20121392644093655,0.0,inf,2.5,50.0,10
17370.618280350318,5.732650841038483,0.19825695211986138,0.0,0.0,0.16361153725045752,0.0,inf,2.5,50.0,10
16780.33962355446,5.882796144382207,0.2104350566451761,0.0,0.0,0.196630512004405,0.0,inf,2.5,50.0,10
18242.242125127013,5.520021451470388,0.12299334438433994,0.0,0.0,0.22127000140135625,0.0,inf,2.5,50.0,10
18190.75064918308,5.532297400852602,0.14193380314058734,0.0,0.0,0.21530614189002667,0.0,inf,2.5,50.0,10
16383.990435638136,5.986606750970022,0.19598152242742375,0.0,0.0,0.201368148475663,0.0,inf,2.5,50.0,10
8595.352800761279,8.788166536343324,0.7974803321398416,0.0,0.0,0.0,0.0060319201840313185,inf,2.5,50.0,10
11944.347800841922,7.359179199865671,0.5821632883238644,0.0,0.0,0.0,-0.02289710648457703,inf,2.5,50.0,10
8911.831389816294,8.631133997309279,0.8134180351691409,0.0,0.0,0.0,-0.005190743749972576,inf,2.5,50.0,10
8177.156578119708,9.004780470631788,0.8469065076474992,0.0,0.0,0.0,-0.0031322530406801604,inf,2.5,50.0,10
10450.479395493621,7.939441475459956,0.6885762486205271,0.0,0.0,0.0,0.012964779272046032,inf,2.5,50.0,10
10455.617941646102,7.9373065554431035,0.7107851656402505,0.0,0.0,0.0,0.012785285060222354,inf,2.5,50.0,10
14289.934597829068,6.580501197513236,0.43850601450782845,0.0,0.0,0.0,0.03941843302453031,inf,2.5,50.0,10
11244.72947210529,7.621313493119237,0.6662565130538415,0.0,0.0,0.0,0.011334592839357392,inf,2.5,50.0,10
11633.238109062757,7.473797435462593,0.6176609503134961,0.0,0.0,0.0,-0.0189130933577568,inf,2.5,50.0,10
10346.665553781391,7.982799497140469,0.7263078122539595,0.0,0.0,0.0,-0.010967304467743471,inf,2.5,50.0,10
12551.053692682375,7.144001734008009,0.627937471341646,0.0,0.0,0.0,0.016941615846087284,inf,2.5,50.0,10
13582.086498604862,6.801138688892112,0.5039278432114347,0.0,0.0,0.0,-0.02962062190628844,inf,2.5,50.0,10
11685.418090030806,7.454361053339285,0.6513118729955848,0.0,0.0,0.0,-0.014284100516873928,inf,2.5,50.0,10
10762.966065063467,7.811483898925849,0.6577008057368852,0.0,0.0,0.0,-0.014390541685335583,inf,2.5,50.0,10
10976.516249737908,7.7261583619875065,0.7045529258268067,0.0,0.0,0.0,-0.011662762822069534,inf,2.5,50.0,10
6330.442073514943,10.11646321721904,0.8999401250130199,0.0,0.0,0.0,0.0004011264496452632,inf,2.5,50.0,10
13246.101643521879,6.909922775999439,0.561864800338484,0.0,0.0,0.0,-0.021372763184758396,inf,2.5,50.0,10
13192.724101224174,6.92745880713582,0.48728509713814044,0.0,0.0,0.0,-0.03852922884589575,inf,2.5,50.0,10
7367.474056870051,9.457617456269816,0.8693083461554197,0.0,0.0,0.0,0.0019802542458247077,inf,2.5,50.0,10
8762.927404396703,8.704311470293732,0.7861519864995147,0.0,0.0,0.0,-0.0072987141786660685,inf,2.5,50.0,10
14758.970226286672,6.440243042374595,0.42695893905831933,0.0,0.0,0.0,-0.03680483915441828,inf,2.5,50.0,10
15468.292801729005,6.236379765610346,0.44303337491605166,0.0,0.0,0.0,0.032372912325512766,inf,2.5,50.0,10
16486.912856244253,5.959410184444152,0.3550717676194253,0.0,0.0,0.0,0.045916704191249824,inf,2.5,50.0,10
14461.444928307608,6.528686728167383,0.5210081477405187,0.0,0.0,0.0,0.027832025765082112,inf,2.5,50.0,10
9070.685198625828,8.554402660082102,0.7913598271773922,0.0,0.0,0.0,-0.006275116906788765,inf,2.5,50.0,10
15448.564765084435,6.241922229683778,0.43270323681663825,0.0,0.0,0.0,-0.03621239141825071,inf,2.5,50.0,10
8630.109901453203,8.770640345280462,0.8074991654648004,0.0,0.0,0.0,-0.006028630048819324,inf,2.5,50.0,10
8462.679811615943,8.855724513622482,0.81498996220417,0.0,0.0,0.0,0.006003565272229102,inf,2.5,50.0,10
11923.347704069289,7.366821520004514,0.6495966254792543,0.0,0.0,0.0,-0.016072584625474205,inf,2.5,50.0,10
14451.757794229125,6.531596865154652,0.44417398687609694,0.0,0.0,0.0,-0.03552196429359934,inf,2.5,50.0,10
12939.486411509492,7.011633220216208,0.565664113776061,0.0,0.0,0.0,0.02598988014193765,inf,2.5,50.0,10
8129.565007016015,9.030130526793416,0.8053683498251142,0.0,0.0,0.0,0.0061077763832748004,inf,2.5,50.0,10
9197.602087063113,8.494057439676666,0.8028440973763115,0.0,0.0,0.0,-0.00691034835029123,inf,2.5,50.0,10
15098.663215109435,6.341418628463334,0.4017222310518818,0.0,0.0,0.0,0.04279967102813491,inf,2.5,50.0,10
7984.156513604619,9.108513190203858,0.8315762246114037,0.0,0.0,0.0,-0.0046962488111615165,inf,2.5,50.0,10
12015.838857437784,7.33326265425097,0.6040889593812069,0.0,0.0,0.0,-0.020624514506976124,inf,2.5,50.0,10
13792.853131401107,6.734262490751361,0.5507857176396954,0.0,0.0,0.0,0.02405328596963678,inf,2.5,50.0,10
13514.5264915082,6.822795269432379,0.5127664050888068,0.0,0.0,0.0,0.03326676537621932,inf,2.5,50.0,10
10648.965790874341,7.8577292897353885,0.7283431720827398,0.0,0.0,0.0,0.009908958640727208,inf,2.5,50.0,10
12048.434686537314,7.3214973314018525,0.5888391399587128,0.0,0.0,0.0,-0.017532218780036055,inf,2.5,50.0,10
16238.68337607458,6.025295469039883,0.36395614333941134,0.0,0.0,0.0,0.044433563698072776,inf,2.5,50.0,10
10833.453363655424,7.783134427732126,0.7023354459554892,0.0,0.0,0.0,0.013378711687574598,inf,2.5,50.0,10
14819.323720585151,6.422519757886757,0.42007685133034733,0.0,0.0,0.0,0.03632072021992939,inf,2.5,50.0,10
9625.136288124386,8.296734732056764,0.7421367325672333,0.0,0.0,0.0,-0.008840935183666854,inf,2.5,50.0,10
14782.103304785407,6.433441278461415,0.4268356660071105,0.0,0.0,0.0,0.04188939051524794,inf,2.5,50.0,10
14549.890566281189,6.502206339816504,0.41441910384676484,0.0,0.0,0.0,0.04651626904348044,inf,2.5,50.0,10
10474.921517394881,7.929295831379322,0.7339802692007246,0.0,0.0,0.0,0.008646342636181744,inf,2.5,50.0,10
11862.580022902857,7.389012057475948,0.6686394969313992,0.0,0.0,0.0,0.01475099444916194,inf,2.5,50.0,10
15890.378703569297,6.1194611332002875,0.27720310014743166,0.0,0.0,0.0,0.07243489734264177,inf,2.5,50.0,10
9521.473073014951,8.343762173162705,0.7543825988994366,0.0,0.0,0.0,0.00933634451166115,inf,2.5,50.0,10
8930.73603651554,8.621931076429261,0.8154824774199424,0.0,0.0,0.0,-0.004569828923574475,inf,2.5,50.0,10
16394.985355074918,5.983693277986648,0.3620439197682159,0.0,0.0,0.0,0.047978511184111755,inf,2.5,50.0,10
13316.270124675408,6.886977644954708,0.5403559234714361,0.0,0.0,0.0,0.02503567718193832,inf,2.5,50.0,10
15073.307898259705,6.3487179041689465,0.478731288400445,0.0,0.0,0.0,0.028917721638615536,inf,2.5,50.0,10
13178.44052515282,6.932163399416167,0.5631531114672158,0.0,0.0,0.0,0.02169393940091531,inf,2.5,50.0,10
14590.577603587039,6.490078760282451,0.45885536122640824,0.0,0.0,0.0,0.0390771210937442,inf,2.5,50.0,10
9472.196512959468,8.366296613952501,0.7883396112684673,0.0,0.0,0.0,0.005994163955338014,inf,2.5,50.0,10
10683.037451008855,7.843856099861184,0.6726164315348874,0.0,0.0,0.0,0.013599569350616198,inf,2.5,50.0,10
14852.196464573151,6.412896754366225,0.5015057743513628,0.0,0.0,0.0,0.03223991814259909,inf,2.5,50.0,10
14855.340768697279,6.411977422733372,0.4461883968146924,0.0,0.0,0.0,0.03448118234553416,inf,2.5,50.0,10
9901.211980451928,8.173920022091279,0.775677556841595,0.0,0.0,0.0,0.006841414366981763,inf,2.5,50.0,10
10223.670408541797,8.034735206461939,0.7306336564164064,0.0,0.0,0.0,0.009912333803299296,inf,2.5,50.0,10
8653.227173755262,8.759022554409553,0.8232121824320976,0.0,0.0,0.0,0.005692015291733767,inf,2.5,50.0,10
6671.773310107901,9.888390792097159,0.8930775608943866,0.0,0.0,0.0,0.0015398220883745851,inf,2.5,50.0,10
14186.54392671086,6.612037537382767,0.5260819346141723,0.0,0.0,0.0,0.02653039755374564,inf,2.5,50.0,10
15567.621973839132,6.208580837214458,0.4120555680103312,0.0,0.0,0.0,0.039545088303138944,inf,2.5,50.0,10
11138.83518007774,7.6624058307455565,0.6813945613356489,0.0,0.0,0.0,0.01570947596860655,inf,2.5,50.0,10
10937.814422348027,7.741498102726921,0.6692892264825918,0.0,0.0,0.0,0.013471255797930633,inf,2.5,50.0,10
12650.463798970984,7.109739126966764,0.5586560958847182,0.0,0.0,0.0,0.022781517485881763,inf,2.5,50.0,10
13890.16140062257,6.703730686945489,0.4811222657870292,0.0,0.0,0.0,0.03431228794669106,inf,2.5,50.0,10
12099.977258431316,7.302958067950199,0.6165348293659597,0.0,0.0,0.0,-0.017954574522456215,inf,2.5,50.0,10
12671.894743633167,7.102388039811686,0.5844724613986246,0.0,0.0,0.0,0.023941619051122156,inf,2.5,50.0,10
11136.654473314946,7.663256154515307,0.691851222387491,0.0,0.0,0.0,0.013412072514321834,inf,2.5,50.0,10
9404.650247576652,8.397377117919223,0.7576533747823755,0.0,0.0,0.0,0.009581034455308621,inf,2.5,50.0,10
17005.61450621764,5.824880308715894,0.24809161446710806,0.0,0.0,0.0,0.06629225744836917,inf,2.5,50.0,10
14357.367348913727,6.560055484448069,0.4621228406552416,0.0,0.0,0.0,0.030403479709904584,inf,2.5,50.0,10
15712.680134191383,6.168300912821293,0.44505865902262853,0.0,0.0,0.0,0.034976565758711956,inf,2.5,50.0,10
14337.709133723649,6.566005951749939,0.5195966411758283,0.0,0.0,0.0,0.026090561956766532,inf,2.5,50.0,10
15321.47313753004,6.2777983677611315,0.40651704908651387,0.0,0.0,0.0,0.04133752710788695,inf,2.5,50.0,10
11527.69153723327,7.513380139389532,0.6518647602047909,0.0,0.0,0.0,0.014517778187818332,inf,2.5,50.0,10
11689.629102756408,7.452796291056964,0.6519047906966686,0.0,0.0,0.0,0.01562830756432922,inf,2.5,50.0,10
14207.890808212771,6.605507501003951,0.4613806000614401,0.0,0.0,0.0,0.034084761120497006,inf,2.5,50.0,10
14805.239560652248,6.426649218526482,0.43729318691382063,0.0,0.0,0.0,0.043267175821767444,inf,2.5,50.0,10
15546.728343091241,6.214413509156637,0.3379638445761553,0.0,0.0,0.0,0.05349729764463437,inf,2.5,50.0,10
14647.933420428702,6.47304003577966,0.43147524565618545,0.0,0.0,0.0,0.04127328641080256,inf,2.5,50.0,10
14960.982645441203,6.381202417059354,0.3827898689906083,0.0,0.0,0.0,0.045184095373139374,inf,2.5,50.0,10
16254.1279495492,6.02116686750196,0.35683322915644816,0.0,0.0,0.0,0.04977401060097855,inf,2.5,50.0,10
16437.293737197786,5.972500447289128,0.30148837220802427,0.0,0.0,0.0,0.05335845800472203,inf,2.5,50.0,10
15991.788261479653,6.091833299754439,0.3478887940792916,0.0,0.0,0.0,0.050237539865269194,inf,2.5,50.0,10
14163.287979226141,6.6191627520669725,0.44687324058584005,0.0,0.0,0.0,0.036627868510337044,inf,2.5,50.0,10
15177.470347252463,6.318809678182101,0.4198220514575937,0.0,0.0,0.0,0.04134182341578786,inf,2.5,50.0,10
15245.955791035629,6.299257047633682,0.4428279545970929,0.0,0.0,0.0,0.033174239580571946,inf,2.5,50.0,10
15695.161190948533,6.173145805591506,0.3054560508073644,0.0,0.0,0.0,0.07372392722337374,inf,2.5,50.0,10
15359.600119352914,6.2670045169709745,0.37347172824473374,0.0,0.0,0.0,0.043839921088111,inf,2.5,50.0,10
13350.793600103225,6.875732789948885,0.5440951832477374,0.0,0.0,0.0,0.02351658011468292,inf,2.5,50.0,10
15663.071047241174,6.1820344298574685,0.3604561635751228,0.0,0.0,0.0,0.051084831170288725,inf,2.5,50.0,10
17193.161723198013,5.777246125882959,0.2937458775358605,0.0,0.0,0.0,0.05985705285793986,inf,2.5,50.0,10
12570.38031644651,7.137319434177938,0.5579201658969706,0.0,0.0,0.0,0.02480924100625201,inf,2.5,50.0,10
17434.405638618733,5.7167321456274305,0.24482667793289778,0.0,0.0,0.0,0.06893614455928301,inf,2.5,50.0,10
14355.561926420542,6.560601639122716,0.44106619398743363,0.0,0.0,0.0,0.039808756311911705,inf,2.5,50.0,10
13681.78069708553,6.769377359552986,0.5425500318827915,0.0,0.0,0.0,0.02491616665252686,inf,2.5,50.0,10
14093.384929275335,6.640650469953336,0.4944309796363745,0.0,0.0,0.0,0.03079564390279169,inf,2.5,50.0,10
14471.589006628925,6.525641408116009,0.4497206782743413,0.0,0.0,0.0,0.0373712955498655,inf,2.5,50.0,10
15783.057660360317,6.148892177369744,0.2890008008749061,0.0,0.0,0.0,0.06606002391088117,inf,2.5,50.0,10
12441.417509395009,7.182104964747729,0.6031765683448737,0.0,0.0,0.0,0.020230647370128856,inf,2.5,50.0,10
17077.254415251366,5.806623123225267,0.23249206352270083,0.0,0.0,0.0,0.08047229555877608,inf,2.5,50.0,10
14947.824083482525,6.385023827434528,0.48475734743484705,0.0,0.0,0.0,0.029682606823881127,inf,2.5,50.0,10
14722.273527846324,6.451054785597253,0.41707456374832863,0.0,0.0,0.0,0.047041149594564506,inf,2.5,50.0,10
13506.32186577636,6.82543265797312,0.4875468382195657,0.0,0.0,0.0,0.031929484147207116,inf,2.5,50.0,10
12200.395122659313,7.26706464880714,0.62368629350561,0.0,0.0,0.0,0.01592440263991754,inf,2.5,50.0,10
16446.691634005903,5.970018111410244,0.3167542707079106,0.0,0.0,0.0,0.05304054332086596,inf,2.5,50.0,10
15719.578571313366,6.1663946207841835,0.3599984185217031,0.0,0.0,0.0,0.04957628019707087,inf,2.5,50.0,10
12917.309317591651,7.019083015601369,0.5132971985237041,0.0,0.0,0.0,0.028651106003329978,inf,2.5,50.0,10
12747.743778326156,7.07647035025846,0.5719653597990769,0.0,0.0,0.0,0.026136248101464202,inf,2.5,50.0,10
16185.917678747117,6.0394303361879,0.3132815124610931,0.0,0.0,0.0,0.05399620971089325,inf,2.5,50.0,10
16525.63560265157,5.949221887213826,0.22287726562557733,0.0,0.0,0.0,0.08546086583269519,inf,2.5,50.0,10
14127.498201641909,6.630151001814318,0.5286272988080911,0.0,0.0,0.0,0.025905112688592285,inf,2.5,50.0,10
15204.874485895389,6.310975214129498,0.40441153156865484,0.0,0.0,0.0,0.04024250912735119,inf,2.5,50.0,10
9926.803116078772,8.16270952511967,0.7517381816789662,0.0,0.0,0.0,0.009329558846956458,inf,2.5,50.0,10
15308.74510088547,6.2814076900031965,0.3462025684391223,0.0,0.0,0.0,0.05984726887848128,inf,2.5,50.0,10
18015.56029741456,5.574325873157125,0.25809858585653916,0.0,0.0,0.0,0.07956457651413837,inf,2.5,50.0,10
16807.044208964373,5.875890184342756,0.2301191341324396,0.0,0.0,0.0,0.08176447817864224,inf,2.5,50.0,10
17920.097175852003,5.597400004736192,0.26212791771541405,0.0,0.0,0.0,0.06998455734773326,inf,2.5,50.0,10
16148.795309753068,6.049402310949681,0.2743272134905659,0.0,0.0,0.0,0.0693343034070994,inf,2.5,50.0,10
16189.123417364237,6.038570269575315,0.2510729075271108,0.0,0.0,0.0,0.08372327853202341,inf,2.5,50.0,10
16062.030564023162,6.072799128887938,0.2724837051560635,0.0,0.0,0.0,0.0761296713247967,inf,2.5,50.0,10
16080.192883985743,6.0678910700596,0.3098867730886928,0.0,0.0,0.0,0.05991467881037987,inf,2.5,50.0,10
17658.260721601266,5.661324360436869,0.2098657579411085,0.0,0.0,0.0,0.08667982554127197,inf,2.5,50.0,10
17281.04482185771,5.75510364238358,0.2888939574903927,0.0,0.0,0.0,0.06955052790110483,inf,2.5,50.0,10
16079.48381477718,6.068082579972777,0.3172076224331858,0.0,0.0,0.0,0.0593721287313653,inf,2.5,50.0,10
16251.6631183368,6.021825496356237,0.21745825302683672,0.0,0.0,0.0,0.0818263778646074,inf,2.5,50.0,10
16281.26281834164,6.013922739653529,0.28371471546090876,0.0,0.0,0.0,0.06745863661109783,inf,2.5,50.0,10
16519.25702811245,5.950898503198091,0.2772997555964327,0.0,0.0,0.0,0.06208013483468741,inf,2.5,50.0,10
17450.588167932776,5.7127029153358,0.19710372398369522,0.0,0.0,0.0,0.08414171104242543,inf,2.5,50.0,10
16697.241302559636,5.904356373875946,0.2697164229315908,0.0,0.0,0.0,0.07827863480363721,inf,2.5,50.0,10
16709.860486121193,5.901075369685738,0.20883542298344807,0.0,0.0,0.0,0.08808629371163017,inf,2.5,50.0,10
16491.09349849196,5.958309068840507,0.19267920144972303,0.0,0.0,0.0,0.09635185897107956,inf,2.5,50.0,10
15681.234302672538,6.177001169491917,0.34616615859269023,0.0,0.0,0.0,0.051345219723791385,inf,2.5,50.0,10
16938.217802938663,5.842126478523877,0.2862960584572147,0.0,0.0,0.0,0.0643023209793559,inf,2.5,50.0,10
16431.7076014903,5.973976627177456,0.24063042086628755,0.0,0.0,0.0,0.07383163234120309,inf,2.5,50.0,10
16812.447137949388,5.874494290371431,0.2528944708094513,0.0,0.0,0.0,0.07994863379777745,inf,2.5,50.0,10
16115.178045515395,6.058452527721037,0.2254322698467938,0.0,0.0,0.0,0.08011479345136831,inf,2.5,50.0,10
15761.368268253738,6.154864443159884,0.3115350986321678,0.0,0.0,0.0,0.06356215200446051,inf,2.5,50.0,10
15926.713698166159,6.109541877025617,0.3187629625992916,0.0,0.0,0.0,0.05369708765867831,inf,2.5,50.0,10
15450.736633280108,6.24131171078421,0.3704754261885497,0.0,0.0,0.0,0.0436553239701269,inf,2.5,50.0,10
17275.8854695892,5.7564004463636556,0.24875673809072868,0.0,0.0,0.0,0.07048522462722803,inf,2.5,50.0,10
16604.58926468928,5.928522236185517,0.28618443948791217,0.0,0.0,0.0,0.07279478173142959,inf,2.5,50.0,10
15855.771294011387,6.128929880093272,0.34828138601343944,0.0,0.0,0.0,0.04942078850916562,inf,2.5,50.0,10
17884.34841373526,5.606072388863693,0.19360359975528102,0.0,0.0,0.0,0.08651187702972586,inf,2.5,50.0,10
15752.056660376446,6.157430955714839,0.2904772277513321,0.0,0.0,0.0,0.06386733291629827,inf,2.5,50.0,10
15848.216383606716,6.130999686576603,0.2450628204925968,0.0,0.0,0.0,0.08712720019817076,inf,2.5,50.0,10
16467.826809245013,5.964440699571282,0.3304007277708513,0.0,0.0,0.0,0.05583007309782301,inf,2.5,50.0,10
16575.605216044904,5.936109663437332,0.24882312827732808,0.0,0.0,0.0,0.07775010534191716,inf,2.5,50.0,10
16147.466444089612,6.049759701553928,0.23726412948989065,0.0,0.0,0.0,0.06967625270334825,inf,2.5,50.0,10
14574.686569571459,6.494811368927225,0.4641649430930746,0.0,0.0,0.0,0.03420511195029102,inf,2.5,50.0,10
16831.167303753165,5.869661239177106,0.2601030618795212,0.0,0.0,0.0,0.07417437828483686,inf,2.5,50.0,10
16971.473540749343,5.8336080948519164,0.37436749148296206,0.0,0.0,0.0,0.04828964984687923,inf,2.5,50.0,10
14856.969806938598,6.411501201055546,0.4179118275550828,0.0,0.0,0.0,0.0349383011542741,inf,2.5,50.0,10
17432.523765745715,5.717200949172309,0.20179870327248578,0.0,0.0,0.0,0.08577312603017853,inf,2.5,50.0,10
17671.359429686618,5.658104004895074,0.17456233731122375,0.0,0.0,0.0,0.09263803592309051,inf,2.5,50.0,10
17723.017177142305,5.645427024680819,0.16678822358509024,0.0,0.0,0.0,0.09266698456007356,inf,2.5,50.0,10
17012.567684392186,5.823104948152517,0.16477088529129333,0.0,0.0,0.0,0.10572086802444244,inf,2.5,50.0,10
16750.095837163917,5.890630646334118,0.18038921182097833,0.0,0.0,0.0,0.09822547477405183,inf,2.5,50.0,10
16979.483782519637,5.831558783646358,0.22216437503656908,0.0,0.0,0.0,0.08968136369521915,inf,2.5,50.0,10
16727.52320123869,5.896487199453194,0.18454882196205202,0.0,0.0,0.0,0.10297541220075117,inf,2.5,50.0,10
16767.829212432058,5.886035190182418,0.18739477406249822,0.0,0.0,0.0,0.11155923731425817,inf,2.5,50.0,10
17324.9678392284,5.7440792377503875,0.1676281313399797,0.0,0.0,0.0,0.10417554479518995,inf,2.5,50.0,10
16183.149400816115,6.040173173681353,0.24154646264766758,0.0,0.0,0.0,0.0845064760387526,inf,2.5,50.0,10
15741.768552120127,6.1602683810029575,0.2283961156540928,0.0,0.0,0.0,0.07899370875043484,inf,2.5,50.0,10
16668.399283882518,5.911864656323499,0.22369448622524732,0.0,0.0,0.0,0.0850751346959721,inf,2.5,50.0,10
17130.58095837164,5.793082691962317,0.16079614378585425,0.0,0.0,0.0,0.10744095935250518,inf,2.5,50.0,10
17359.861582877696,5.735341028173032,0.11618959656405733,0.0,0.0,0.0,0.12705089395081745,inf,2.5,50.0,10
16609.04807986968,5.927356185734482,0.17998536265896065,0.0,0.0,0.0,0.09787729519764038,inf,2.5,50.0,10
16479.24562507056,5.961430338689385,0.205938583337792,0.0,0.0,0.0,0.08997053743708802,inf,2.5,50.0,10
16972.358671634327,5.833381598646778,0.22095760609247514,0.0,0.0,0.0,0.07675814681744225,inf,2.5,50.0,10
15309.65884421219,6.281148477481537,0.3501124829075439,0.0,0.0,0.0,0.05959839486717361,inf,2.5,50.0,10
17388.731149497587,5.728124680472691,0.12245827235299304,0.0,0.0,0.0,0.13484569059254692,inf,2.5,50.0,10
15392.222609312754,6.257790251647492,0.41521449862991083,0.0,0.0,0.0,0.043676196323282034,inf,2.5,50.0,10
16832.517507782133,5.8693128601076,0.21562657132257895,0.0,0.0,0.0,0.08508760376273627,inf,2.5,50.0,10
16849.248737923583,5.864998192360939,0.1804804216088437,0.0,0.0,0.0,0.09489901567396114,inf,2.5,50.0,10
16604.89613070757,5.928441975852156,0.15864833710257192,0.0,0.0,0.0,0.10732597152662213,inf,2.5,50.0,10
17480.082498669377,5.7053688287660105,0.14890222112711252,0.0,0.0,0.0,0.11162220692021538,inf,2.5,50.0,10
17094.296785535716,5.802291211019579,0.19322560607155298,0.0,0.0,0.0,0.09662722019852459,inf,2.5,50.0,10
15731.168658570023,6.163193735837692,0.29963098189448883,0.0,0.0,0.0,0.06606669544280319,inf,2.5,50.0,10
16986.310478863244,5.829813029333202,0.15429337525242925,0.0,0.0,0.0,0.09495751045809332,inf,2.5,50.0,10
16628.305462815115,5.922323669487843,0.19526608039199972,0.0,0.0,0.0,0.09650928850105195,inf,2.5,50.0,10
17180.928791471106,5.780337230195092,0.22462272806778008,0.0,0.0,0.0,0.07543494181423527,inf,2.5,50.0,10
17967.63353816874,5.585894795848857,0.11866884993941854,0.0,0.0,0.0,0.12810929759842582,inf,2.5,50.0,10
16687.54218480347,5.906879842953371,0.2188702317924407,0.0,0.0,0.0,0.08511285580154815,inf,2.5,50.0,10
15750.680440638054,6.157810405053944,0.3326438306883648,0.0,0.0,0.0,0.060913870648465006,inf,2.5,50.0,10
16178.941500943532,6.041302561588276,0.27183755923573993,0.0,0.0,0.0,0.06728181386116285,inf,2.5,50.0,10
17475.74274608474,5.706447178710162,0.18859928576820245,0.0,0.0,0.0,0.0936393174016981,inf,2.5,50.0,10
17183.547104078967,5.779675431235521,0.20589093376956127,0.0,0.0,0.0,0.08896898262070212,inf,2.5,50.0,10
17073.56724891534,5.8075609138386595,0.17961987911714067,0.0,0.0,0.0,0.10077941874009418,inf,2.5,50.0,10
17649.34878469702,5.663516751911057,0.12844843883579546,0.0,0.0,0.0,0.1259678220496742,inf,2.5,50.0,10
17466.439041305784,5.708759883604678,0.2016169878361871,0.0,0.0,0.0,0.09063868769188108,inf,2.5,50.0,10
17976.384332510766,5.583780162040376,0.10228328996736162,0.0,0.0,0.0,0.14566216346592964,inf,2.5,50.0,10
15623.213867518265,6.193099829683202,0.2624034824213592,0.0,0.0,0.0,0.0704163970431752,inf,2.5,50.0,10
16861.067547297625,5.861952926418788,0.23501347778094067,0.0,0.0,0.0,0.08719458296100666,inf,2.5,50.0,10
17270.21041596103,5.757827319319462,0.1255381858047759,0.0,0.0,0.0,0.12454124039640588,inf,2.5,50.0,10
16908.399122594798,5.849778700729647,0.20245754365176916,0.0,0.0,0.0,0.1013682759379062,inf,2.5,50.0,10
16873.294092030774,5.858804847792242,0.1891834815491084,0.0,0.0,0.0,0.10086142768508992,inf,2.5,50.0,10
16886.453686230867,5.8554190763864895,0.2143221907777964,0.0,0.0,0.0,0.08830412733610084,inf,2.5,50.0,10
16254.118998080676,6.0211692592479,0.2387937779972249,0.0,0.0,0.0,0.08636266098828843,inf,2.5,50.0,10
17854.410703053178,5.613348402867828,0.1515667395050975,0.0,0.0,0.0,0.12973714669895173,inf,2.5,50.0,10
17318.736133288174,5.745641654710203,0.13483846306304126,0.0,0.0,0.0,0.11738308648321105,inf,2.5,50.0,10
16839.320075482654,5.867558089434337,0.2564323102447377,0.0,0.0,0.0,0.0770817262885882,inf,2.5,50.0,10
17384.04924114127,5.729294173940495,0.12726586772731419,0.0,0.0,0.0,0.1321254475210436,inf,2.5,50.0,10
16026.827131820455,6.082328082911871,0.26585698766927884,0.0,0.0,0.0,0.08395924502320137,inf,2.5,50.0,10
16726.324865727973,5.896798332868373,0.20276954346410586,0.0,0.0,0.0,0.09265969143459388,inf,2.5,50.0,10
17447.90566281189,5.713370564306337,0.12053625257161217,0.0,0.0,0.0,0.12775341024262865,inf,2.5,50.0,10
16773.593877518106,5.884542372030472,0.1678409843457789,0.0,0.0,0.0,0.10158327889092883,inf,2.5,50.0,10
17271.762439315495,5.757437049092625,0.10179612789524073,0.0,0.0,0.0,0.14708678258110197,inf,2.5,50.0,10
16880.996741988034,5.8568227481255715,0.12702982143012553,0.0,0.0,0.0,0.11140431070691827,inf,2.5,50.0,10
17737.572458508734,5.641861782929375,0.07333025127121273,0.0,0.0,0.0,0.14281163965009688,inf,2.5,50.0,10
17193.352542700923,5.777197925674872,0.13327535701322699,0.0,0.0,0.0,0.12876836248545118,inf,2.5,50.0,10
17789.47063757036,5.629173359207277,0.10135678596815811,0.0,0.0,0.0,0.14655653487071396,inf,2.5,50.0,10
17593.909195012984,5.677180146908347,0.20175389782926006,0.0,0.0,0.0,0.09035938807120483,inf,2.5,50.0,10
17904.399929033403,5.601205907769929,0.09781726976336297,0.0,0.0,0.0,0.1362251988021978,inf,2.5,50.0,10
17178.412009483716,5.780973461569591,0.19407194897887048,0.0,0.0,0.0,0.09289636472647475,inf,2.5,50.0,10
17337.879324527024,5.740843850275601,0.08546987039379171,0.0,0.0,0.0,0.1608782304878468,inf,2.5,50.0,10
17033.606845050886,5.817737418515298,0.13729882786867037,0.0,0.0,0.0,0.11600370510825316,inf,2.5,50.0,10
17935.409783713167,5.593690570919263,0.13337694714923537,0.0,0.0,0.0,0.12526255525471858,inf,2.5,50.0,10
17949.948533088176,5.590171531807506,0.13703551842585276,0.0,0.0,0.0,0.13189791165117246,inf,2.5,50.0,10
17626.75760068386,5.669079286387322,0.12058095859160167,0.0,0.0,0.0,0.12288038183166398,inf,2.5,50.0,10
17110.067724714118,5.798286323080245,0.26470166742972984,0.0,0.0,0.0,0.07059770863920285,inf,2.5,50.0,10
17217.364961855455,5.771136754281224,0.13635311738087638,0.0,0.0,0.0,0.11934955130488986,inf,2.5,50.0,10
17338.967177948743,5.740571363711233,0.12506019959245707,0.0,0.0,0.0,0.1372673717028778,inf,2.5,50.0,10
16367.879114852985,5.99087951974542,0.25366034605298227,0.0,0.0,0.0,0.07068940169634812,inf,2.5,50.0,10
16724.469137594555,5.897280194368584,0.2022297948743125,0.0,0.0,0.0,0.09528869882559354,inf,2.5,50.0,10
17833.67087627619,5.618396134738112,0.16320686978632062,0.0,0.0,0.0,0.11078617127911267,inf,2.5,50.0,10
16357.035854260415,5.993757552227995,0.2092721087245838,0.0,0.0,0.0,0.08923995900315786,inf,2.5,50.0,10
17585.704117675523,5.679205990594685,0.13287076305018886,0.0,0.0,0.0,0.1183150436028517,inf,2.5,50.0,10
17327.141481589006,5.7435343930626725,0.12181897043891877,0.0,0.0,0.0,0.13402004275709264,inf,2.5,50.0,10
16740.109933710748,5.893220551528923,0.17812214581551056,0.0,0.0,0.0,0.10933677168746639,inf,2.5,50.0,10
17665.967436009098,5.659429353090017,0.14573972870832475,0.0,0.0,0.0,0.12401306673015988,inf,2.5,50.0,10
17985.321849647586,5.581621468882332,0.2121994864740739,0.0,0.0,0.0,0.09429794963268495,inf,2.5,50.0,10
17099.017644876694,5.801092003976441,0.10926610612012594,0.0,0.0,0.0,0.13251890143689354,inf,2.5,50.0,10
17598.44265415074,5.676061235443272,0.12980239383749206,0.0,0.0,0.0,0.123515544829956,inf,2.5,50.0,10
17478.48920178707,5.705764703088584,0.1937651077613022,0.0,0.0,0.0,0.09540435377876699,inf,2.5,50.0,10
18024.017790035643,5.572287534953172,0.12619642036250536,0.0,0.0,0.0,0.1197312929300696,inf,2.5,50.0,10
17266.200045160564,5.758835925537423,0.13731828283931766,0.0,0.0,0.0,0.13592396785163668,inf,2.5,50.0,10
18040.770584345413,5.568252770310732,0.10994575596376817,0.0,0.0,0.0,0.1356198434104372,inf,2.5,50.0,10
18105.64055418461,5.552664666650764,0.11905680226338418,0.0,0.0,0.0,0.13897805739132044,inf,2.5,50.0,10
17227.066386026032,5.768690335553771,0.12382625440411499,0.0,0.0,0.0,0.13400954557281863,inf,2.5,50.0,10
17736.380832567218,5.6421535556375595,0.18589814574515556,0.0,0.0,0.0,0.0926790554772481,inf,2.5,50.0,10
17505.289285656683,5.699110687245118,0.09356797678453714,0.0,0.0,0.0,0.1366247301726236,inf,2.5,50.0,10
17535.803390267898,5.691546933040783,0.14188756290079388,0.0,0.0,0.0,0.10869196094387695,inf,2.5,50.0,10
15960.424186706667,6.100359312781428,0.25720035714498246,0.0,0.0,0.0,0.08389198880050647,inf,2.5,50.0,10
17647.70190803374,5.663922014919562,0.16229357158342353,0.0,0.0,0.0,0.1094911754361495,inf,2.5,50.0,10
17761.16770697247,5.63608845820391,0.09351942735159187,0.0,0.0,0.0,0.1508062882896185,inf,2.5,50.0,10
17885.424686698603,5.605811040038343,0.14163613860428995,0.0,0.0,0.0,0.11602929884577018,inf,2.5,50.0,10
17505.2578668086,5.699118482057516,0.10445524190794139,0.0,0.0,0.0,0.15580513846919153,inf,2.5,50.0,10
17528.76429412429,5.693290596719365,0.1057565098036889,0.0,0.0,0.0,0.13268272690476163,inf,2.5,50.0,10
18057.38281640619,5.564255556854798,0.14044086299266353,0.0,0.0,0.0,0.11955474801029178,inf,2.5,50.0,10
17717.494298479058,5.646780591910646,0.08640658971681767,0.0,0.0,0.0,0.15100658339437129,inf,2.5,50.0,10
16928.804196706504,5.844540790208422,0.07991361345636543,0.0,0.0,0.0,0.15382332976611646,inf,2.5,50.0,10
17791.969323075435,5.62856339776117,0.0862144026800592,0.0,0.0,0.0,0.15028121385547913,inf,2.5,50.0,10
16400.300753213658,5.982285485358547,0.15231865398597863,0.0,0.0,0.0,0.12247247097394497,inf,2.5,50.0,10
17184.295833938162,5.779486202457376,0.07708827414852196,0.0,0.0,0.0,0.18414342509476167,inf,2.5,50.0,10
18539.542958984533,5.449813372534783,0.08341527258178628,0.0,0.0,0.0,0.1654129532976084,inf,2.5,50.0,10
17248.032644634764,5.76340795389366,0.10337563660166971,0.0,0.0,0.0,0.14428634884489405,inf,2.5,50.0,10
17704.434218802922,5.6499830831532165,0.08990277292443409,0.0,0.0,0.0,0.1376127566299342,inf,2.5,50.0,10
17737.796422638345,5.641806946918528,0.1255004711941059,0.0,0.0,0.0,0.14887291924506624,inf,2.5,50.0,10
17365.40320317414,5.733954893235943,0.16465486069218843,0.0,0.0,0.0,0.10870816537031011,inf,2.5,50.0,10
17178.164432831727,5.781036052889764,0.11814896216723332,0.0,0.0,0.0,0.13333917759299493,inf,2.5,50.0,10
17599.624586700214,5.675769567846355,0.17975223160046064,0.0,0.0,0.0,0.12220061711800914,inf,2.5,50.0,10
17815.31684972823,5.622868100795637,0.14134770914411193,0.0,0.0,0.0,0.1229067557538238,inf,2.5,50.0,10
17445.692940436445,5.713921366262795,0.16728729782478766,0.0,0.0,0.0,0.10514399642148599,inf,2.5,50.0,10
16924.14752987855,5.845735583936622,0.13046621668288746,0.0,0.0,0.0,0.13640279420588908,inf,2.5,50.0,10
17163.73923001242,5.784684532260459,0.15469449558954187,0.0,0.0,0.0,0.11654794966681517,inf,2.5,50.0,10
17258.69068240835,5.760725156633367,0.13009760066559123,0.0,0.0,0.0,0.11643343722230744,inf,2.5,50.0,10
17033.87463105434,5.817669143445587,0.1484814732777974,0.0,0.0,0.0,0.12342669121636367,inf,2.5,50.0,10
17285.82259963549,5.753903092439287,0.1263468344215765,0.0,0.0,0.0,0.13180364098582226,inf,2.5,50.0,10
18288.07346655699,5.509124031723349,0.10679004774540768,0.0,0.0,0.0,0.13813463044644808,inf,2.5,50.0,10
18032.878727762454,5.570152988273698,0.10713219464540936,0.0,0.0,0.0,0.12652655367602508,inf,2.5,50.0,10
16436.922098030678,5.972598640256132,0.19572562374496963,0.0,0.0,0.0,0.10760131646845845,inf,2.5,50.0,10
18067.222222222223,5.561889745656466,0.11709866387319409,0.0,0.0,0.0,0.1285747160903889,inf,2.5,50.0,10
17654.90185642167,5.662150532045901,0.1225691046900152,0.0,0.0,0.0,0.11875102571350628,inf,2.5,50.0,10
17101.305317656166,5.800511001471236,0.12489941486890675,0.0,0.0,0.0,0.13557153323120438,inf,2.5,50.0,10
17960.962710278865,5.587507496637697,0.08876581767372284,0.0,0.0,0.0,0.14641567333881833,inf,2.5,50.0,10
17930.86314736859,5.594791649411606,0.11889495295929668,0.0,0.0,0.0,0.13686621852223618,inf,2.5,50.0,10
18441.28483411558,5.472891850978133,0.08040855651856674,0.0,0.0,0.0,0.17571446329350784,inf,2.5,50.0,10
17678.83974452025,5.656266018360614,0.11692476892270678,0.0,0.0,0.0,0.13971169999469207,inf,2.5,50.0,10
18225.81392235609,5.523934288658275,0.08894784120519057,0.0,0.0,0.0,0.16004038165049805,inf,2.5,50.0,10
16985.76605216045,5.829952226896017,0.11052075742699595,0.0,0.0,0.0,0.15184455426754134,inf,2.5,50.0,10
17007.909872421413,5.824294150770801,0.1106364931960215,0.0,0.0,0.0,0.13411799025664745,inf,2.5,50.0,10
17951.297124239933,5.589845255832897,0.10086432508045551,0.0,0.0,0.0,0.14729280698320094,inf,2.5,50.0,10
16756.339107433752,5.8890122002875085,0.16559615319249799,0.0,0.0,0.0,0.10357597912138561,inf,2.5,50.0,10
17214.61649005661,5.771830090004646,0.08834419773332426,0.0,0.0,0.0,0.16849708178761014,inf,2.5,50.0,10
17859.687295366202,5.612065102955523,0.1006115586394648,0.0,0.0,0.0,0.14679627513408058,inf,2.5,50.0,10
17712.369187593747,5.6480370502614,0.0649550963666981,0.0,0.0,0.0,0.1806961290574182,inf,2.5,50.0,10
17208.606538604217,5.773346559730115,0.11099884980302582,0.0,0.0,0.0,0.16104271147792143,inf,2.5,50.0,10
17209.995016209417,5.7729961630636195,0.12068925599449418,0.0,0.0,0.0,0.13580585676676205,inf,2.5,50.0,10
17688.68529539846,5.6538480552584005,0.07602516039241855,0.0,0.0,0.0,0.17028359168287616,inf,2.5,50.0,10
16900.597829067272,5.851782935753649,0.18459653797459932,0.0,0.0,0.0,0.11480535808853488,inf,2.5,50.0,10
18024.337704230576,5.57221045128728,0.08197657299691066,0.0,0.0,0.0,0.16775663554397255,inf,2.5,50.0,10
17417.693392042063,5.720897195783159,0.09062724321797717,0.0,0.0,0.0,0.144200660799684,inf,2.5,50.0,10
17525.55336204255,5.694086213454766,0.10079268113675677,0.0,0.0,0.0,0.1869918147052525,inf,2.5,50.0,10
17302.5505556362,5.749702340054417,0.0900738010543102,0.0,0.0,0.0,0.15823499039270753,inf,2.5,50.0,10
17113.445363784456,5.797429082030164,0.11140832572680127,0.0,0.0,0.0,0.11544435830507097,inf,2.5,50.0,10
17448.9018402929,5.713122613611663,0.13759791466367452,0.0,0.0,0.0,0.12927125731899047,inf,2.5,50.0,10
17915.008999854843,5.5986333019183085,0.05136388610837783,0.0,0.0,0.0,0.19143703859417577,inf,2.5,50.0,10
16916.142610603056,5.847790230820463,0.17155482818117798,0.0,0.0,0.0,0.11235480484463227,inf,2.5,50.0,10
16782.510943371883,5.882234218204578,0.08554705719755944,0.0,0.0,0.0,0.17733145748004606,inf,2.5,50.0,10
17844.441170303704,5.615774090499559,0.09071535552426974,0.0,0.0,0.0,0.14788256579656195,inf,2.5,50.0,10
17240.975597167788,5.765185237134002,0.08560006745743695,0.0,0.0,0.0,0.17233639487066918,inf,2.5,50.0,10
17644.58147449235,5.664689994172715,0.09405805231323251,0.0,0.0,0.0,0.156903714967765,inf,2.5,50.0,10
17892.989048563733,5.603974647463533,0.08015915217473664,0.0,0.0,0.0,0.17562565596534369,inf,2.5,50.0,10
17028.858276479412,5.8189482980764415,0.0886182826598902,0.0,0.0,0.0,0.16658424097337005,inf,2.5,50.0,10
17366.153029789843,5.7337673718018625,0.06400086693327715,0.0,0.0,0.0,0.18069162351765958,inf,2.5,50.0,10
18080.903420912568,5.5586023445671815,0.10860818074288885,0.0,0.0,0.0,0.14159414900403441,inf,2.5,50.0,10
17569.671521427073,5.683167187673321,0.07492961746516012,0.0,0.0,0.0,0.1680656495590738,inf,2.5,50.0,10
17412.47704069289,5.722198040766346,0.15529167390274842,0.0,0.0,0.0,0.12056737952195559,inf,2.5,50.0,10
17830.2930920469,5.619218787574756,0.07754345471469457,0.0,0.0,0.0,0.1653092850735444,inf,2.5,50.0,10
17789.192690440475,5.629241214991324,0.0990330484374655,0.0,0.0,0.0,0.1437454053321827,inf,2.5,50.0,10
17228.42708988565,5.768347315548292,0.07467499986552645,0.0,0.0,0.0,0.16540187911800694,inf,2.5,50.0,10
18264.293430751117,5.514774850350772,0.10419952712949515,0.0,0.0,0.0,0.13969324361251706,inf,2.5,50.0,10
17276.863550587892,5.756154575807624,0.1180714599702125,0.0,0.0,0.0,0.1534033440777977,inf,2.5,50.0,10
17803.365881195463,5.625782436466698,0.11042940256537855,0.0,0.0,0.0,0.16185571086952696,inf,2.5,50.0,10
17589.679698714535,5.6782242967351575,0.10022245259168978,0.0,0.0,0.0,0.14809687987428588,inf,2.5,50.0,10
17841.175481040627,5.616568960233424,0.10312599906888464,0.0,0.0,0.0,0.158035733178068,inf,2.5,50.0,10
18193.398541959,5.531665276562849,0.0945137698966044,0.0,0.0,0.0,0.17666852567448493,inf,2.5,50.0,10
17068.931533362364,5.808740245034975,0.09467208584714953,0.0,0.0,0.0,0.16309395344148656,inf,2.5,50.0,10
18017.253866873114,5.573917629788868,0.0767694731617586,0.0,0.0,0.0,0.17482364396728475,inf,2.5,50.0,10
18223.66592474315,5.5244461552283495,0.0713620018581905,0.0,0.0,0.0,0.1884757501496466,inf,2.5,50.0,10
17446.505056370057,5.713719202175152,0.08630759981138762,0.0,0.0,0.0,0.17518739002511563,inf,2.5,50.0,10
18171.730149513718,5.536840819575085,0.05136734641356674,0.0,0.0,0.0,0.1934830639118395,inf,2.5,50.0,10
17391.51491104982,5.727429474187177,0.07901761107100713,0.0,0.0,0.0,0.16442979995409393,inf,2.5,50.0,10
18384.48242770278,5.486289530408754,0.06466853048030384,0.0,0.0,0.0,0.17633711425121107,inf,2.5,50.0,10
17710.410074031064,5.648517437305161,0.05878242887102042,0.0,0.0,0.0,0.2038861218395886,inf,2.5,50.0,10
17671.064966694084,5.658176373248388,0.06199052675357146,0.0,0.0,0.0,0.20341166365063973,inf,2.5,50.0,10
17548.262269963387,5.688462442786836,0.06988127833006726,0.0,0.0,0.0,0.1897239926299025,inf,2.5,50.0,10
17817.320688375992,5.622379640704894,0.0961139385338448,0.0,0.0,0.0,0.1528426484515144,inf,2.5,50.0,10
18127.061692553347,5.547529480646598,0.048650326643608535,0.0,0.0,0.0,0.18184043848509893,inf,2.5,50.0,10
17822.843905743455,5.621033573495855,0.052169667008318515,0.0,0.0,0.0,0.20467379510801784,inf,2.5,50.0,10
17143.385913130434,5.789837592571075,0.06004966696603726,0.0,0.0,0.0,0.19118315388321383,inf,2.5,50.0,10
17832.673602038678,5.618639002744208,0.06126968786061381,0.0,0.0,0.0,0.19720094267243138,inf,2.5,50.0,10
17603.680795471042,5.674768758930665,0.04504326507255426,0.0,0.0,0.0,0.21461237391566326,inf,2.5,50.0,10
18058.530701117725,5.563979490186287,0.06957380382550682,0.0,0.0,0.0,0.1745881519949801,inf,2.5,50.0,10
17170.068853728164,5.7830832413831335,0.07011334226281848,0.0,0.0,0.0,0.20400285445360689,inf,2.5,50.0,10
17764.566087643747,5.635257568693801,0.048713194112368546,0.0,0.0,0.0,0.2093018767712974,inf,2.5,50.0,10
17324.694601699972,5.7441477322421015,0.061436919963569744,0.0,0.0,0.0,0.19336255080178955,inf,2.5,50.0,10
17202.565152174964,5.774871495201538,0.08091402276335732,0.0,0.0,0.0,0.16011890090891476,inf,2.5,50.0,10
17963.044789600168,5.587004080886465,0.09554083712490129,0.0,0.0,0.0,0.16126384198443136,inf,2.5,50.0,10
17742.86977629393,5.640564958112555,0.09916532323739327,0.0,0.0,0.0,0.15251529688848336,inf,2.5,50.0,10
17803.00822567378,5.625869683665209,0.1028502063672185,0.0,0.0,0.0,0.14183738316527844,inf,2.5,50.0,10
17713.9326139901,5.647653726333861,0.07743730366917319,0.0,0.0,0.0,0.182655055506209,inf,2.5,50.0,10
17388.351736262317,5.7282194423450346,0.0885091034642874,0.0,0.0,0.0,0.17472698168759568,inf,2.5,50.0,10
16990.465927968904,5.828750722183279,0.06591193466668643,0.0,0.0,0.0,0.16815649407355446,inf,2.5,50.0,10
17531.360719988388,5.692647351193539,0.07657404455626123,0.0,0.0,0.0,0.17472604227913804,inf,2.5,50.0,10
17536.84797019403,5.691288238428109,0.09220078180503193,0.0,0.0,0.0,0.15049022407579754,inf,2.5,50.0,10
16937.614538475187,5.842281157780169,0.07666691163093438,0.0,0.0,0.0,0.1675232288826372,inf,2.5,50.0,10
17932.137191335623,5.594483080546987,0.11663492005068862,0.0,0.0,0.0,0.15150855110644562,inf,2.5,50.0,10
18157.298301640298,5.540291323203732,0.09455438827218555,0.0,0.0,0.0,0.16347309768551188,inf,2.5,50.0,10
17819.70792406574,5.621797794614477,0.08227608434061248,0.0,0.0,0.0,0.15977522520637136,inf,2.5,50.0,10
16590.585974419766,5.93218635424453,0.11812448352101851,0.0,0.0,0.0,0.14038643136770307,inf,2.5,50.0,10
17243.496508120836,5.7645502744093955,0.0827141195619172,0.0,0.0,0.0,0.1890203789266764,inf,2.5,50.0,10
18265.820454508797,5.514411764709067,0.10367277894653777,0.0,0.0,0.0,0.14573930606972557,inf,2.5,50.0,10
17727.717311011114,5.644275430929737,0.09365609629545818,0.0,0.0,0.0,0.13011914347228554,inf,2.5,50.0,10
17634.224980242256,5.667239835783513,0.05022776507542278,0.0,0.0,0.0,0.21290468887692937,inf,2.5,50.0,10
17760.928226964083,5.636147016035837,0.0684690325445222,0.0,0.0,0.0,0.1718128567715782,inf,2.5,50.0,10
18280.826293124304,5.5108453892118705,0.06613844498236665,0.0,0.0,0.0,0.19839336726740373,inf,2.5,50.0,10
17673.114401380622,5.657672721336082,0.0584526580415274,0.0,0.0,0.0,0.18861560306796116,inf,2.5,50.0,10
17782.812196577474,5.630799189198871,0.05575338319994144,0.0,0.0,0.0,0.22571791646111009,inf,2.5,50.0,10
17870.69032757536,5.6093903166019485,0.06207037931347695,0.0,0.0,0.0,0.19137089313014655,inf,2.5,50.0,10
17543.526297962937,5.6896346865524965,0.057676829343736004,0.0,0.0,0.0,0.19399355827265222,inf,2.5,50.0,10
17801.67200529024,5.626195659427769,0.0674381372211145,0.0,0.0,0.0,0.17510298282855366,inf,2.5,50.0,10
17143.171852066902,5.789891821134539,0.04221697898263391,0.0,0.0,0.0,0.220709012788397,inf,2.5,50.0,10
18294.70579506782,5.5075493106310125,0.05036230772121541,0.0,0.0,0.0,0.22740711129927513,inf,2.5,50.0,10
16936.048273414945,5.842682779699314,0.061854464289912876,0.0,0.0,0.0,0.20350689023210375,inf,2.5,50.0,10
17808.303866066675,5.624578033746887,0.057116353908548204,0.0,0.0,0.0,0.20519341910249458,inf,2.5,50.0,10
17773.077095530716,5.633177361060242,0.06391557867545278,0.0,0.0,0.0,0.215010550900492,inf,2.5,50.0,10
17605.8007290205,5.6742457887511675,0.05125048634768104,0.0,0.0,0.0,0.1862404700000294,inf,2.5,50.0,10
17904.48526636667,5.60118520814036,0.04575743560814887,0.0,0.0,0.0,0.21023817195991756,inf,2.5,50.0,10
17440.635812325607,5.715180474301228,0.07222147074048775,0.0,0.0,0.0,0.17415137506324682,inf,2.5,50.0,10
18094.458815180402,5.555347624867261,0.05320777086971065,0.0,0.0,0.0,0.1707589717211532,inf,2.5,50.0,10
17592.033160755473,5.677643258749114,0.07573684028806162,0.0,0.0,0.0,0.18268750282899646,inf,2.5,50.0,10
17455.524152836246,5.711474665680882,0.09084982002700233,0.0,0.0,0.0,0.1915245050994336,inf,2.5,50.0,10
17532.528943081565,5.692357963536859,0.047229554717537287,0.0,0.0,0.0,0.2078695727930584,inf,2.5,50.0,10
17760.783697037146,5.636182356984421,0.08632333572509159,0.0,0.0,0.0,0.18164123856858805,inf,2.5,50.0,10
17070.421509330496,5.80836115856504,0.07955504682584148,0.0,0.0,0.0,0.1982114689320259,inf,2.5,50.0,10
16822.512540120322,5.871895001540226,0.06716399025354294,0.0,0.0,0.0,0.18109806181410265,inf,2.5,50.0,10
17265.69421460944,5.758963158301137,0.06627975792032553,0.0,0.0,0.0,0.19296719972912568,inf,2.5,50.0,10
18102.384155094274,5.553445839427228,0.054414735812390716,0.0,0.0,0.0,0.2049331003138511,inf,2.5,50.0,10
17632.195625877,5.667739652543187,0.030715043867794382,0.0,0.0,0.0,0.22059967225065133,inf,2.5,50.0,10
18011.432799470975,5.575320987894562,0.05951085040119933,0.0,0.0,0.0,0.1870656287555684,inf,2.5,50.0,10
17387.185287334076,5.728510786419924,0.056443114523515914,0.0,0.0,0.0,0.21533492100180016,inf,2.5,50.0,10
17372.21162561894,5.732252496366913,0.036934096179070876,0.0,0.0,0.0,0.24719946697248651,inf,2.5,50.0,10
17945.857453912035,5.5911614709216,0.034121077787526835,0.0,0.0,0.0,0.24834904082813633,inf,2.5,50.0,10
17640.296624247996,5.665744772835031,0.08031965421984576,0.0,0.0,0.0,0.19176527880859479,inf,2.5,50.0,10
17814.668682763182,5.623026111152418,0.05996418057235067,0.0,0.0,0.0,0.23134819501459253,inf,2.5,50.0,10
17671.989677585847,5.65794911680902,0.0804699607862386,0.0,0.0,0.0,0.19437959111676742,inf,2.5,50.0,10
17370.41439654199,5.732701815696451,0.04917379679096102,0.0,0.0,0.0,0.2116633661296053,inf,2.5,50.0,10
17672.358107127304,5.657858575080649,0.11349123242325476,0.0,0.0,0.0,0.1497924843001499,inf,2.5,50.0,10
17922.88403412848,5.596724660703468,0.04768733236507616,0.0,0.0,0.0,0.21834318984084994,inf,2.5,50.0,10
17469.947742778342,5.707887549723834,0.05862042760275029,0.0,0.0,0.0,0.188033145160313,inf,2.5,50.0,10
18422.2216577152,5.477383574009455,0.047154039513797125,0.0,0.0,0.0,0.19159084034409352,inf,2.5,50.0,10
16761.18957758746,5.887755226686089,0.0690027009240371,0.0,0.0,0.0,0.17211744713045435,inf,2.5,50.0,10
17617.51079821293,5.671358145085746,0.04248130315289513,0.0,0.0,0.0,0.23979265969138855,inf,2.5,50.0,10
6204.356913598168,10.203835876599879,0.9018021798868491,0.0,0.0,0.0,0.0,1.953933534538144,2.5,50.0,10
6196.0550797567785,10.209650911080319,0.9018162314925268,0.0,0.0,0.0,0.0,-0.05449290155450681,2.5,50.0,10
6198.105853131401,10.20821371888444,0.9017981004289254,0.0,0.0,0.0,0.0,-0.9022875544444701,2.5,50.0,10
6202.079805164432,10.205430106532276,0.9017972336387937,0.0,0.0,0.0,0.0,1.5799977299425316,2.5,50.0,10
6198.023951226593,10.20827110703038,0.901792291066781,0.0,0.0,0.0,0.0,0.8824702379948806,2.5,50.0,10
6200.225270560152,10.206728920174132,0.901804419784284,0.0,0.0,0.0,0.0,-0.47635252019653185,2.5,50.0,10
6201.256511991742,10.206006647671321,0.9017912441725178,0.0,0.0,0.0,0.0,-0.3038572829886017,2.5,50.0,10
6201.092337220367,10.2061216262099,0.9017931764542482,0.0,0.0,0.0,0.0,-0.17205764864979847,2.5,50.0,10
6202.232093030758,10.20532346977475,0.9018100253028405,0.0,0.0,0.0,0.0,-0.39427679544973215,2.5,50.0,10
6197.049015338463,10.208954296679106,0.9018212601803167,0.0,0.0,0.0,0.0,0.6143766356642097,2.5,50.0,10
6207.205512814309,10.201842362971307,0.9018021554662812,0.0,0.0,0.0,0.0,-0.5831463836188163,2.5,50.0,10
6206.31326914082,10.202466676691508,0.9018092936422681,0.0,0.0,0.0,0.0,-1.1492713611213452,2.5,50.0,10
6200.081176110063,10.20682985223548,0.9018099116224476,0.0,0.0,0.0,0.0,1.0930118696601887,2.5,50.0,10
6201.159981290624,10.206074251836775,0.9018114936815074,0.0,0.0,0.0,0.0,-0.5435039932233723,2.5,50.0,10
6201.155465234432,10.206077414630517,0.9018015352629204,0.0,0.0,0.0,0.0,1.1428699004083807,2.5,50.0,10
6197.9175658457125,10.208345651725207,0.9018064935276968,0.0,0.0,0.0,0.0,1.356043034923794,2.5,50.0,10
6200.158368413413,10.206775782003575,0.9017904761003813,0.0,0.0,0.0,0.0,-0.4056223825649228,2.5,50.0,10
6197.03040273544,10.208967340569686,0.9018083863445364,0.0,0.0,0.0,0.0,-2.3053784848962575,2.5,50.0,10
6198.173335913937,10.208166434695965,0.9017900293751483,0.0,0.0,0.0,0.0,1.909258359703128,2.5,50.0,10
6200.1718681956745,10.206766325995822,0.9017910125876021,0.0,0.0,0.0,0.0,-1.7864092353656518,2.5,50.0,10
6200.216625538298,10.206734975579767,0.9018022059688585,0.0,0.0,0.0,0.0,-1.8121465050198091,2.5,50.0,10
6197.030564023161,10.208967227537535,0.9018017959420654,0.0,0.0,0.0,0.0,-1.1444935210651828,2.5,50.0,10
6198.154932984952,10.208179329305295,0.9018132907540798,0.0,0.0,0.0,0.0,0.49670587135703737,2.5,50.0,10
6201.093724294769,10.206120654770256,0.9018132456501655,0.0,0.0,0.0,0.0,-0.5607270425435659,2.5,50.0,10
6203.289705004758,10.204582968806077,0.9018027294644393,0.0,0.0,0.0,0.0,1.9862159235313572,2.5,50.0,10
6199.1054821696425,10.207513346253116,0.9017981972728865,0.0,0.0,0.0,0.0,-1.3020949383771108,2.5,50.0,10
6200.063950581442,10.206841918145921,0.9017983538923453,0.0,0.0,0.0,0.0,1.4751077957168766,2.5,50.0,10
6199.220899662909,10.20743248827455,0.9018017888165399,0.0,0.0,0.0,0.0,-0.1705785507997872,2.5,50.0,10
6198.002999951614,10.208285787577864,0.9018114016797464,0.0,0.0,0.0,0.0,-0.8057842194300678,2.5,50.0,10
6200.134804277351,10.206792287700852,0.9018144640310068,0.0,0.0,0.0,0.0,0.02235763462084217,2.5,50.0,10
6201.279850324995,10.205990303096225,0.9017996316816994,0.0,0.0,0.0,0.0,-1.184202710647744,2.5,50.0,10
6203.34084934114,10.2045471626249,0.9017924719934317,0.0,0.0,0.0,0.0,-0.4169313755104379,2.5,50.0,10
6199.122965758616,10.207501097686723,0.9018087708760342,0.0,0.0,0.0,0.0,1.981072386524854,2.5,50.0,10
6200.020225480234,10.206872546276994,0.9018011176103645,0.0,0.0,0.0,0.0,0.7880729497172952,2.5,50.0,10
6200.280882566411,10.206689966945694,0.9018114655083254,0.0,0.0,0.0,0.0,0.5143321800686816,2.5,50.0,10
6198.053353978162,10.208250504621336,0.9018317916965243,0.0,0.0,0.0,0.0,0.5916317070096212,2.5,50.0,10
6198.040483218013,10.20825952310762,0.9018069638316539,0.0,0.0,0.0,0.0,1.238326138876838,2.5,50.0,10
6195.946162158675,10.209727254377768,0.9018142629177011,0.0,0.0,0.0,0.0,-0.28134775152223057,2.5,50.0,10
6199.033015596523,10.207564114895254,0.9018009439873566,0.0,0.0,0.0,0.0,-2.6895993860569503,2.5,50.0,10
6202.30823696392,10.205270152377855,0.9018085364185876,0.0,0.0,0.0,0.0,-0.6275374758527377,2.5,50.0,10
6199.103837034887,10.207514498795273,0.9017952427336203,0.0,0.0,0.0,0.0,0.8738956945786414,2.5,50.0,10
6200.2619635167175,10.206703218686341,0.9017991787707198,0.0,0.0,0.0,0.0,2.1479346085924216,2.5,50.0,10
6201.305656360381,10.205972230382658,0.9018207826188442,0.0,0.0,0.0,0.0,-0.9966290222020073,2.5,50.0,10
6201.140029999516,10.20608822462509,0.9017941247432685,0.0,0.0,0.0,0.0,0.8151320786935012,2.5,50.0,10
6201.167755358784,10.206068807318655,0.9018047228942447,0.0,0.0,0.0,0.0,0.7262141210515285,2.5,50.0,10
6196.079595490395,10.209633727522993,0.9018095288061364,0.0,0.0,0.0,0.0,3.342047628976907,2.5,50.0,10
6195.9768390832405,10.209705751953875,0.9017998899619327,0.0,0.0,0.0,0.0,1.3496550227483897,2.5,50.0,10
6202.262866727956,10.205301921381324,0.9017972825305415,0.0,0.0,0.0,0.0,0.43136953613901563,2.5,50.0,10
6201.233641392881,10.206022664736862,0.9018124348603792,0.0,0.0,0.0,0.0,0.90595561355579,2.5,50.0,10
6201.4740729988225,10.205854285182731,0.901806283165834,0.0,0.0,0.0,0.0,1.1300497625752104,2.5,50.0,10
6202.076111675618,10.205432692861926,0.9017888021024003,0.0,0.0,0.0,0.0,1.9451211324315683,2.5,50.0,10
6199.095030725311,10.207520668290853,0.9017957025712722,0.0,0.0,0.0,0.0,1.119917317552602,2.5,50.0,10
6200.899211303044,10.206256884357568,0.9017901342300447,0.0,0.0,0.0,0.0,-0.13624538108843498,2.5,50.0,10
6199.17183593813,10.207466860641013,0.9018159046386672,0.0,0.0,0.0,0.0,0.14350270750003324,2.5,50.0,10
6204.082788987274,10.204027763426486,0.9017926999806732,0.0,0.0,0.0,0.0,1.9280905592531892,2.5,50.0,10
6202.061966742472,10.205442597728148,0.901792582514677,0.0,0.0,0.0,0.0,0.8262682757469437,2.5,50.0,10
6200.188238899373,10.206754859060638,0.9018080026802723,0.0,0.0,0.0,0.0,2.00462393556516,2.5,50.0,10
6200.094030741439,10.206820848015166,0.9017921119773287,0.0,0.0,0.0,0.0,0.45959334957783404,2.5,50.0,10
6190.901066111837,10.21326497056106,0.9018213082934766,0.0,0.0,0.0,0.0,2.3878736498088884,2.5,50.0,10
6196.048047612136,10.209655840060627,0.9018189020952696,0.0,0.0,0.0,0.0,1.3928331524741495,2.5,50.0,10
6197.035257495847,10.208963938303288,0.9018093591422482,0.0,0.0,0.0,0.0,0.5775056300842332,2.5,50.0,10
6197.033854292673,10.208964921682337,0.9018014495283683,0.0,0.0,0.0,0.0,0.863460052327673,2.5,50.0,10
6203.176997145208,10.204661876689599,0.9018062477563458,0.0,0.0,0.0,0.0,0.2514530871304608,2.5,50.0,10
6204.139723552846,10.203987908616288,0.9018037865282879,0.0,0.0,0.0,0.0,-0.4753355527742289,2.5,50.0,10
6200.186706666022,10.206755932319298,0.9018091826607726,0.0,0.0,0.0,0.0,1.3206776887949647,2.5,50.0,10
6200.307511169175,10.206671315160998,0.9018032023031214,0.0,0.0,0.0,0.0,-0.14730656706650724,2.5,50.0,10
6195.956807148272,10.209719792956786,0.9018077513140912,0.0,0.0,0.0,0.0,-0.6531293019785203,2.5,50.0,10
6199.194658150675,10.207450872146113,0.901792188942585,0.0,0.0,0.0,0.0,0.33595005102387276,2.5,50.0,10
6197.042144481541,10.208959111836926,0.9018082824883272,0.0,0.0,0.0,0.0,0.34751248175648,2.5,50.0,10
6200.1311269173075,10.20679486354428,0.9018001987983687,0.0,0.0,0.0,0.0,2.0232683651976506,2.5,50.0,10
6202.04228964049,10.205456376484975,0.9018038018051012,0.0,0.0,0.0,0.0,0.04940317945003314,2.5,50.0,10
6196.9801777390685,10.20900253892398,0.9018038133559084,0.0,0.0,0.0,0.0,1.3379780163241444,2.5,50.0,10
6199.0585474427835,10.207546227723043,0.9017943728493061,0.0,0.0,0.0,0.0,1.0652076768963428,2.5,50.0,10
6200.14470734343,10.206785351007293,0.9018021564796378,0.0,0.0,0.0,0.0,1.365761826139324,2.5,50.0,10
6201.234544604119,10.206022032185906,0.9017902288377456,0.0,0.0,0.0,0.0,1.235706450263205,2.5,50.0,10
6198.100998370994,10.208217120563166,0.9018055347031444,0.0,0.0,0.0,0.0,0.06936284308168239,2.5,50.0,10
6199.0857244238,10.207527188078673,0.9018146348963841,0.0,0.0,0.0,0.0,1.9075382829369643,2.5,50.0,10
6200.132772052064,10.206793711193086,0.9017951933020875,0.0,0.0,0.0,0.0,2.0334285722685603,2.5,50.0,10
6200.166900533863,10.206769805623521,0.9018032393613967,0.0,0.0,0.0,0.0,-0.20271700498356537,2.5,50.0,10
6198.062273189142,10.208244254979551,0.9018113832513918,0.0,0.0,0.0,0.0,1.467540438950481,2.5,50.0,10
6200.1312559474845,10.206794773163782,0.9018146195077026,0.0,0.0,0.0,0.0,1.0398905545428423,2.5,50.0,10
6203.272995596845,10.204594667136755,0.901813134790206,0.0,0.0,0.0,0.0,2.784834152404205,2.5,50.0,10
6197.116143288012,10.208907253094166,0.9017846448806573,0.0,0.0,0.0,0.0,2.030931294319143,2.5,50.0,10
6197.861373203658,10.208385026668061,0.9017866879872727,0.0,0.0,0.0,0.0,3.022214390992988,2.5,50.0,10
6196.971855292657,10.209008371434132,0.9018057715024749,0.0,0.0,0.0,0.0,3.0423611782178392,2.5,50.0,10
6204.150787890518,10.203980163502983,0.9017895989501847,0.0,0.0,0.0,0.0,1.3655095892645805,2.5,50.0,10
6202.06941823519,10.205437379882463,0.9017944058198997,0.0,0.0,0.0,0.0,1.4967048925460535,2.5,50.0,10
6196.114062676408,10.209609568912976,0.9018087652799849,0.0,0.0,0.0,0.0,3.1827976853745783,2.5,50.0,10
6197.057031338204,10.208948679001734,0.9018203268079743,0.0,0.0,0.0,0.0,2.023565193551775,2.5,50.0,10
6199.134433315592,10.207493063821067,0.9018076984957074,0.0,0.0,0.0,0.0,1.7636970390747946,2.5,50.0,10
6198.953839454202,10.207619584806798,0.9018049622211591,0.0,0.0,0.0,0.0,3.0716889420609843,2.5,50.0,10
6198.160900630635,10.208175147876515,0.9018174937966654,0.0,0.0,0.0,0.0,2.898931023573689,2.5,50.0,10
6203.622135126853,10.204350239550738,0.9018023544773496,0.0,0.0,0.0,0.0,4.7050123771955565,2.5,50.0,10
6203.165174755246,10.204670153744432,0.9018163917380394,0.0,0.0,0.0,0.0,1.279371248003466,2.5,50.0,10
6196.6861824809275,10.209208580485257,0.901786430016512,0.0,0.0,0.0,0.0,2.302694276252644,2.5,50.0,10
6197.985742165449,10.208297880136929,0.9017952080339124,0.0,0.0,0.0,0.0,2.7912786493621677,2.5,50.0,10
6199.1818357768425,10.207459855074166,0.9018069254397382,0.0,0.0,0.0,0.0,1.1855427965649459,2.5,50.0,10
6200.132997854873,10.206793553027257,0.9018090827872534,0.0,0.0,0.0,0.0,3.8366272253874576,2.5,50.0,10
6193.859421622232,10.211190166612479,0.9018027446957654,0.0,0.0,0.0,0.0,3.1993050808603747,2.5,50.0,10
6199.158384542185,10.207476284276177,0.9018049370072939,0.0,0.0,0.0,0.0,2.636944573567703,2.5,50.0,10
6197.011048208899,10.208980904448923,0.9018112330472552,0.0,0.0,0.0,0.0,2.9642431433095457,2.5,50.0,10
6196.938065515073,10.209032051957942,0.9018111532983629,0.0,0.0,0.0,0.0,1.68640370732516,2.5,50.0,10
6199.128659215174,10.20749710900051,0.9018029357585918,0.0,0.0,0.0,0.0,2.849555830863022,2.5,50.0,10
6203.180932565604,10.204659121438826,0.9017919573243145,0.0,0.0,0.0,0.0,2.017703404247495,2.5,50.0,10
6205.330849502428,10.203154191455354,0.9017888199789168,0.0,0.0,0.0,0.0,2.5242924958950943,2.5,50.0,10
6201.270737568749,10.205996685041171,0.9018126395149502,0.0,0.0,0.0,0.0,2.2024288706398405,2.5,50.0,10
6196.002354800729,10.209687867263895,0.90180783291747,0.0,0.0,0.0,0.0,1.9360583419722273,2.5,50.0,10
6198.987258270028,10.207596171875263,0.9018072929179943,0.0,0.0,0.0,0.0,1.6095273866635378,2.5,50.0,10
6200.205787003435,10.206742567443538,0.9018049564997092,0.0,0.0,0.0,0.0,1.6769003304744976,2.5,50.0,10
6203.239383235754,10.204618199395458,0.9017945927098221,0.0,0.0,0.0,0.0,1.6214687843294429,2.5,50.0,10
6198.121320623861,10.208202880995573,0.901804381245896,0.0,0.0,0.0,0.0,2.9878519060308952,2.5,50.0,10
6196.8975016531995,10.209060480060415,0.9017986685811118,0.0,0.0,0.0,0.0,0.7301128966440809,2.5,50.0,10
6198.109707907937,10.208211017885622,0.901787945949747,0.0,0.0,0.0,0.0,3.515591195350547,2.5,50.0,10
6197.00724181868,10.208983572016825,0.9017984897397789,0.0,0.0,0.0,0.0,1.9500235605950944,2.5,50.0,10
6200.228722117386,10.206726502533197,0.9018064847299174,0.0,0.0,0.0,0.0,2.5464874002376177,2.5,50.0,10
6199.120304511218,10.20750296208805,0.9018040804920843,0.0,0.0,0.0,0.0,2.5438649313061963,2.5,50.0,10
6200.219625489912,10.206732874262674,0.901806876023742,0.0,0.0,0.0,0.0,0.8145607157863861,2.5,50.0,10
6204.082595442009,10.204027898910885,0.901805351509707,0.0,0.0,0.0,0.0,1.9962295091625124,2.5,50.0,10
6200.429009209529,10.206586213879469,0.9018045328432018,0.0,0.0,0.0,0.0,1.5255536276866746,2.5,50.0,10
6206.396106514411,10.202408710596986,0.9018077997427941,0.0,0.0,0.0,0.0,2.3792902567686482,2.5,50.0,10
6204.4200254834595,10.20379169957315,0.9018005151566193,0.0,0.0,0.0,0.0,4.796565979265198,2.5,50.0,10
6200.478830986597,10.206551317526495,0.9018069370641092,0.0,0.0,0.0,0.0,2.4665461749690674,2.5,50.0,10
6201.226738278415,10.206027499236516,0.9017943643785234,0.0,0.0,0.0,0.0,3.6076908139849047,2.5,50.0,10
6196.892711407881,10.209063837188578,0.9018209488673103,0.0,0.0,0.0,0.0,1.7108105628708559,2.5,50.0,10
6199.1587877614875,10.207476001792815,0.9018134283249392,0.0,0.0,0.0,0.0,3.9760876287292026,2.5,50.0,10
6200.954500733859,10.206218161283955,0.9017954792309977,0.0,0.0,0.0,0.0,3.509761941413294,2.5,50.0,10
6197.975500395155,10.208305056578089,0.9018130075661293,0.0,0.0,0.0,0.0,3.7914650334951183,2.5,50.0,10
6198.207641812229,10.208142397257374,0.9017938614073081,0.0,0.0,0.0,0.0,3.2270016086210753,2.5,50.0,10
6197.114611054661,10.20890832688487,0.9018170252947328,0.0,0.0,0.0,0.0,1.69835523250244,2.5,50.0,10
6200.200529023726,10.206746250406042,0.9018088671253881,0.0,0.0,0.0,0.0,2.470989152928161,2.5,50.0,10
6202.051563684457,10.205449882393316,0.901797673478757,0.0,0.0,0.0,0.0,1.716605852375303,2.5,50.0,10
6195.938984855083,10.209732285191574,0.901823417124559,0.0,0.0,0.0,0.0,3.615400115514094,2.5,50.0,10
6200.20033547846,10.206746385975272,0.9017862457990078,0.0,0.0,0.0,0.0,1.2397179944432324,2.5,50.0,10
6201.271544007354,10.205996120266905,0.901796047386266,0.0,0.0,0.0,0.0,1.747401124479575,2.5,50.0,10
6201.0667569877905,10.206139541403163,0.9017986408603529,0.0,0.0,0.0,0.0,3.2351188467811665,2.5,50.0,10
6202.180513217529,10.205359587290303,0.9017868993200387,0.0,0.0,0.0,0.0,4.246664102056492,2.5,50.0,10
6196.987887292141,10.208997135946758,0.9017984271138713,0.0,0.0,0.0,0.0,2.928240464692842,2.5,50.0,10
6199.17396493605,10.207465369132285,0.9018098765851207,0.0,0.0,0.0,0.0,3.3066273175781333,2.5,50.0,10
6203.27173755262,10.204595547900379,0.9017989961380071,0.0,0.0,0.0,0.0,3.107129591270025,2.5,50.0,10
6203.163642521895,10.20467122648803,0.9017846108836719,0.0,0.0,0.0,0.0,3.1866135960009148,2.5,50.0,10
6197.096562958662,10.20892097502906,0.9017976048021545,0.0,0.0,0.0,0.0,3.2330786769518443,2.5,50.0,10
6201.9752584635735,10.205503314938804,0.9017846934366076,0.0,0.0,0.0,0.0,2.834678564049609,2.5,50.0,10
6200.6002161255465,10.206466297673252,0.9018088214958156,0.0,0.0,0.0,0.0,3.3905603785169145,2.5,50.0,10
6200.218593248496,10.206733597296399,0.9018105611104255,0.0,0.0,0.0,0.0,3.7456919642631914,2.5,50.0,10
6197.997322623829,10.208289765687034,0.9017994706858429,0.0,0.0,0.0,0.0,3.6857045702537325,2.5,50.0,10
6200.118481959968,10.206803720842109,0.9017999107418767,0.0,0.0,0.0,0.0,3.720405313600191,2.5,50.0,10
6197.072321414171,10.208937963613131,0.9017969734984982,0.0,0.0,0.0,0.0,4.021229396419413,2.5,50.0,10
6200.504395090402,10.206533411931408,0.9018183855908871,0.0,0.0,0.0,0.0,1.6973890687896682,2.5,50.0,10
6204.334172029483,10.203851795342189,0.9018012469079523,0.0,0.0,0.0,0.0,3.138522708732453,2.5,50.0,10
6202.295543620264,10.205279040447483,0.9018068309673679,0.0,0.0,0.0,0.0,1.9389788540981694,2.5,50.0,10
6201.258560345801,10.206005213141536,0.9018000803118423,0.0,0.0,0.0,0.0,3.631736515291307,2.5,50.0,10
6202.188706633764,10.205353850028867,0.9017910725450841,0.0,0.0,0.0,0.0,3.2694534743343375,2.5,50.0,10
6195.081595458138,10.210333300228418,0.9018115467699802,0.0,0.0,0.0,0.0,4.333937123353639,2.5,50.0,10
6199.017661005468,10.207574872093044,0.9018035374855328,0.0,0.0,0.0,0.0,4.277647539721086,2.5,50.0,10
6194.828825341527,10.210510503554547,0.9018080246573984,0.0,0.0,0.0,0.0,4.302076957359901,2.5,50.0,10
6198.116933597845,10.208205954930023,0.9018046154747729,0.0,0.0,0.0,0.0,4.137792203898331,2.5,50.0,10
6201.0174513314305,10.20617407297725,0.9018049277272865,0.0,0.0,0.0,0.0,3.5739005990349035,2.5,50.0,10
6194.859599038725,10.210488929409301,0.9018123222291436,0.0,0.0,0.0,0.0,3.8741673708289337,2.5,50.0,10
6196.241512233673,10.2095202386172,0.9018122183126699,0.0,0.0,0.0,0.0,3.7103093325751932,2.5,50.0,10
6199.064934436541,10.207541753116626,0.9018110115821959,0.0,0.0,0.0,0.0,3.288036329809919,2.5,50.0,10
6196.445347655683,10.209377372747992,0.901823509036455,0.0,0.0,0.0,0.0,5.8214980299698835,2.5,50.0,10
6186.659424847986,10.21624152069557,0.9018144639477786,0.0,0.0,0.0,0.0,4.65662098199763,2.5,50.0,10
6198.254834599442,10.208109330457694,0.9018240935756457,0.0,0.0,0.0,0.0,5.554027150018138,2.5,50.0,10
6201.1967226335055,10.206048520336138,0.9018012104918682,0.0,0.0,0.0,0.0,2.7008004218819113,2.5,50.0,10
6202.248544378316,10.205311950180057,0.9017953395892426,0.0,0.0,0.0,0.0,5.2384945493066,2.5,50.0,10
6197.912146578281,10.208349449063498,0.9017928294495623,0.0,0.0,0.0,0.0,5.290204930177433,2.5,50.0,10
6201.343688005032,10.205945595858129,0.9018219798390944,0.0,0.0,0.0,0.0,3.3626629366846106,2.5,50.0,10
6197.967887614715,10.208310390885343,0.9018109651708374,0.0,0.0,0.0,0.0,3.504805153880561,2.5,50.0,10
6197.855131368849,10.208389400428002,0.9017856997849696,0.0,0.0,0.0,0.0,3.7375265962553303,2.5,50.0,10
6197.40363865099,10.208705780746817,0.9018201808023655,0.0,0.0,0.0,0.0,4.856184692975161,2.5,50.0,10
6206.129255979742,10.202595444096145,0.9017939090299195,0.0,0.0,0.0,0.0,3.373034893076889,2.5,50.0,10
6203.128981790616,10.204695493148163,0.9018226145798146,0.0,0.0,0.0,0.0,5.304947103243901,2.5,50.0,10
6201.250834663957,10.206010623693363,0.9018146991732228,0.0,0.0,0.0,0.0,3.9604263512815767,2.5,50.0,10
6197.031789809842,10.2089663684933,0.9017946498775845,0.0,0.0,0.0,0.0,3.4287980943198066,2.5,50.0,10
6196.3754616861015,10.209426354479302,0.901817740311355,0.0,0.0,0.0,0.0,2.3917641052153007,2.5,50.0,10
6195.923823809293,10.209742912098324,0.9018043002387127,0.0,0.0,0.0,0.0,4.038781366584849,2.5,50.0,10
6201.175997161336,10.206063035233248,0.9018088141661168,0.0,0.0,0.0,0.0,4.979879023185843,2.5,50.0,10
6201.071579490654,10.206136163943043,0.9018054961582449,0.0,0.0,0.0,0.0,4.093886513280516,2.5,50.0,10
6199.197996806503,10.207448533198084,0.9018020432266146,0.0,0.0,0.0,0.0,3.0133411554648544,2.5,50.0,10
6203.233931710779,10.2046220160598,0.9017824116338969,0.0,0.0,0.0,0.0,3.6566937917907985,2.5,50.0,10
6192.982693827519,10.211804944843221,0.9018057199333874,0.0,0.0,0.0,0.0,4.952021626307271,2.5,50.0,10
6203.307204722504,10.204570717209755,0.9017992351799637,0.0,0.0,0.0,0.0,3.7150424905928023,2.5,50.0,10
6198.133384945404,10.208194427687056,0.9017915581918926,0.0,0.0,0.0,0.0,5.374220486417122,2.5,50.0,10
6198.224431864002,10.208130632861307,0.9018091167790608,0.0,0.0,0.0,0.0,4.437974193697545,2.5,50.0,10
6197.120272253674,10.208904359512111,0.9017924174402375,0.0,0.0,0.0,0.0,4.483380825147122,2.5,50.0,10
6200.391235625232,10.206612671579682,0.9017959615935607,0.0,0.0,0.0,0.0,3.780765445756118,2.5,50.0,10
6202.254253963646,10.205307952210221,0.9017924104268873,0.0,0.0,0.0,0.0,4.665718838436961,2.5,50.0,10
6194.057370042418,10.211051373451301,0.9018147232331011,0.0,0.0,0.0,0.0,2.417411271928836,2.5,50.0,10
6200.310640150965,10.206669123496827,0.9018047652556498,0.0,0.0,0.0,0.0,4.968394693104304,2.5,50.0,10
6196.075385880873,10.20963667811583,0.9018081011300494,0.0,0.0,0.0,0.0,3.3044732571491693,2.5,50.0,10
6199.938388090514,10.206929871511502,0.9017777470663995,0.0,0.0,0.0,0.0,6.6502440240672716,2.5,50.0,10
6199.165368300512,10.20747139166688,0.901792728882512,0.0,0.0,0.0,0.0,5.221038375769012,2.5,50.0,10
6199.068547281496,10.207539222028167,0.9018081582838107,0.0,0.0,0.0,0.0,5.309460528115867,2.5,50.0,10
6203.248754052354,10.204611638805716,0.9018059550685581,0.0,0.0,0.0,0.0,4.313009289249747,2.5,50.0,10
6198.0134997822615,10.208278430345787,0.901811715133734,0.0,0.0,0.0,0.0,3.8925391448214293,2.5,50.0,10
6201.246270221448,10.20601382032736,0.9018117555791536,0.0,0.0,0.0,0.0,4.249082590371353,2.5,50.0,10
6202.151142723505,10.205380153401949,0.9018045772398284,0.0,0.0,0.0,0.0,4.541133330656243,2.5,50.0,10
6200.155707166014,10.206777646093556,0.9017910382102238,0.0,0.0,0.0,0.0,2.8607508790567655,2.5,50.0,10
6202.198803245109,10.20534678010689,0.9018059690707071,0.0,0.0,0.0,0.0,5.177483010179499,2.5,50.0,10
6196.8804212835275,10.209072450438363,0.9017979584815015,0.0,0.0,0.0,0.0,4.522144311495375,2.5,50.0,10
6197.086224415735,10.208928220318596,0.9018072415291463,0.0,0.0,0.0,0.0,6.6300207829526245,2.5,50.0,10
6198.078756794245,10.20823270503232,0.9018029542830804,0.0,0.0,0.0,0.0,7.7493558611981985,2.5,50.0,10
6200.318510991759,10.206663610449574,0.9018199804899161,0.0,0.0,0.0,0.0,5.941179832531406,2.5,50.0,10
6204.129965645715,10.203994739230593,0.9018037311277749,0.0,0.0,0.0,0.0,5.962356347679876,2.5,50.0,10
6199.175852002387,10.207464047113614,0.9018059752887556,0.0,0.0,0.0,0.0,5.620934275781469,2.5,50.0,10
6202.287866324737,10.2052844162138,0.9017912653950111,0.0,0.0,0.0,0.0,4.8622558036745565,2.5,50.0,10
6206.40417090047,10.202403067521633,0.9018098448712261,0.0,0.0,0.0,0.0,6.247752705246756,2.5,50.0,10
6203.3084627667295,10.204569836451167,0.9017997005317566,0.0,0.0,0.0,0.0,8.067155882304778,2.5,50.0,10
6203.056676505218,10.204746115937999,0.9018002094973065,0.0,0.0,0.0,0.0,3.182747678688691,2.5,50.0,10
6203.232689795326,10.204622885537056,0.9017990674589346,0.0,0.0,0.0,0.0,6.481987642788983,2.5,50.0,10
6203.021419009371,10.204770800831602,0.9017844005148073,0.0,0.0,0.0,0.0,7.242128491010566,2.5,50.0,10
6199.214690085644,10.207436838476834,0.9017971028392033,0.0,0.0,0.0,0.0,3.979542082141604,2.5,50.0,10
6199.866147320205,10.206980475160655,0.9017953201036312,0.0,0.0,0.0,0.0,7.011994917839157,2.5,50.0,10
6198.028289866293,10.208268066954002,0.9017934754073921,0.0,0.0,0.0,0.0,4.235228013133204,2.5,50.0,10
6203.365348945985,10.204530010541141,0.9017946806927238,0.0,0.0,0.0,0.0,6.1549005766091405,2.5,50.0,10
6196.092530765633,10.209624660962909,0.9017875088187566,0.0,0.0,0.0,0.0,5.767162979955662,2.5,50.0,10
6202.070402090289,10.205436690946598,0.9017845064631226,0.0,0.0,0.0,0.0,5.543047481380929,2.5,50.0,10
6198.196916178771,10.208149912474232,0.9017989881772106,0.0,0.0,0.0,0.0,6.47179371389714,2.5,50.0,10
6200.3030596280705,10.206674433200593,0.9017946800661673,0.0,0.0,0.0,0.0,5.553139994656733,2.5,50.0,10
6200.263979613232,10.206701806521092,0.9018152239094899,0.0,0.0,0.0,0.0,7.046170672436564,2.5,50.0,10
6194.021902872534,10.211076241222699,0.90181342958015,0.0,0.0,0.0,0.0,6.761219536329648,2.5,50.0,10
6196.9512427218915,10.209022817103467,0.9018064043410852,0.0,0.0,0.0,0.0,5.8611034767049155,2.5,50.0,10
6205.321285140562,10.203160885301148,0.9018015339041673,0.0,0.0,0.0,0.0,5.5253687964844485,2.5,50.0,10
6198.034499443557,10.208263715919024,0.9018098483536288,0.0,0.0,0.0,0.0,5.796468901669843,2.5,50.0,10
6194.954387832454,10.210422477644801,0.9018148813105386,0.0,0.0,0.0,0.0,6.363514201013397,2.5,50.0,10
6203.228318898082,10.204625945646708,0.9017821939587638,0.0,0.0,0.0,0.0,5.4176689661045705,2.5,50.0,10
6197.334333317204,10.20875434800834,0.9018242313477683,0.0,0.0,0.0,0.0,6.740719740702386,2.5,50.0,10
6199.120481927711,10.207502837794602,0.9018146140159566,0.0,0.0,0.0,0.0,4.892217730122326,2.5,50.0,10
6197.341591264657,10.208749261813995,0.9018266849391869,0.0,0.0,0.0,0.0,3.67264689774021,2.5,50.0,10
6200.140142900921,10.206788548211579,0.9017998929043156,0.0,0.0,0.0,0.0,4.7526271560300835,2.5,50.0,10
6198.023064144127,10.208271728607599,0.9017981580796044,0.0,0.0,0.0,0.0,4.717480308324428,2.5,50.0,10
6196.049031467234,10.209655150455248,0.901813663773162,0.0,0.0,0.0,0.0,4.491585465637995,2.5,50.0,10
6199.139562265124,10.207489470620141,0.9018076445799231,0.0,0.0,0.0,0.0,6.487138233257238,2.5,50.0,10
6201.36934888147,10.20592762498836,0.9017942762948514,0.0,0.0,0.0,0.0,6.3339398234052995,2.5,50.0,10
6203.27722133514,10.204591708675633,0.9017954147802942,0.0,0.0,0.0,0.0,4.674347639319459,2.5,50.0,10
6201.230399509685,10.206024935143741,0.901829360768935,0.0,0.0,0.0,0.0,6.264952495132609,2.5,50.0,10
6202.219012596571,10.205332629003705,0.9018152293844407,0.0,0.0,0.0,0.0,5.3364838362246205,2.5,50.0,10
6202.052466895695,10.20544924992578,0.9017977414178925,0.0,0.0,0.0,0.0,6.676858783065659,2.5,50.0,10
6201.294592022709,10.205979979049388,0.9018024619879127,0.0,0.0,0.0,0.0,6.157258779780421,2.5,50.0,10
6197.090240479993,10.208925405844315,0.9018033303725118,0.0,0.0,0.0,0.0,7.03324561938953,2.5,50.0,10
6201.11841744488,10.206103360921851,0.901798411920767,0.0,0.0,0.0,0.0,5.6859277486472415,2.5,50.0,10
6194.965968290834,10.210414359224298,0.901791096858925,0.0,0.0,0.0,0.0,7.19687235910233,2.5,50.0,10
6201.192883985742,10.206051208694744,0.9017922795847878,0.0,0.0,0.0,0.0,7.1718071973630035,2.5,50.0,10
6198.019096466186,10.208274508754059,0.9018018083539736,0.0,0.0,0.0,0.0,6.0415732574316845,2.5,50.0,10
6194.996838760665,10.2103927177151,0.9018133732678024,0.0,0.0,0.0,0.0,6.822806727613832,2.5,50.0,10
6198.121352881405,10.208202858393122,0.9018058878457641,0.0,0.0,0.0,0.0,6.844614748316128,2.5,50.0,10
6192.892179158401,10.211868420409917,0.901794134090801,0.0,0.0,0.0,0.0,6.3181076317082585,2.5,50.0,10
6195.922856082966,10.209743590412405,0.9018044412012133,0.0,0.0,0.0,0.0,7.095033802142646,2.5,50.0,10
6198.205270882728,10.20814405851472,0.9018118384559751,0.0,0.0,0.0,0.0,7.161675048202463,2.5,50.0,10
6201.0710633699455,10.206136525410221,0.9017825079332454,0.0,0.0,0.0,0.0,7.937038764773481,2.5,50.0,10
6195.885969581136,10.209769445563058,0.9018006314895203,0.0,0.0,0.0,0.0,5.688497531316479,2.5,50.0,10
6197.09014370736,10.208925473662951,0.9018099693171716,0.0,0.0,0.0,0.0,5.807913356378082,2.5,50.0,10
6202.1655457170045,10.205370067976435,0.9018076170807686,0.0,0.0,0.0,0.0,6.087177655235969,2.5,50.0,10
6196.009419202916,10.209682915637082,0.9018167082440928,0.0,0.0,0.0,0.0,5.731605766098939,2.5,50.0,10
6207.484056708763,10.201647480810667,0.9017882650708119,0.0,0.0,0.0,0.0,8.598335635923387,2.5,50.0,10
6194.9976935855875,10.210392118448093,0.9018149117750789,0.0,0.0,0.0,0.0,6.526445636196291,2.5,50.0,10
6201.251786261512,10.206009957257596,0.901792763343113,0.0,0.0,0.0,0.0,5.316462245777005,2.5,50.0,10
6200.036741342881,10.20686097738174,0.9017810669418355,0.0,0.0,0.0,0.0,5.566783134139232,2.5,50.0,10
6195.921952871728,10.209744223505643,0.9018163668232742,0.0,0.0,0.0,0.0,5.096168326809445,2.5,50.0,10
6199.0922243189625,10.20752263439568,0.9018104006443994,0.0,0.0,0.0,0.0,7.067559684955756,2.5,50.0,10
6200.472266576346,10.206555915378914,0.9018195988087478,0.0,0.0,0.0,0.0,7.5583433237078825,2.5,50.0,10
6199.23789938872,10.20742057891189,0.9018058733190616,0.0,0.0,0.0,0.0,7.847370093424758,2.5,50.0,10
6194.954387832454,10.210422477644801,0.9018113597888232,0.0,0.0,0.0,0.0,7.069049098282614,2.5,50.0,10
6194.053886227642,10.211053816118312,0.9018289793620042,0.0,0.0,0.0,0.0,4.991381640998845,2.5,50.0,10
6196.059934517185,10.209647508278373,0.9017954768102387,0.0,0.0,0.0,0.0,7.129551065651863,2.5,50.0,10
6203.176868115031,10.204661967025716,0.9018065382009778,0.0,0.0,0.0,0.0,6.104119987310632,2.5,50.0,10
6203.436089740488,10.204480485549789,0.9018109908842855,0.0,0.0,0.0,0.0,7.753356479793717,2.5,50.0,10
6203.215915872324,10.204634629143033,0.9017863755872096,0.0,0.0,0.0,0.0,6.753512272064373,2.5,50.0,10
6200.016322317382,10.206875280336822,0.9017953142397378,0.0,0.0,0.0,0.0,7.327285256450922,2.5,50.0,10
6204.152836244577,10.203978729642413,0.9017862990039401,0.0,0.0,0.0,0.0,7.675016241657842,2.5,50.0,10
6200.114465895711,10.206806533941755,0.9018050753342722,0.0,0.0,0.0,0.0,6.965724449300929,2.5,50.0,10
6195.92479153562,10.209742233784354,0.901804855913172,0.0,0.0,0.0,0.0,7.559483407453985,2.5,50.0,10
6200.133288172771,10.206793349671203,0.9018030044924572,0.0,0.0,0.0,0.0,6.0698965058066685,2.5,50.0,10
6200.2306575700395,10.206725146847278,0.9018117275052776,0.0,0.0,0.0,0.0,7.881776028797048,2.5,50.0,10
6202.173916549733,10.205364206468897,0.9017921757509959,0.0,0.0,0.0,0.0,6.175336702946647,2.5,50.0,10
6200.0643860582895,10.206841613108445,0.9017889201651518,0.0,0.0,0.0,0.0,7.407894382904402,2.5,50.0,10
6202.260963532846,10.205303254035679,0.9018098296073169,0.0,0.0,0.0,0.0,5.797800064766144,2.5,50.0,10
6196.11590135643,10.209608280156086,0.9018086060206059,0.0,0.0,0.0,0.0,8.25537873488555,2.5,50.0,10
6203.232996241996,10.204622670990704,0.9018096297806569,0.0,0.0,0.0,0.0,7.177125225899594,2.5,50.0,10
6204.377848744375,10.203821222376625,0.9018050461388781,0.0,0.0,0.0,0.0,5.160091462843328,2.5,50.0,10
6202.2353994290415,10.205321154559638,0.9017926928753877,0.0,0.0,0.0,0.0,8.021240538607396,2.5,50.0,10
6200.189335655877,10.206754090833549,0.9018018924741514,0.0,0.0,0.0,0.0,7.410973516095589,2.5,50.0,10
6198.148691150142,10.208183702858085,0.9018158483462793,0.0,0.0,0.0,0.0,9.813294813879885,2.5,50.0,10
6199.074853631393,10.207534803926404,0.90180513015257,0.0,0.0,0.0,0.0,7.136314616542655,2.5,50.0,10
6197.103982193836,10.20891577560876,0.9018054468925623,0.0,0.0,0.0,0.0,7.071244566198791,2.5,50.0,10
6195.020402896727,10.210376198328463,0.9017877325273033,0.0,0.0,0.0,0.0,7.088545185838072,2.5,50.0,10
6198.250657247464,10.208112257413058,0.9018209734859495,0.0,0.0,0.0,0.0,7.628411051254353,2.5,50.0,10
6202.309978871309,10.205268932669592,0.9018112977087176,0.0,0.0,0.0,0.0,6.835751560490955,2.5,50.0,10
6197.863195754907,10.208383749576196,0.9017922599559136,0.0,0.0,0.0,0.0,6.27673530915487,2.5,50.0,10
6201.139788067934,10.206088394060957,0.9018005418507009,0.0,0.0,0.0,0.0,8.47519043715176,2.5,50.0,10
6195.818083579297,10.209817029843428,0.9017985024978714,0.0,0.0,0.0,0.0,8.841333571761414,2.5,50.0,10
6200.007096659731,10.20688174266689,0.9018016856616148,0.0,0.0,0.0,0.0,7.499178617126481,2.5,50.0,10
6201.215432009161,10.20603541743566,0.9018050080261675,0.0,0.0,0.0,0.0,7.888259576266891,2.5,50.0,10
6199.199254850728,10.207447651855674,0.9018072893259742,0.0,0.0,0.0,0.0,7.838774703357934,2.5,50.0,10
6198.024693150111,10.20827058716587,0.901787993657507,0.0,0.0,0.0,0.0,7.238635862287201,2.5,50.0,10
6200.283479298721,10.206688148082485,0.9017834465502833,0.0,0.0,0.0,0.0,8.317100777069108,2.5,50.0,10
6198.242431573684,10.208118020921669,0.901809137433457,0.0,0.0,0.0,0.0,9.188391783861155,2.5,50.0,10
6200.1401267721485,10.206788559509125,0.9018102371305259,0.0,0.0,0.0,0.0,7.9301877237984035,2.5,50.0,10
6197.13967516653,10.208890761962888,0.9018132365165271,0.0,0.0,0.0,0.0,8.522328605233783,2.5,50.0,10
6202.410154674924,10.205198788727184,0.9018129320477893,0.0,0.0,0.0,0.0,6.520878546908335,2.5,50.0,10
6200.362703827358,10.206632656174872,0.9018027205355554,0.0,0.0,0.0,0.0,5.181640194881252,2.5,50.0,10
6201.091659811938,10.20612210063399,0.9017974903444832,0.0,0.0,0.0,0.0,8.407550902648183,2.5,50.0,10
6200.259850647571,10.206704698636017,0.9018181049342848,0.0,0.0,0.0,0.0,6.627458192959537,2.5,50.0,10
6198.024967339236,10.208270395042042,0.9017865710847998,0.0,0.0,0.0,0.0,7.571598802434391,2.5,50.0,10
6198.058934533314,10.208246594356165,0.9018055614314482,0.0,0.0,0.0,0.0,8.834990845365423,2.5,50.0,10
6197.078160029677,10.208933871878891,0.9017973708267457,0.0,0.0,0.0,0.0,7.374666413834083,2.5,50.0,10
6205.169223077047,10.203267310933644,0.9017937061518381,0.0,0.0,0.0,0.0,7.707972307873588,2.5,50.0,10
6200.18730343059,10.20675551431326,0.901816484318324,0.0,0.0,0.0,0.0,9.837915418534429,2.5,50.0,10
6200.12512701408,10.206799066239467,0.9017998915070585,0.0,0.0,0.0,0.0,7.350837194813576,2.5,50.0,10
6201.077160045806,10.206132255581098,0.90179768174968,0.0,0.0,0.0,0.0,8.026491853420783,2.5,50.0,10
6201.532765600555,10.205813182451122,0.9018152205189688,0.0,0.0,0.0,0.0,6.9827916272696875,2.5,50.0,10
6199.120739988065,10.207502657004142,0.9017992208449979,0.0,0.0,0.0,0.0,8.009240122216285,2.5,50.0,10
6203.386945371849,10.204514891018547,0.901801713160774,0.0,0.0,0.0,0.0,7.509394435197246,2.5,50.0,10
6204.265511846583,10.203899856750116,0.9017913542381659,0.0,0.0,0.0,0.0,7.72515262426549,2.5,50.0,10
6204.018386800213,10.204072846093155,0.901797336122044,0.0,0.0,0.0,0.0,7.176619775617017,2.5,50.0,10
6198.234722020613,10.208123422805308,0.9018021815133456,0.0,0.0,0.0,0.0,7.601804837811636,2.5,50.0,10
6203.213480427735,10.204636334226924,0.9018102752451685,0.0,0.0,0.0,0.0,6.477312876377191,2.5,50.0,10
6195.070982726085,10.210340740089936,0.9018158820990543,0.0,0.0,0.0,0.0,5.801520775488703,2.5,50.0,10
6195.904840244512,10.209756218378867,0.9018201889809847,0.0,0.0,0.0,0.0,7.782793956028267,2.5,50.0,10
6199.243044467024,10.207416974471755,0.9018024699633523,0.0,0.0,0.0,0.0,7.5832066773198035,2.5,50.0,10
6201.131691424332,10.206094064518412,0.9018002692456103,0.0,0.0,0.0,0.0,7.836112622218723,2.5,50.0,10
6202.172577861647,10.205365143857819,0.9017817913845814,0.0,0.0,0.0,0.0,9.00486757896294,2.5,50.0,10
6204.307511169175,10.20387045760162,0.9017993135278973,0.0,0.0,0.0,0.0,8.119525833295242,2.5,50.0,10
6196.006209577265,10.209685165348109,0.9018071329778293,0.0,0.0,0.0,0.0,8.883651093023966,2.5,50.0,10
6197.064805406364,10.208943230878909,0.9017965736944715,0.0,0.0,0.0,0.0,10.31743077537841,2.5,50.0,10
6197.055160400639,10.208949990169245,0.9018202474310629,0.0,0.0,0.0,0.0,6.460975487173981,2.5,50.0,10
6203.325736681666,10.20455774297631,0.9018049935721308,0.0,0.0,0.0,0.0,9.090990731706363,2.5,50.0,10
6200.089321139982,10.20682414692433,0.9018180183102685,0.0,0.0,0.0,0.0,8.029085954132405,2.5,50.0,10
6198.096288769536,10.208220420533111,0.9018029557778161,0.0,0.0,0.0,0.0,8.386544507979615,2.5,50.0,10
6196.723407686973,10.209182491294133,0.9017835326542907,0.0,0.0,0.0,0.0,8.642120517848149,2.5,50.0,10
6198.083256721666,10.20822955196987,0.9018043507632172,0.0,0.0,0.0,0.0,9.614464670660402,2.5,50.0,10
6198.022999629038,10.208271773813218,0.9018063027699456,0.0,0.0,0.0,0.0,6.801475058719667,2.5,50.0,10
6198.2126578603575,10.208138882626583,0.9018051718094848,0.0,0.0,0.0,0.0,8.478892950462173,2.5,50.0,10
6202.29833389784,10.205277086651712,0.901800736313536,0.0,0.0,0.0,0.0,7.089115336551847,2.5,50.0,10
6203.202738665505,10.204643854671154,0.9018043634804209,0.0,0.0,0.0,0.0,8.508934801006005,2.5,50.0,10
6194.853002370929,10.210493554046716,0.9018066989035812,0.0,0.0,0.0,0.0,8.797007236430515,2.5,50.0,10
6197.008193416235,10.208982905124698,0.9018125470978406,0.0,0.0,0.0,0.0,7.814458893679468,2.5,50.0,10
6200.15469105337,10.206778357837214,0.9018236764669009,0.0,0.0,0.0,0.0,8.015250209592365,2.5,50.0,10
6200.169352107224,10.206768088404308,0.9018043543763357,0.0,0.0,0.0,0.0,8.656528493632521,2.5,50.0,10
6197.097401654812,10.208920387268192,0.9018208520882453,0.0,0.0,0.0,0.0,9.189349478114632,2.5,50.0,10
6201.305285398623,10.205972490177382,0.9018083863434857,0.0,0.0,0.0,0.0,8.042014540697656,2.5,50.0,10
6197.800309672424,10.20842781511347,0.9018000393865537,0.0,0.0,0.0,0.0,11.497695102214708,2.5,50.0,10
6198.957774874599,10.20761682767896,0.9018027417543297,0.0,0.0,0.0,0.0,10.432037356839347,2.5,50.0,10
6199.511798196803,10.20722870030498,0.9018002480094022,0.0,0.0,0.0,0.0,9.51112708810325,2.5,50.0,10
6197.187448589539,10.208857282559308,0.9018043237826084,0.0,0.0,0.0,0.0,7.6144336908091566,2.5,50.0,10
6201.282624473799,10.205988360275908,0.9018059135014059,0.0,0.0,0.0,0.0,8.244108839547469,2.5,50.0,10
6198.122998016161,10.208201705668271,0.9017970164320085,0.0,0.0,0.0,0.0,8.685438851582287,2.5,50.0,10
6195.337801003209,10.210153695889108,0.9018130035635971,0.0,0.0,0.0,0.0,7.602076212515093,2.5,50.0,10
6201.238528410832,10.206019242185455,0.9017911730385406,0.0,0.0,0.0,0.0,9.75424105456003,2.5,50.0,10
6201.287221173852,10.205985141069737,0.9017959257417462,0.0,0.0,0.0,0.0,9.504216996366404,2.5,50.0,10
6200.092917856164,10.206821627551694,0.9018043249715061,0.0,0.0,0.0,0.0,10.117887687406986,2.5,50.0,10
6200.198351639489,10.206747775560139,0.9018094497780669,0.0,0.0,0.0,0.0,9.205638873515737,2.5,50.0,10
6199.975274592345,10.206904033260304,0.9017816632818895,0.0,0.0,0.0,0.0,8.805280599585307,2.5,50.0,10
6196.990467895679,10.20899532742032,0.9018057585765776,0.0,0.0,0.0,0.0,9.372095346813905,2.5,50.0,10
6200.087772777859,10.206825231497753,0.901794814143579,0.0,0.0,0.0,0.0,8.551726987820832,2.5,50.0,10
6201.508636957468,10.205830079817193,0.9018211499911548,0.0,0.0,0.0,0.0,9.535908869451783,2.5,50.0,10
6198.49836292963,10.207938700280073,0.9018071842459622,0.0,0.0,0.0,0.0,8.035357953648619,2.5,50.0,10
6202.234431702715,10.205321832183444,0.9018067283007309,0.0,0.0,0.0,0.0,9.773459578861628,2.5,50.0,10
6198.038838083256,10.208260675847818,0.9018082013552808,0.0,0.0,0.0,0.0,7.681024404179852,2.5,50.0,10
6196.962274802019,10.209015085612494,0.9018085915354326,0.0,0.0,0.0,0.0,6.8523589130643305,2.5,50.0,10
6198.151239496137,10.208181917272693,0.9018234141713989,0.0,0.0,0.0,0.0,9.416573339879667,2.5,50.0,10
6199.024725407655,10.207569922874786,0.9017914505167801,0.0,0.0,0.0,0.0,9.799140442051932,2.5,50.0,10
6199.239221948033,10.207419652378402,0.9018046163242959,0.0,0.0,0.0,0.0,10.634157930750183,2.5,50.0,10
6201.136804245093,10.206090483770511,0.9018027045216336,0.0,0.0,0.0,0.0,9.25511268310962,2.5,50.0,10
6196.003903162852,10.209686781975345,0.9017886828132068,0.0,0.0,0.0,0.0,8.83036864055928,2.5,50.0,10
6196.8865663457045,10.209068143811335,0.9017956492302232,0.0,0.0,0.0,0.0,11.15881124500669,2.5,50.0,10
6193.88653408816,10.211171156222074,0.9017998605736137,0.0,0.0,0.0,0.0,11.594148838888461,2.5,50.0,10
6201.266334413961,10.205999768709969,0.9017897309486422,0.0,0.0,0.0,0.0,11.907039682046898,2.5,50.0,10
6200.303382203513,10.20667420725562,0.9018298003964397,0.0,0.0,0.0,0.0,8.634461029694558,2.5,50.0,10
6197.059676456832,10.208946825282828,0.9017970020535467,0.0,0.0,0.0,0.0,10.647429040571478,2.5,50.0,10
6202.886888921146,10.204864990911876,0.9017860137024538,0.0,0.0,0.0,0.0,9.887250547641877,2.5,50.0,10
6196.953968484379,10.209020906836141,0.9018013822754651,0.0,0.0,0.0,0.0,9.723748028060388,2.5,50.0,10
6201.038354220093,10.206159433454022,0.9018062433300348,0.0,0.0,0.0,0.0,10.247183608523466,2.5,50.0,10
6196.927081821261,10.209039749568909,0.9018082156033845,0.0,0.0,0.0,0.0,12.633623160007234,2.5,50.0,10
6203.229786616345,10.204624918081972,0.9017900186499581,0.0,0.0,0.0,0.0,9.218257379970622,2.5,50.0,10
6199.195512975597,10.207450273284904,0.9018043729671616,0.0,0.0,0.0,0.0,10.029333677004393,2.5,50.0,10
6198.062273189142,10.208244254979551,0.9017953296041786,0.0,0.0,0.0,0.0,9.518378527392802,2.5,50.0,10
6199.969645650876,10.206907976210431,0.9017991822638187,0.0,0.0,0.0,0.0,9.137108683872302,2.5,50.0,10
6197.063692521088,10.208944010796488,0.9017983472494149,0.0,0.0,0.0,0.0,8.601920587358782,2.5,50.0,10
6198.057434557507,10.208247645380851,0.9017943163563635,0.0,0.0,0.0,0.0,9.689430591389106,2.5,50.0,10
6198.062579635813,10.208244040254224,0.9018060886111336,0.0,0.0,0.0,0.0,9.207491685417313,2.5,50.0,10
6204.193367848906,10.203950357364896,0.9017954621467983,0.0,0.0,0.0,0.0,10.658950445196737,2.5,50.0,10
6197.062692537217,10.208944711592114,0.9018012764503385,0.0,0.0,0.0,0.0,10.401741512050545,2.5,50.0,10
6200.160949016951,10.206773974401935,0.9018072974365193,0.0,0.0,0.0,0.0,12.547154079241285,2.5,50.0,10
6205.101982226093,10.203314372484588,0.9017865070749201,0.0,0.0,0.0,0.0,10.95065745983854,2.5,50.0,10
6203.250060482896,10.204610724163183,0.9018117388785228,0.0,0.0,0.0,0.0,9.101324351754293,2.5,50.0,10
6201.148691150142,10.20608215882545,0.9017996714603354,0.0,0.0,0.0,0.0,10.249345275261154,2.5,50.0,10
6199.018757761972,10.20757410372089,0.9018149868020305,0.0,0.0,0.0,0.0,9.761306829720112,2.5,50.0,10
6193.026354413639,10.211774327149412,0.9018075629627705,0.0,0.0,0.0,0.0,9.396319885502178,2.5,50.0,10
6206.355752326575,10.202436948656198,0.9017922091799239,0.0,0.0,0.0,0.0,9.431810926751783,2.5,50.0,10
6201.233431718843,10.206022811579063,0.9018028067953654,0.0,0.0,0.0,0.0,10.743075787064964,2.5,50.0,10
6196.087192142062,10.209628402895014,0.9018012578748094,0.0,0.0,0.0,0.0,10.751296631897054,2.5,50.0,10
6200.077256818438,10.20683259756609,0.9017955091874698,0.0,0.0,0.0,0.0,9.405068832830068,2.5,50.0,10
6199.037483266399,10.207560984917288,0.9018023062240826,0.0,0.0,0.0,0.0,9.515549855840732,2.5,50.0,10
6198.995822648022,10.207590171766892,0.9017953811633661,0.0,0.0,0.0,0.0,10.800423748591289,2.5,50.0,10
6197.961097401655,10.208315148821702,0.9018110830687092,0.0,0.0,0.0,0.0,7.539032802148741,2.5,50.0,10
6195.724988306641,10.209882285256693,0.9018004471851503,0.0,0.0,0.0,0.0,9.045362669412933,2.5,50.0,10
6196.997532297866,10.208990376583046,0.901790288639136,0.0,0.0,0.0,0.0,9.612595023596208,2.5,50.0,10
6200.213222367382,10.206737359333184,0.901803365115005,0.0,0.0,0.0,0.0,11.119792611538903,2.5,50.0,10
6195.050837889711,10.210354862293741,0.9018001409835279,0.0,0.0,0.0,0.0,9.148905269466484,2.5,50.0,10
